:020000040000FA
:10000000600863000060003840314A0460FF6A0005
:10001000F0E04004C080048C000A0A0044C4CCF61E
:100020001F00C010406080048CFFFE00EA00C44442
:10003000646CF01FC014DE0040084A006080FF10AE
:10004000BE00AA00C444646CF01FFFFFFFFFFFFF67
:10005000FFFFFFFFFFFFFFFFFFFFFFFFFFFFFFFFB0
:10006000FFFFFFFFFFFFFFFFFFFFFFFFFFFFFFFFA0
:10007000FFFFFFFFFFFFFFFFFFFFFFFFFFFFFFFF90
:1000800063E8A310E314A310200321EC01048120F2
:100090000021000104A0E002EFECE438047C001829
:1000A000CA0136E314A31063181F63E8A310E31416
:1000B000A31000DC012000740098015801ACCA00B4
:1000C000EA006600F6E440E10601CE000EC0F0DE74
:1000D000FFCADE0002004AE314A31063181F63B8CE
:1000E000E3444328E31CA314632C23240320C318F4
:1000F0008310A340833060027B0024640003184017
:10010000C468A340846C8450A334A470E474CF000A
:10011000CE0404C2CF0001BC1A033C0CA33CA1A333
:100120003C833C8AF07D00EB00EFFF4F0404D6D403
:1001300000C108DB003400DC4106A104A0B400A12A
:1001400014A108DB1C06DB2C000C9C00801E6478CC
:100150000000C000EB00EFFF4F504E6A406200B459
:10016000033C0CA33CA1A33C833C60108BEC00D867
:10017000033C0C433C41433CE33CC010EEECA47810
:10018000000040006D006BFF8B908A0408414A9E7E
:100190000094C47CC0EF5E005AFFFAEEFE00033C00
:1001A0000CA33CA1A33C833C60108BEC447C00106E
:1001B000FAF00008C040DE5EEA001E00C040DEDE4D
:1001C0000008401E000ADA00A24143F6400ADA00A5
:1001D0005E4143F600E4C4B08452ACFFC040AE00C0
:1001E000DECA44526AFF407E001900042804242419
:1001F000C003CE50DAC2FEEE9EAF0098410D380C1F
:100200000043DC647C6024401CA003AD6040C05A05
:10021000CACD02410EB443E4C040DE42000110F0FA
:100220009E008CFFECF0C040DEC2F0000110F0F048
:100230007E00C4306BFF4BFE025050505E024AFFFE
:100240005E065E005E064AFFF4005E045E04E1CADC
:10025000C060EE5E0000B7B00ADB4000E600009729
:10026000900ADB6000D4008077700ADB8000C20057
:100270002057EAF01CD6008E00AC03A3030ADBA0D3
:10028000009C60604B5E00005A500ADBC400820094
:1002900000FAF00ADBE400700080DAD00ADB040028
:1002A0005E0020BA8D901C7600EB004F0C4C0C0ABF
:1002B000DB240038DC00C0DAB6006D008B010128B9
:1002C000C000FE401E5800E0004FD900CE04580088
:1002D00004D900B6006D008B020228C100C8401E80
:1002E0005804E0004FD900CE04580404D900B600E9
:1002F0006D008B040428C20092401E5808E0004F95
:10030000D900CE04580804D900B6006D008B080847
:1003100028C3005C401E580CE0004FD900CE0458A2
:100320000C04D900A00600DEC000AA402EB80000D0
:1003300000B0D8B800000079009E04906B02029EC5
:10034000047900C10074402CD85808000050FE0CFD
:1003500000005E08F0D900CE02FE0CD900BD006D91
:10036000006BFF8B0808545800000050D85800005C
:10037000009900BE0CFE04DE08F00000D0FE040070
:1003800000B08C02DE08BE0C9900026480010B00F4
:100390005D000010CA00CEFFEEF04AB8000000B0C9
:1003A000D8B8000000F9007E085E0C9E04900000A2
:1003B000709E040000507E08EF02025E0CF90040BF
:1003C000A6D600A1BA6D4E006A92DA011A4028FA48
:1003D000E2CFD80000CFAE00B099008C02AE000290
:1003E0009900DA017E40287A624B580040CBEA003F
:1003F000F0D900CE02EA0002D900DA01BE4028BAE4
:10040000A28D980080CD6C007059004A026C0002E9
:10041000590041435AE474BBCF00CD01CF001C000A
:1004200079008B02020640064102E3448310A314C4
:10043000C318E31C032023244328632C8330A340E8
:1004400063481F0063E0A318E31CA318C003140C47
:10045000E314E1E314C314A032CDEC9EC160108B11
:100460000640164458EA00EFFFE0C64102E31CA331
:100470001863201F63E0A318E31CA318C003140C27
:10048000E314E1E314C314A032CDEC9EC160108BE1
:10049000064016445CEA00EFFFE0C64102E31CA3FD
:1004A0001863201F63E0A318E31CA318E45800019D
:1004B00010010F000001C45C1001C00E00C1031444
:1004C0000CA314A1A314831460328BEC40E8CA2659
:1004D000E470CF00CEFFC012A4748D008CFF8006A4
:1004E00040387EC140024AA06A04ECE458CF00CEF6
:1004F000FFC096A45C8D008CFF80864102E31CA3A4
:100500001863201F63E8A310E314A310E490CF0046
:10051000CEFFC600A4944E8D006C904C4600E4982B
:10052000C4CF00CEFFC600A49C4E8D006C904C46FC
:1005300000E4A0CF00C4CEFFC600A4A44E8D006C82
:10054000904C4600E4A8C4CF00CEFFC600A4AC4E39
:100550008D006C904C4600E314A31063181F63E8F1
:10056000A310E314A310C3C6D4C0D0C2DEA000AD54
:10057000ECCDEE000F00FC00260050007A008490C5
:10058000000110FF6770E7F06C0000FFCF4494D0CB
:10059000CA0080A498000110FF879047508D00008A
:1005A000FFEA649CF0EB0056C4A0000110FFA7B066
:1005B0006770AE0000FF4B84A4504C002CE4A800F0
:1005C0000110FFC7D08790CF0000FF6CA4AC706D06
:1005D0000002E314A31063181F0063E8A310E314E0
:1005E000A310C3C654C050C2DEA000ADE4CDEE00DF
:1005F0000F00F400FE0008001200C040DE5220C0D0
:1006000040DE5A16C040DED20CC040DEDA025E0088
:1006100002E314A31063181F63E8A310E314A310EC
:10062000C3C654C050C2DEA000AD60CDEE000F00C6
:1006300070007A0084008E00C040DE1C20C040DEC6
:100640001E16C040DE9C0CC040DE9E0244408681E7
:100650006C6A80038C60EB00EFFFC6C2FE00E440D2
:1006600066614B4FAEAC8A004400CECB8CFFCC0011
:100670006E6A00EB00ED00E314A31063181F63E83B
:10068000A310E314A310C3C654C050C2DEA000AD33
:100690002CCDEE000F003C00460050005A00C04038
:1006A000DE1820C040DE1A16C040DE980CC040DEC6
:1006B0009A02444886816C6AEB00EFFFFE00E31467
:1006C000A31063181F0063E8A310E314A310C04035
:1006D000DE0200651E000001E45810A80F00FFCCE8
:1006E000C040DE0200741E000001C45810A90E00B4
:1006F000FFA8C040DE8200651E000001A45C10A8B7
:100700000D00FFE4C040DE8200741E000001845C26
:1007100010A90C00FFC0E314A31063181F0063D8D6
:10072000231043146318A320E324A3204458245C1B
:10073000C3C606003AC0060032C2DEA000AD88CDB6
:10074000EE000F009800DA001C005E0060407B02A3
:1007500000C51B0000019A0010AA0C00FFD000C6C3
:100760001B0000017A0010AB0B00FFB4C860407B97
:100770000200C71B0000015A0010AA0A00FF8E00E9
:10078000C81B000001FA0010AB0F00FF728660402A
:100790007B8200C51B000001D90010AA0E00FFAC2F
:1007A00000C61B000001B90010AB0D00FF904460B3
:1007B000407B8200C71B000001990010AA0C00FFBB
:1007C0006A00C81B000001790010AB0B00FF4E024D
:1007D000E324231043146318A32063281F0063D865
:1007E00063144310A320E324A32066FF6663DB4E5B
:1007F000604AC2DEA000ADF8CDEE000F0800080090
:100800001A001A0060407B0C40405A0E1460407B76
:100810008C40405A8E02C60076DB00DEFF9A006CE8
:1008200090CC5E02E32443106314A32063281F00CE
:1008300063E8A310E314A310C040DE0C2448FE00BC
:10084000C040E900DE0EDE00C902C040DE8C9E0022
:10085000C0408904DE8E5E00C040DE08690449069F
:100860002450DE00C040C900DE0ABE00C040A9021C
:10087000DE887E00C0406904DE8AFE004904E90685
:10088000E314A31063181F0063E8A310E314A3107C
:10089000E460CF00DE0202043ABE04040800762CB5
:1008A0008458000110020C00FF3864846B0101C001
:1008B00000648400BEE314A31063181F63E8A31050
:1008C000E314A310E460CF00DE0404043ABE020285
:1008D00008000E2C8458000110040C00FFD0648422
:1008E0006B0202C00064840056E314A31063181F57
:1008F00063E8A310E314A310E464CF00DE02020453
:100900003ABE04040800422C845C000110020C0072
:10091000FFC864846B0404C000648400EEE314A385
:100920001063181F63E8A310E314A310E464CF005E
:10093000DE0404043ABE02020800DA2C845C0001E2
:1009400010040C00FF6064846B0808C0006484001D
:1009500086E314A31063181F63E8A310E314A31025
:10096000E460CF00CEFFCE06D0D0C60632C22EDE67
:10097000C29E60006BF48BAC000D0A000A000A00F6
:100980000A000800364458000110060A00FF6EE411
:1009900084EF0303E48402C00000F2C00000EAE335
:1009A00014A31063181F63E8A310E314A310E464F6
:1009B000CF00CEFFCE06D0D0C60632C22EDEC29EFB
:1009C00060006B908BAC000DA600A600A600A600F0
:1009D000A40036445C000110060A00FF32E484EFF4
:1009E0000C0CE48402C0000056C000004EE314A3C7
:1009F0001063181F63E8A310E314A310E460CF0092
:100A0000DE02020444BE0404148458000110040CE5
:100A100000126458000110000B00FF544484FE4F84
:100A2000C000448400A0E314A31063181F0063E80F
:100A3000A310E314A310E460CF00DE04040444BE5A
:100A40000202148458000110020C001264580001C4
:100A500010000B00FFE04484FD4FC0004484002CD4
:100A6000E314A31063181F0063E8A310E314A3109A
:100A7000E464CF00DE02020444BE040414845C007B
:100A80000110040C0012645C000110000B00FFCC8C
:100A90004484FB4FC000448400B8E314A3106318DF
:100AA0001F0063E8A310E314A310E464CF00DE0486
:100AB000040444BE020214845C000110020C001203
:100AC000645C000110000B00FF584484F74FC00025
:100AD00044840044E314A31063181F0063E8A310C8
:100AE000E314A310E458000110000F00BCC484CD2F
:100AF000C484FFA4C00000FCC00000F4E314A310F1
:100B000063181F0063E8A310E314A310E45C000162
:100B100010000F00B3C484CDC484FFB4C00000AC87
:100B2000C00000A4E314A31063181F0063A82310DF
:100B3000C314E318031C232043246328832CA3300D
:100B4000C334E338033C234043446348C34CA350BD
:100B5000E354A350E450E192C20072C45800011063
:100B6000000E000001A45C1000C00D0040BEA26099
:100B7000036B508D4D8B4C0080038C40C020EA38B5
:100B8000EEACEA3840206D006AC16D00C3C0E46479
:100B9000EF02E4640484C47402AE00AD0404AE0049
:100BA000C08000E0C004009C84880C00C350BEE3F9
:100BB00054231043246328033C2340434463486385
:100BC000580063A82310C314E318031C23204324F4
:100BD0006328832CA330C334E338033C23404344CD
:100BE0006348C34CA350E354A350E450E192C200C5
:100BF00046C458000110000E000001A45C1000C0A3
:100C00000D0040BEA260036B508D4D8B4C008003E5
:100C10008C40C000EA38EEACEA3840006D006AC192
:100C20006D00C3C0E464EF02E4640484C47402AEE3
:100C300000AD0404AE00C08000B4C0040070847431
:100C40006C006B016C00448C010A00C350BEE3547D
:100C5000231043246328033C2340434463486358E0
:100C6000000063A82310C314E318031C23204324AB
:100C70006328832CA330C334E338033C234043442C
:100C80006348C34CA350E354A350E450E192C20024
:100C900006C458000110000E000001A45C1000C042
:100CA0000D0040BEA260036B508D4D8B4C00800345
:100CB0008C40C000EA38EEACEA3840006D006AC1F2
:100CC0006D00C3C0E464EF02E4640484C47402AE43
:100CD00000AD0404AE00C0800074C0040030847411
:100CE0006C006B016C004490010A00C350BEE354D9
:100CF000231043246328033C234043446348635840
:100D0000000063A82310C314E318031C232043240A
:100D10006328832CA330C334E338033C234043448B
:100D20006348C34CA350E354A350E450E192C20083
:100D3000C6C458000110000E000001A45C1000C0E1
:100D40000D0040BEA260036B508D4D8B4C008003A4
:100D50008C40C000EA38EEACEA3840006D006AC151
:100D60006D00C3C0E464EF02E4640484C47402AEA2
:100D700000AD0404AE00C0800034C00400F0C350D5
:100D8000BEE354231043246328033C2340434463BD
:100D90004863580063D0C002DE48E32CA328E31068
:100DA000A32863206407431C440623182405031466
:100DB0000404E460C464CF00C6FF4438EE00CA02F5
:100DC0006A026BFFFFFF6A00EA066A066BFF6A04AD
:100DD000E430F7008468646CEFFFCC00EB00FFFFA9
:100DE000C6FF460A0F44281010CA00CEFFC12AF7DA
:100DF00020BB00A10C0A001B000C9B00819B001073
:100E000068040408010A0049024AFF4120FA00E18F
:100E10000C09021A000CDA00C1DA0010A808080850
:100E200001090267046BFF9F0C0B101049044AFF75
:100E30004120F900E10C090419000CD900C1D900C6
:100E400010A804040801090489068CFF8120780099
:100E5000610C090618000C580041580010E80808F9
:100E600008010906C702C702DEFFD700E706C7066A
:100E7000DEFFC704C4B4A4708474CD00C6FFEC00C8
:100E8000DE02FFFF5E024AFFFE065E005E064AFFCC
:100E90005E04E040EF604F4442A040ADE0CDC4446A
:100EA00080408C467E04846060406BC66462404033
:100EB0004A064458E040EF86E45CA458ADFFCDC438
:100EC0005A645C6BFF8B845EE32CE31003142318DD
:100ED000431C6320A32863301F0063E8C454A3109D
:100EE000E314A310C346060032C006002A42CAA07B
:100EF00000ADF0CDEE000F00000040008000C0000B
:100F00009E008C01019E000001847810F06C006B43
:100F1000FFCBD0D0D05E044C0004E468050F00C2C3
:100F2000DE00CE0202DE000001447810F0AA00AD1F
:100F3000FFCDD0D0D09E088A00086468090B0082DB
:100F40005E004A04045E000001447C10F0EA00EFF9
:100F5000FFCFD0D0D0DE04CA0004A46C050D00423F
:100F60009E008C08089E000001847C10F06C006BD1
:100F7000FFCBD0D0D05E084C0008E46C090F000213
:100F8000E314A31063181F0063E8C454A310E31410
:100F9000A310C346E4C0E042CAA000AD44CDEE00B9
:100FA0000F0054008200B000DE009E007E8B9E0089
:100FB0000001647810F04B004AFFCAD0D0D0CB00BB
:100FC0008CFE00DDEEFE000001447810F0AA00ADBA
:100FD000FFCDD0D0D0CA005E9E007B8B9E0000016A
:100FE000647C10F04B004AFFCAD0D0D0CB0030FE5A
:100FF00000D7EEFE000001447C10F0AA00ADFFCD4A
:10100000D0D0D0CA0002E314A31063181F0063E815
:10101000C438A310E314A310C3468EC08A42CAA0EA
:1010200000AD50CDEE000F00600078009000A800E9
:10103000002A7E006BFF8B908204484C0034FE0235
:10104000EFFF4F5044043034002ABE04ADFFCDD032
:10105000C204181C00347E066BFF8B908406410886
:10106000024002E314A31063181F63E8C002DE48C5
:10107000E314A310A310240B440A64098438040861
:10108000C3A60600FCC00600F4A2CDA000AD28CD8A
:10109000EE000F0038006A009C00CE006C006BFF71
:1010A0008B02020A090041B84900414900E900E504
:1010B000049609009AAC02ADFFCD04040A0A00416F
:1010C000868A00818A006A006504640A0068EC046C
:1010D000EFFF4F02020A0B004154CB00C1CB00AB23
:1010E00000A504320B00366C066BFF8B04040A0863
:1010F0000041224800414800E800E506410C080094
:10110000024002E314A31063181F63E8C438A3105D
:10111000E314A310C34682C07E42CAA000AD48CDEE
:10112000EE000F0058006C00820096007E006BFFFE
:101130008B08080440440010FE02EFFF4F50042AC1
:101140002EBE04ADFFCD080804161A00107E066BF3
:10115000FF8B90064008024102E314A31063181F9E
:1011600063E8A310E314A310C040DE62E0BCDE001D
:10117000DEFFCF064010C0ACCE04F44102E314A35E
:101180001063181F63E8C438A310E314A310C34608
:1011900086C08242CAA000AD3CCDEE000F004C00DC
:1011A000620078008E0000207E006BFF8B9004426E
:1011B000460040FE02EFFF4F50042C300020BE04DA
:1011C000ADFFCDD004161A00407E066BFF8B900653
:1011D0004008024102E314A31063181F63E8C438F7
:1011E000A310E314A310C34686C08242CAA000AD78
:1011F000ECCDEE000F00FC00120028003E000000C5
:101200007E006BFF8B900442460000FE02EFFF4F12
:1012100050042C300000BE04ADFFCDD004161A00DF
:10122000007E066BFF8B90064008024102E314A388
:101230001063181F63E8C438A310E314A310C34657
:1012400086C08242CAA000AD9CCDEE000F00AC006B
:10125000C200D800EE0000007E006BFF8B900442BD
:10126000460000FE02EFFF4F50042C300000BE0489
:10127000ADFFCDD004161A00007E066BFF8B9006E2
:101280004008024102E314A31063181F63E8C00280
:10129000DE48E314A310A31044842438040FE40EA2
:1012A000C40DC484EE01011E89008CFFAC02020E45
:1012B0006800616800060800E4844F02021EA9026B
:1012C000ADFFCD04040E870081870006070044842B
:1012D0006A04041EC904CEFFEE02020EA600A1A6F7
:1012E0000006060064848B08081EE906EFFF4F0421
:1012F000040EC40CC1C40C06040CA800A5041E876F
:1013000000850414660065040A440C450640064145
:1013100002E314A31063181F63E8A310E314A310DF
:10132000C003DE60E480DEA8CF00A4849E688D0048
:1013300064885E284B00E48CDEE8CF00E314A31041
:1013400063181F0063E8A310E314A310447800019E
:1013500010FCEA00EFFFCFD0000110DFD0D0DED0CC
:10136000C0CA0004C1C5FC0284608CFFAC0101F25C
:1013700000F864606BFF2B303030C004C1C5FC0244
:10138000E462EFFF4F0101F200F8C462CEFF0E10DD
:101390001010A908C00804C1001089900C02DE02D8
:1013A000D0D0004069700C04DE04D0D000804950D9
:1013B0000C08DE08D0D00020E9F00C0000D0D0D01E
:1013C0000000C9D00C0000D0D0D0A808080C001034
:1013D000D0D0D0001088900C0020D0D0D000406831
:1013E000700C0040D0D0D0008048500C0080D0D08D
:1013F000D00020E8F00C0000D0D0D00000C8D00C05
:101400000000D0D0D05E02E314A31063181F63E87D
:10141000C430A310E314A310C3460600D0C0CA42D0
:10142000CAA000AD54CDEE000F0064008C00B400E3
:10143000DC0000807E006BFF8B90160010E442EF12
:10144000FF4F5004787C0080BE02ADFFCDD0160067
:101450000064426BFF8B900450540080FE04EFFF49
:101460004F50160010A444ADFFCDD004282C0080AE
:101470007E066BFF8B90180000E444EFFF4F500690
:101480004008024102E314A31063181F63E8C0027E
:10149000DE48E314A310A3102416441464120410AD
:1014A000C386060016C006000E82CCA000AD68CD33
:1014B000EE000F007800B000EA002200645A6BFFD3
:1014C0008B04042449006A707041E0646F49000A8B
:1014D000090040BA060900AE0000A45AADFFCDD005
:1014E000248A00ACB0B0816064AB8A000A0A004074
:1014F00080060A0074E45EEFFF4F040424CB004E24
:101500005050C1A0644DCB000A0B004048060B00B0
:101510003C0000645E6BFF8B902448006A70704151
:10152000E0646F48000A0800400E0608000241020D
:10153000E314A31063181F0063E8C002DE48E3143D
:10154000A310A310241E441C641A0418C3860600AA
:1015500016C006000E82CCA000ADC0CDEE000F007C
:10156000D000080042007A00645A6BFF8B0202240C
:1015700049006A707041E0506F49000A090040BAA2
:10158000060900AE0000A45AADFFCDD0248A00ACFD
:10159000B0B0816050AB8A000A0A004080060A00A1
:1015A00074E45EEFFF4F020224CB004E5050C1A006
:1015B000504DCB000A0B004048060B003C00006475
:1015C0005E6BFF8B902448006A707041E0506F485A
:1015D000000A0800400E060800024102E314A310AE
:1015E00063181F0063E8C002DE48E314A310A310D1
:1015F0002426442464220420C386060016C0060064
:101600000E82CCA000AD18CDEE000F0028006000C7
:101610009A00D200645A6BFF8B01012449006A7062
:101620007041E0506F49000A090040BA060900AE57
:101630000000A45AADFFCDD0248A00ACB0B08160C8
:1016400050AB8A000A0A004080060A0074E45EEF8C
:10165000FF4F010124CB004E5050C1A0504DCB0094
:101660000A0B004048060B003C0000645E6BFF8BD9
:10167000902448006A707041E0506F48000A0800EA
:10168000400E060800024102E314A31063181F0075
:1016900063E8A310E314A310C1C652C04EC2DEA07B
:1016A00000AD50CDEE000F005800700000006460E7
:1016B0006BFF8B9006401E180000E462EFFF4F5056
:1016C00004E8024102E314A31063181F63E8A310A7
:1016D000E314A310C1C652C04EC2DEA000ADC8CDF7
:1016E000EE000F00D000E800008064306BFF8B90AC
:1016F00006401E180080E434EFFF4F5004E802411A
:1017000002E314A31063181F63E8A310E314A310EB
:10171000C1C652C04EC2DEA000AD40CDEE000F00EB
:1017200048006000000064306BFF8B9006401E187C
:101730000000E434EFFF4F5004E8024102E314A339
:101740001063181F63E8A310E314A310C1C64EC0B2
:101750004AC2DEA000ADB8CDEE000F00C000D6003A
:1017600064B46BFF8B020206401C16E4B8EFFF4F17
:10177000020204EA024102E314A31063181F63E8A3
:10178000A310E314A310C1C64EC04AC2DEA000AD30
:101790002CCDEE000F0034004A0064B46BFF8B01C7
:1017A0000106401C16E4B8EFFF4F010104EA0241B4
:1017B00002E314A31063181F63E8A310E314A3103B
:1017C0004478000110F0EA00EFFFCFD0D0D0DE0C5B
:1017D0000CCA00E314A31063181F63E8A310E314FA
:1017E000A3104478000110F0EA00EFFFCFD0D0D072
:1017F000CA000001447C10F0CA00CEFFCED0D0D089
:10180000CA00E314A31063181F0063E8A310E314D5
:10181000A3104478000110FCEA00EFFFCFD0D0D035
:10182000DE0C0CCA000001447C10FCAA00ADFFCD08
:10183000D0D0D09E0C0C8A00E314A31063181F00B4
:1018400063E8A310E314A310C3C60600E0C0DAC225
:10185000DEA000ADB4CDEE000F00C400F0001C000F
:101860004800C000005C8458000110820C00FFACEE
:10187000400484C00000FE88C000003064580001AD
:1018800010840B00FF80400458C00000D25C445C10
:1018900000011082C0000A0000F4FFB440042CC014
:1018A0000000A630E45C00011084C0000F0000C8F6
:1018B000FF8840064010C0000078024102E314A3F4
:1018C0001063181F63E06310A318E31CA31866FFDE
:1018D0001E80038C602A40C05BEAAFACC96D00CBB0
:1018E00000ACC0645E0640064102E31C6310A3180E
:1018F00063201F0063C820A314C318E31C03202324
:10190000244328632CE3348310A330A33060027B8C
:1019100048C4E044E424E804ECE4F0C4F4A4F8840B
:10192000FC010494E452C4BCCF00CE00C498A4C00F
:10193000BE00E0A49C045004849C40C0476AE003BD
:10194000EF604FEAB080038C7860C467CB0E0C0266
:101950000AB20AB40AB80A000A040A080A0C2A1CC5
:101960002A202A242A2C2A282A302A342A382A10E3
:101970002A142A182A3C2A402AA40AA80AA00ABC27
:101980002A58089C08A0E1E36424A4E003E760C7A8
:10199000046CDE5064C47E4C44C8DE985E549E9055
:1019A000BE94E4CCFE5CC4D0DE60A4D4BE6484D813
:1019B0009E6864DC3E787E6C3E703E7444E05E3827
:1019C000E4E4FE3CC4E8DE40A4ECBE4484F09E485F
:1019D00064F47EE844F83EF05EECE4FC3EF8FEF48D
:1019E000C400DEFCA404BE0084089E04640C7E2CAB
:1019F00044105E30E4143E08FE343E0CC418DE1081
:101A0000A41C3E18BE143E1C84209E2064247E2408
:101A100044283E885E28DE9C3E703E743E78E0039B
:101A2000FF78007AE42C1000FEAC3F2CFF801F8C66
:101A30003F841FA400861000C7C05F881FA8DE5027
:101A4000C4C4DE4CA4C8BE94BE54DE989E901FC48D
:101A500084309E5C64347E6044385E64E4C0FE681A
:101A6000C4C0DE6C3E783E743E70A43CBE488440E8
:101A70009E3864447E3C44485E40E44CFE44C4507E
:101A8000DEF4A454BEF884589EF0645C7EE84460A2
:101A90005EECE464FEFCC404DE00A468BE04846C56
:101AA0009E2C646C7E30446C5E34E470FE08C4741A
:101AB000DE0CA478BE10847C9E1464807E1844845E
:101AC0005E1CE488FE20C48CDE24A4903E88BE28E0
:101AD000DE9C3E703E743E78007A849410009EAC8A
:101AE000282CE880088C288408A400861000C78071
:101AF000488808A8DE5064C47E4C44C8DE985E5412
:101B00009E90BE94E498FE5CC49CDE60A4A0BE647B
:101B100084A49E6864A87E6C44AC3E745E703E787B
:101B2000E4E0FE38C4E4DE3CA4E8BE4084EC9E441D
:101B300064F07E4844B05EE8E4B43EF0FEECC4FCE1
:101B40003EF8DEF4A4B8BEFC84BC9E0064087E04AB
:101B5000440C5E2CE410FE30C4143E08DE343E0C0F
:101B6000A418BE10841C3E189E143E1C64207E20C7
:101B700044245E24E4283E88FE28DE9C3E703E74A9
:101B80003E78007AC4C01F881000DEAC282CE880A4
:101B9000088C2884C74008A400861000488808A83C
:101BA000DE50A4C4BE4C84C8DE989E549E90BE9461
:101BB00064C47E5C44C85E60E4CCFE64C4D0DE686D
:101BC000A4D4BE6C84AC3E789E703E7464E07E38D3
:101BD00044E45E3CE4E8FE40C4ECDE44A4F0BE48CD
:101BE00084B09EE864B43EF07EEC44FC3EF85EF4C3
:101BF000E4B8FEFCC4BCDE00A408BE04840C9E2C29
:101C000064107E3044143E085E343E0CE418FE102E
:101C1000C41C3E18DE143E1CA420BE2084249E2436
:101C200064283E887E28DE9C3E703E743E78007AB2
:101C300044C01F4C1000C15EAC282CE880088C28E2
:101C40008408A400861000488808A8007EC000DC34
:101C5000C100D6C000D8C100D2C00014C1000EC25D
:101C60000008C30002E08E200329604C478700640F
:101C7000986C00AAA949046D006C67AB6CAA4C472C
:101C8000676949EB0064D8CA00EE008F8B004908F1
:101C90006C678D00ABAA4C47EA4C47498904ECCAF3
:101CA0000044DC8F00CC006E6A00E16D00E010EFB4
:101CB0006EE3348310A314C318E31C0320232443CE
:101CC00028632CA33063381F63B083108330A314C0
:101CD000C3180320632CE31C23244328A348E34CAC
:101CE000A348E660027B4800C498A804A880029C30
:101CF000148464A34060C440C0A003AD6057EA4FA1
:101D00004D40C457FA008A40034A78FA042C2AC787
:101D1000CF8018CCFA003A60E8CB32F7E1FCCF0074
:101D2000CEFFC018BE00BA30849C8D009A100A5AAB
:101D3000005A08A484C4A0EEED81974C4F0EFA001F
:101D40001AB2FA08DAB6BAB4CD061AB29AB49AB68A
:101D5000648477EB01060054B400CD0303109F0C9C
:101D60001F1AB21AB4DAB46066CB06009E4064CA89
:101D7000285E9C42CAA000ADFCCDEE000F005000D2
:101D800050005000CC5ADF0600185E014260006B24
:101D90002C4B8A000C00E000500050005000500016
:101DA000280028002800280028002800E0000E0055
:101DB0000A00404CCA0600BC4015CA0600B05EEBE3
:101DC0004260006B944B4A000A006200C400F600B7
:101DD000C40028002800280028002800280010003F
:101DE0006E00A0006E0028002800280028002800AF
:101DF0002800AE000C003E000C002800280028003F
:101E00002800280028008400DE0010006200B600D0
:101E1000DE0028002800280028002A008000B200E8
:101E20000000540080002800280028002800CC0072
:101E300022005400A200F600220040C9CA2E40C869
:101E4000CA0600A45E384260006BA04B4A000A003C
:101E500050005000402DCA060078402CCA06006C85
:101E6000DED4C240004AD8CADE001E00FE00D80000
:101E70007AB26010D900A65A105A14F9DA00B6FAEC
:101E8000001A18FA080028DAB2C0061ABABABAA1BB
:101E9000DE200329606908E8004C47CACBB9C08E30
:101EA000008D00EC49046C99AC67ABAA59BC6D007D
:101EB0006A00EB004C476A69AC0059B4CB00CA0019
:101EC0006E6D004F4B00EA00FA08A9044C68004B05
:101ED000EAEDB9C0CF00CD0048006C6A4EABA979DD
:101EE000BC8D008B004C00F9B4EA00FA144C880059
:101EF000B9BC4C49F9C0CA00CF00AE00BA180A1AE2
:101F0000141A18002C9AB2800E7A081ABA79B05AAC
:101F1000BA4132A400C800EE00AF00B9B0D9ACBEDF
:101F20006D004B5500EA00DECFDA081A141A1800CB
:101F3000D4BAB2A010D900EC9A109A14F9DA004C75
:101F40007A00C4641ABC1A187A085741EAEE0340B2
:101F50008F008CFFACB0147A0079985AB4415AB40F
:101F60000072F9DA00E8FA00DA14D800FA081A1850
:101F7000081ABC0CBABCA1BABC0040F9DA00420392
:101F8000409A00C4641A189A081ABC5741EAEE70C5
:101F90008F008CFFACAB0E7AB4617AB44859A04084
:101FA00040DA00D998CE0020D9A05E2AD7C200031B
:101FB0001040D060009E008B9E0054004A015400E7
:101FC00000B2FAB2E010D900CADA10DA14F9DA0075
:101FD0009EBA0044641ABC1A18BA0897816C6A0346
:101FE00040CB00CEFFEEF00CBAB4A1BAB40058F961
:101FF000DA00CE9A007A1478009A081A18081ABCE7
:102000000C5ABC415ABC0026F9DA00B40340FA006D
:1020100064641A18FA081ABCB7A18D8BD0EC00EFD3
:10202000FF4F4E18DA00D994FF20BAB4A1BAB40019
:10203000D4F9DA00629A007ABC609A081A1810FF84
:10204000365ABC415ABCDA00D994CE00D6D99C5E2F
:1020500012D7FF10BAB4A1BAB40080F9DA000E9A10
:1020600000571ABC1A189A08415CEA00EFFFE12EEB
:10207000D7FF2E80038C50D7C2AEAC6D00010B375A
:102080005AB441CE5AB40026FAB2E010D9003EDA72
:1020900010DA14F9DA009EBA0044541ABC1A18BABD
:1020A0000897816C6ACB00CEFFEEF514BA00B998A0
:1020B0009AB4819AB400C8F9DA003E7A005A1458EA
:1020C000007A081A18081ABC0CFABCE1FABC00968F
:1020D000F9DA0098DA0044541A18DA081ABC978121
:1020E0006C6AB5CB00CEFFEEED0EBAB4A1BAB4481F
:1020F00099A08040DA005998CA007AD9A05E2AD700
:10210000C200031040D0A000DE00CDDE0094008CA1
:10211000019400000C7AB26010D900245A105A14AD
:10212000F9DA00F8FA0084541ABC1A18FA08D7C170
:10213000AEAC4D004AFF6A750CFAB4E1FAB400B6D1
:10214000F9DA002CDA00BA14B800DA081A18081AFA
:10215000BC0C9ABC819ABC0084F9DA00127A00A403
:10216000541A187A081ABCF7E1CFCD556E006BFFF0
:102170008B8A185A005994FF82FAB4E1FAB40036F7
:10218000F9DA00C4DA00BABCA0DA081A1810FF980D
:102190009ABC819ABCDA005994CA0038D99C5E1264
:1021A000D7FF72FAB4E1FAB400E2F9DA0070DA00AB
:1021B000971ABC1A18DA08819C6C006BFF612ED745
:1021C000FF90C003CE505742EAEEAF00010D379AA0
:1021D000B481CA9AB400887AB26010D900A05A10AB
:1021E0005A14F9DA0000FA00845C1ABC1A18FA08CA
:1021F000D7C1AEAC4D004AFF6A7514FA00F998DAFF
:10220000B4C1DAB4002AF9DA00A0BA009A1498002E
:10221000BA081A18081ABC0C7ABC617ABC00F8F922
:10222000DA00FA5A00845C1A185A081ABCD7C1AEF0
:10223000ACF54D004AFF6A6F0EFAB4E1FAB44CD91E
:10224000A0C044DA009998CC00DCD9A05E2E776259
:10225000CB00031040D0E0005E004F5E00D400CE03
:102260000101D400006ABAB2A010D900829A109A73
:1022700014F9DA00567A00C45C1ABC1A187A0857A6
:1022800041EAEE8F008CFFACB50C7AB4617AB400F1
:1022900014F9DA008A5A00FA14F8005A081A1808D1
:1022A0001ABC0CDABCC1DABC00E2F9DA0070BA0080
:1022B000E45C1A18BA081ABC77614B4F95AA00ADB6
:1022C000FFCDCC189A009994FFE07AB4617AB400FB
:1022D00094F9DA00225A00FABCE05A081A1810FFE2
:1022E000F6DABCC1DABCDA009994CC0096D99C5ECF
:1022F00012D7FFD07AB4617AB40040F9DA00CE5A2E
:1023000000D71ABC1A185A08C1DCAE00ADFFA12EC6
:10231000D7FFEE40034A5097826C6AEB00010F37FB
:10232000DAB4C1CCDAB400E6BAB2A00E9A001AB898
:102330009A087AB861605AA041CA5AA0EE00B91C46
:10234000B600AF00AD0028F9D500265A08F9D5002F
:10235000D65A14F9D500DE5A181699981A181A1474
:102360001AB89A080E1AA01A141A185C5AB2400A1F
:10237000FA10FA14F9DA00DCDA001A18DA0836BAB8
:10238000B2A00A9A009A08646C610A5A005A081AA4
:10239000181A140C1A181A1402A494A10600C0DA10
:1023A000B480C9CC06009A60C8CB245E3842EAC02B
:1023B00000CE70EE4F000A002000A000CC5ADF06CD
:1023C00000745E014260006B9C4BAA000D0020006F
:1023D0004E00EC004A00F400F400F400F400F400B5
:1023E000F400F4002000A000A000404CCA06001831
:1023F0004015CA06000C5EEB4260006B044B4A00BD
:102400000A002000200020002000F400F400F40066
:10241000F400F400F4002000200020002000F4006C
:10242000F400F400F400F400F40020002000200088
:102430002000F400F400F400F400F400F4002000A4
:1024400020002000200020002000F400F400F40010
:10245000F400200020002000200020002000F400D4
:10246000F400F400F40020002000200020002000F0
:102470002000402ECA060008402CCA0600FCDED40C
:10248000C240004A14CADE001E0076002000EA00A6
:102490009AB280329A4C76005A286A00ABAC007A25
:1024A00034DAA4FA50CF007E6D007A2C5A10DA1478
:1024B000CA00FA4CDA289A2CD600DE004E4F00DA19
:1024C000348E00CCCA009A2C9A508E009AA4005EDA
:1024D0007AB2602ADA30BA4CCD005A50DAA4CA0077
:1024E0009E8E001A3C9A2C789A30A000AC7A084B49
:1024F000BA345A54FA006FCB007A3CCEDA1CCDCAFB
:1025000000DE007A40ABDA3CAE005A50FA2CDA34E6
:1025100064046D00BA4CCD00EB008F8E004C00FAC5
:102520002C5AA400B4FAB2E0305A94DA10BA90CD22
:10253000009AA46C8E00CCCA005EE000EAFA2C6A15
:10254000BA98DA009A08CC6E00CBCD00DA10FE8F74
:102550008E005A14CA005A2C4C009A10DA94A0002B
:102560007A1C5A2C6FEAEE007A908B00AF4D4C002B
:10257000DA285AA40012FAB2E0061A2CDA009A08F5
:10258000CC6E00DA2C5A14DA10FECA00DE008E7A05
:102590001CDA2C5E7A94DA90EE008B0040004CAA94
:1025A000AF00DA28BAA4AE9A14DA107ECC005EFA34
:1025B000904F00C000CADA28DAA486A46CA12ABA17
:1025C000740414B000008A4A00D5CA005A78CA00C0
:1025D000DAA00A9A789AA07AA05AAC6A00065AA0A1
:1025E000DAA09AACA000ACCD000E4C60006A7AA0D4
:1025F000FAA0FAA412D990DAA4081AA402A494A208
:102600000600BADAB48066CC06009E6064CB285E11
:102610009C42EAC000CE38EE4F000A00E400EC0015
:102620008000CC5ADF06006A5E014260006B684B96
:10263000AA000D00EC00BE005A00BC00B600B600B7
:10264000B600B600B600B600B600EC008000800010
:10265000404CCA06000E4015CA0600025EEB4260FE
:10266000006BD04B4A000A00EC00EC00EC00EC00E0
:10267000B600B600B600B600B600B600EC00EC003E
:10268000EC00EC00B600B600B600B600B600B6002E
:10269000EC00EC00EC00EC00B600B600B600B600B2
:1026A000B600B600EC00EC00EC00EC00EC00EC0036
:1026B000B600B600B600B600EC00EC00EC00EC0092
:1026C000EC00EC00B600B600B600B600EC00EC0082
:1026D000EC00EC00EC00EC00402ECA0600FE402CA2
:1026E000CA0600F2DED4C240004AE0CADE001E0084
:1026F0003800EC00AC009AB280C67AB0600A5AB0DA
:10270000417ADA00EE00DA74BA00CFCD00BEEDEE09
:10271000004DA000DAB09A04C410CC009AB07A70D0
:10272000CB007E5E007A788B005AD840004CAFFA1E
:10273000B0DA88EE00BADCA000AF5AE0BAE49A1032
:10274000DA14CC00DA287A4C56005E008A8B005AE4
:1027500034DA50DAA4CE005E4C005A2CFAB0E00E07
:10276000DAB0C10600427A009A00AC00CDCB00F787
:10277000E1DAB0FCCF00CEFFC164BA04C410CD00D2
:10278000BAB09A70CC009A78AC007AB07E005AB099
:10279000FA744F007AD860006DC000CA5AB0FA8847
:1027A0004F00DADCC000CA7AE0DAE4DADC7AE05A18
:1027B000486A00BADC9A44AC00EDEB008FDAB0FA5C
:1027C000D8BA4CCD008E00CF76006C00EB00AEDAAC
:1027D000E09A50AC00FAC8EDBA58CD00B6009AB0F5
:1027E0007A547E00EB007A5C8B004E4C00CFCA001E
:1027F0005AD8FA604F007EDAE0AE00DA648A6D00E3
:102800005A7CFAB0DE007ACC8E007AE46A005AA4D0
:10281000DA68EE00ABAF00FA6C4F00DAFCCA005E7B
:102820006C96006D00ABAE008D00BAB04C009A847F
:10283000AC009AB0DA80FEEE00DAE46F5AD06D0098
:1028400056004B00CA005AD87A708B004C00DAD47C
:102850005AB8BA745AB0DAB0FA784F009ADCCD00A0
:102860008E00DECA009ABCDAB49AB07A885AE48B39
:10287000004C007AD49AD0BACCDAC87AE4DAD85AC2
:10288000C0BADC9AE05A10DA14CA009A2CDA28FA94
:102890004CD600DE008E00DA344E9A2CCC9A504F83
:1028A00000CA008E005AAC8A009AA4065AA4DAA480
:1028B0009AACA000ACCD000E4C60006A7AA4004037
:1028C000FAB0E00EDAB0C106000C7A009A00AC0053
:1028D000CDCB005AB240DAB064FA04C410CF00FA8B
:1028E000B0DA70CE00DA78EE00BAB0BE009AB07AF4
:1028F000748B00BAD8A000AF40004C9AB07A888B95
:10290000005ADC40004CBAE05AE4DADCBAE09A48FB
:10291000AC00FADCDA44EE006F6D00CB5AB07AD826
:10292000FA4C4F00CA004BB600AE006D00EA5AE008
:10293000DA50EE007AC86FFA584F00F600DAB0BAF3
:1029400054BE006D00BA5CCD008A8E004B4C009ADC
:10295000D87A608B00BEDAE0EA005A64CCAF009A05
:102960007C7AB05E00BACCCA00BAE4AC009AA45A31
:10297000686A00EDEB007A6C8B005AFC4C009EAE4E
:10298000D600AF00EDEA00CF00FAB08E00DA84EE98
:1029900000DAB05A807E6A005AE4AB9AD0AF009653
:1029A000008D004C009AD8BA70CD008E005AD49A8F
:1029B000B8FA749AB05AB07A788B00DADC4F00CA51
:1029C000005E4C00DABC5AB49AE4BA88DAB0FACCA9
:1029D000CD008E00FADC9AC09A085AC8DA14BAD42C
:1029E000DAD03AB41A046C5AD87E5A008ABAE4DAB9
:1029F000E0EC009A005A94DA98CF00AE8900DAB879
:102A00006C004B00AA005AB048009A9C9E00CAEC89
:102A10009ABCCE00CDA9A8007A8C7E00CDCC00EB6C
:102A2000007A907E008BCF00FAFCDAC0CF009E00C7
:102A30006E6C00FAAC6F007AA406FAA4BAA47AAC61
:102A400080008BAC000EEB40004F5AA40020DAB29D
:102A5000C022BAA47A081A347A0C1A1C1A20BAAC0A
:102A6000BAA0FA1C5A20DA08AEFA20EDBA0CED9A98
:102A700000CC8F005A246E00DA80FA205A34EE001F
:102A80005A389A347A1C9A245A7C6A00AB5A347A9F
:102A9000848B007A38AF00FA884F00CCCA005A8C79
:102AA0006A008D8E00ECEB00DAA0CF009AACCC006F
:102AB000DAA0069AA05AA0DAACE000EE4F000E8E23
:102AC000A000ACBAA0FAA0DAA4EE007AAC5AA86AC8
:102AD00000ABAF007A08BAACBAA47A0C00045AB2C0
:102AE000402E7A94FA10DA90EE00BAA4AF00CDCB63
:102AF000007E40004B5A2C687A14DA105ECB007AC4
:102B00002CFA00BA08EDDA28AA8F00ECDA98EE0069
:102B1000AF006D00BA10C0007A2C9A1C4B9A90AC92
:102B200000FA944F00CA6E6D007AA400665AB24053
:102B3000061A2CFA00BA08ED8F00FA2C7A14DA1073
:102B40005ECB00FE00AF9A1CFA2C7E9A50FA4C4FD6
:102B500000AC0060006DCBCA00DA28DAA40002BA2B
:102B600014DA10CD007E5A4C6A00E000EBDA28FA45
:102B7000A4DADA10DA14CE009A749E005A784C0067
:102B8000BAAC8D005AA49AA006BAA07AA0FAAC40BA
:102B9000004F6A000EAFC000CDDAA086846C812A97
:102BA000DA740414D00000C84A00D6CA005A78CAA1
:102BB00000DAA00A7A787AA05AA0FAAC4F0006FA96
:102BC000A0BAA07AAC80008BAC000EEB40004F5A4C
:102BD000A0DAA0DAA412B990BAA4081AA4028494C4
:102BE000830600C8DAB4CC5ADF0600B25E016A423E
:102BF000E000EFF04F6A000B7000EC008800E80086
:102C000070008600860086008600860086007000C0
:102C10008600E800C04CCE060004A015CDFA5EEB9D
:102C20004260006B544B8A000C0070007000700012
:102C30007000860086008600860086008600700090
:102C40007000700070008600860086008600860096
:102C5000860070007000700070008600860086009C
:102C600086008600860070007000700070007000A2
:102C7000700086008600860086007000700070007C
:102C8000700070007000860086008600860070006C
:102C900070007000700070007000402ECA06004A7C
:102CA000402CCA06003EDED4C240004A64CADE00A0
:102CB0001E00120070007C007AB2602C9A945A10A8
:102CC000FA904F00DAA4CA00CECC009E60006C7A65
:102CD0002CDA2C5A14DA10FECA00DE008E7A948B9D
:102CE00000DA2C5EDA90EE0040004CAAAF00DA2841
:102CF000BAA400A89AB2802EBA947A105A906A00A8
:102D0000FAA4EB00CFCD00BE80008D9A2C6A7A0029
:102D10004BFA085A986FCB006E6A00DA109EECBA34
:102D200014CD00BA2CEB00AF00FA104000BA2CDA38
:102D30001C8DDA90EE007A948B004CAAAF00DA2852
:102D4000BAA400089AB280061A2C7A004BFA086FCF
:102D5000CB007A2CBA14DA109ECD007E00EBDA1C80
:102D60007A2C5E7A908B00DA94EE00A000AF4D4C86
:102D700000DA285AA4A2FA14DA10CF00BE9A90AC56
:102D80000060006DDA287AA47C446C412000FA4A85
:102D900000C414CA005A78CA00DAA00AFA78FAA065
:102DA000DAA0BAACCD0006BAA07AA0FAAC40004FC7
:102DB0006A000EAFC000CDDAA09AA09AA412799052
:102DC0007AA4081AA4024408FAA44F001EA40CED29
:102DD00000146F8B004C50505AA84AE418E1C014FC
:102DE000EEE41838B7A28D1AA800031040904002F4
:102DF000CD6C006A02F400EF026C00F400041816B7
:102E0000DA001AA01AA41AA8DA08BAB2A008011A9D
:102E1000B297826C00031040704B0040CC06400615
:102E20004102E34C8310A314C318E31C03202324A2
:102E30004328632C8330A34863501F0063A8E354E6
:102E40008310A314C318E31C032023244328632CFA
:102E50008330A350A350E0C1460600CCA003AD6070
:102E600060C06AEBCFCDBEEC5EF4DEE83E2CE943F9
:102E7000440F5EF0DEF84F43405EFC4F00433C4A97
:102E8000DE046420841C6F000B002C00E3446344C8
:102E90002A2A0043405B006A49004E4700EAC740C7
:102EA00000434056008A4600AAEA4D46000A58D818
:102EB0000043384000B9BB0044244600EA4E4900B4
:102EC0002A4D57002A59F74348585B00F900434CF4
:102ED000C000CFAEDBC900BB0098870087890060C7
:102EE000006C4B5C008A8D006C68004B5F000A88A8
:102EF00087006C7F00475700EA524B000348F900F7
:102F0000AFAE00EDEA00CFDA006E7F001E143E1077
:102F10007E0C1E083E30A41CE984208F000F0C009C
:102F20004F4F004A2A2A0054E3445F00EA2D004331
:102F3000404600EAF6004F5600EA954900433C46F9
:102F400000CAC9C7002AAEB8004DA7B7004900069D
:102F50000700988A00686C009A8D00A612B8EB2AC8
:102F60005C5700EA00CFDB004E46000AA800BB0019
:102F700075690040004BEAF200CCCF008E8D006CEA
:102F80007F004B4600EABFB400DBD7008E8D0055B2
:102F90004800F9EA006F6C004B5F0046008A400071
:102FA0004C6776005E1840004796005E1C4B490057
:102FB0006C9E3468005E207E246C004B005E28D03E
:102FC000A003AD6060C06AEBCFCD5EFC3E2CDEE8B6
:102FD000BEECE94D4600433CEA84282C00442C6AB0
:102FE00046008A400049272A000F0F003E10E83EA5
:102FF00030EC0040004FFE084348FE0C5E14E9C46C
:10300000282E00FE180F0F00433C46008AA9A70097
:103010006D6A004B6C888B005E20FE1C9E246C9EAB
:10302000346C004B005E28E3548310A314C318E3F0
:103030001C032023244328632C8330A35063581F90
:1030400063B0A348A314C318E31C0320232443281C
:10305000632C83308310E34CA348C438A003AD60D5
:1030600040C046EACFCD5EECBE18433C5E249E1CB9
:103070004344669E20FE081EE87EF4FEF81EF0FE25
:10308000045E00DE0C3E105E28FE14614340060024
:1030900066DE44878900400046726C00FE48587E18
:1030A0004C5B006A40004B8FE0005E509B004CEA96
:1030B000AB6A464900FE546600EBEA00A700989709
:1030C000002CCCDB008E8D00CCCF0043385948005B
:1030D000DE5CCAEEE7009997006C68005E60A94369
:1030E0003C4800AA00DE58CA40004BCACF00FFE8A7
:1030F00000868900BE64A9A9006D6C004E4B00607B
:1031000000CACF00695E74B6A800DE68800087BE82
:103110006C9E707E7812DFC900A0004430AEFE8045
:1031200080009FBE849E88BE8C48009E907C5E7C02
:103130007A00E34043445A00FA005E987E94FE9C75
:1031400000621E44C7C900400046B2AE00FE48807F
:1031500000BE4C585B00AA8D60004F9E505B008AF9
:103160006CEDAC86890043347E54A6006D6C00E79C
:10317000005857002A5B00CACF004E4B0079680008
:103180005E5CE97E604B633C6800EB00DE58CB6A16
:103190006700D9D700AEA80080008D4C4B007F6837
:1031A00000C6C900FE64E9E900AFAE008A8D004C9C
:1031B0004B00F6E8005E68C000C7FE6CDE70A00041
:1031C000A95E74BE78125F4900E0008434EAFE8094
:1031D000C000DFFE84DE88BE8C6C88009E90BC9EA2
:1031E0007CBA00634083449A007A009E98BE947E25
:1031F0009CE34C8310A314C318E31C032023244333
:1032000028632C8330A34863501F63C0A338A314E2
:10321000C318E31C032023244328632C833083102A
:10322000E33CA338A444A003AD6040C046EACFCD40
:103230009E04FE403F3F00663E387E440B0B005824
:103240005900898900BE3CAD00EDEC00475A000AE8
:103250007E489B8A00643C6900EBE900C9D500C642
:10326000DA008E4F4D00C440C900A6A7008D00ECC7
:103270008E9F00EA5F4900CA7577004B6C79005653
:1032800000EA00574B00CAD800AFAE003B2D0095B6
:1032900096007C7C00F5FF00CF5B5A00AA474800EF
:1032A000EAFB00D900AE003B2C00888D00CCCF009B
:1032B000390028004946004E004B008A87006C9E6A
:1032C000E83EEC86007EF45EF09EF8E33C8310A3BB
:1032D00014C318E31C032023244328632C8330A346
:1032E0003863401F63D80310E324A320631C231416
:1032F0004318A32044982448044CA003AD6040C068
:1033000046EA6F6DC206C33E9B707A008B00C00018
:10331000CC009AD9CA00DBA4C0005B70FA004F0051
:10332000CA007A5BA80A3BA41BA85B64DA005E00B3
:10333000DB60DE008E98006C7900CBCA00BB5CAE0F
:10334000005B60BB7CD9BB649A00B800CDCC007A2E
:10335000006A00EBF800CF006E7E005B5CEADB6485
:103360004B007B64CF005B80CEDB685B6C9A00CC4B
:10337000006A00DB84CB9B5CFA00CF00DE006C8E21
:10338000004B009B88DB64BA00CA00CECD00DB8C0A
:10339000E324031023144318631CA32063281F0095
:1033A00063E8A310E314A3104020C00CEA44C10F4B
:1033B00000C0FFCEF0C00300201000DE501E000051
:1033C0002010001E04002010001E08002010001E07
:1033D0000C002004DC0020100404B00020100804BD
:1033E000C00020100A04C40020100C04C8002010E3
:1033F0001004BC0020101404B40020101604B800FF
:1034000020101804680020101C04800020102004E4
:10341000CC0020100004E0002010FC202004D0008C
:1034200001010044BC010A00E4B80F00C4B40E005E
:10343000A4680D0084800C007E0C64CC0B005E0040
:10344000010A0004A804D4047C000110FF3E04AC6F
:1034500004AA042004D8C003E470DE20FE00C47473
:10346000DE04A478BE08447C5E0CE4800FC4E00057
:10347000AAC0309E824C40034A406CC003CE50EC40
:10348000EE6A03AF00C10B000D2CC3D00464E3143B
:10349000A31063181F0063C88310A314C318E31C90
:1034A0000320632C23244328A330E334A330600299
:1034B0007B4804A8E420C440A4AA8003943000AC54
:1034C000F800E1F800A010D800CD06180084508163
:1034D00006003CD4FF60FF7C647856002B0039FF67
:1034E000410A0038005C4016DAC2D419DAEE00FF57
:1034F000B24143EAFF48B600A106FF6C8494825EA5
:1035000076006156C003C63C40E8A05EE6064FE088
:103510005E2A2D660440E84B0A0FA60240E84DA043
:103520005E605EEAEBE60040E84FCACD0048D80096
:10353000C774C070C27E40004A7C6A8B000C9C003D
:10354000A200AA00B600BE00D600C600CE000058F9
:1035500036D9005C2ED90000000C22C000A41AC18C
:10356000009C12C200940AC3008C02E484E4A0C44C
:10357000E40E00A4D8A1C040A4D800F4C0400028A4
:10358000847C8106003C64D462060030D800CF06FB
:103590000024C806001CD85EC2FEC000CE44EE4F18
:1035A000000A64004400260038004A0044005A0023
:1035B0006A00A4BC8D008068C200B264B4C003DE9F
:1035C000400B00E0045E004F5E00E0045E0CA004CF
:1035D000DE04CD4F60049E088BDE049E085E0C0165
:1035E000C464CE0103C46404D40072404080038CE0
:1035F00050DAC2BEAC40034A908D007E6AA003EC54
:1036000000ADA0DEEB00CD8C20418E0044C0D9007F
:103610008E0022C000B0F9C000200010C1009EF949
:10362000C1000E00FEC2008CF9C200FCECC3007C9D
:10363000F9C300ECDC409260C440C45A6A40034ABB
:10364000B0CBCAE003EF78DEAC2B2FC9ACBEB0A97B
:10365000B09EB489B47EB869B85EBC600349BC4012
:10366000C0FEC0016B605AE9C0E003EF50CA8E8B08
:10367000DAC2BEB45E0CBA4F8D00CA00418E30442F
:103680006E6470EB00EFFF4F080806C104C0C480F1
:10369000CE00A4B884848D0064BC0B0044D0040A1E
:1036A0000002F700E1F700A050D700CD0EC001C620
:1036B000000086970060408B12C001C60000AA1768
:1036C00000560041247EF800CFFFCF01BEAE8D8BA7
:1036D0005E4C410600A000C05500C001CE56F5006A
:1036E000EFFFEE50FFF0FF3CC003DE408001BE0064
:1036F000AC4001BE00C001800102BE0C7E046AFE27
:1037000008EE7E04ACFE08BE0C0464D500DEFF6447
:10371000AC6BFF7E06C4ACE3348310A314C318E380
:103720001C032023244328632CA33063381F63D851
:103730002314631C43180310A320E324A32046642E
:103740006420033940C468011AB88E00AC06000238
:103750004484786A0600F6DAFF244028FAE2CFD9DA
:10376000CF9B00AE00AD018C0201AE00029B00DADF
:10377000FF3C40287A624B590020CBEA00F0DB0086
:10378000CE02EA0002DB00DAFF044028BAA28D99DB
:10379000CD5B006C006B024A01026C00015B00DA39
:1037A000FFC84028FAE2CFD9CF9B00AE00AD048C11
:1037B0000104AE00019B00DAFF4840287A624B59B1
:1037C000CBDB00EA00EF08CE0108EA0001DB006273
:1037D000DAFFCE4028BAA28D994000CD6C006AFB7A
:1037E00000EF046C0004FB00DAFFF64028DAC2AEFA
:1037F000B96000CE8D008B5B004A048D00045B0035
:10380000DAFF164028FAE2CFD98080CFAE00AC7B39
:10381000006B01AE00017B00DAFF3640285A42EA15
:10382000F90010CACF00D0BB00AD02CF0002BB0030
:10383000002C0080CAD00C6484988B28DA003640B3
:103840001E5900000050FB00EF02590002FB00E38C
:1038500024031023144318631CA32063281F63D878
:10386000031043182314631CA320E324A3204464FF
:10387000000318406000F4DBC13E01DBFF2840423A
:10388000FBE3CFD8000058AE00B09982AE006C6A5E
:103890000000CF4B0050CCFA00EF014B0001FA00C2
:1038A000DBFFCE4042DBC3AEB80000F88D0090795C
:1038B000628D004B4F0000CEEA00F0CBDA00CE0262
:1038C000EA0002DA00A484A04CDBFF6840429B833C
:1038D0006C780000B84B0050F9E24B00CFCD0000EF
:1038E000CCAE00B0CF9A008C02AE00029A006162AA
:1038F0000EE324031023144318631CA32063281F22
:1039000063D02454431C231803146320A328E32CFE
:10391000E310A32860027B480488246440035A40D3
:10392000E470F700AF00ADFFCD0808549A00000026
:1039300090DA9A000000D900FE0C7E045E08700048
:1039400000507E040000F0CE025E08FE0CD900029A
:10395000A480010D00970000104C004AFF6A704AD5
:10396000FA000000F0DAFA0000007900BE089E0CB0
:10397000DE04D00000B0DE04000090BE086B02023E
:103980009E0C79000900000600E400004650E000AB
:103990004FBA5800CAA54DC45E48C044C27E40001C
:1039A0004A4C6A8B000C600060006000620070008E
:1039B0001AE900E006FF060C0006FF4002D800A04E
:1039C000C8CD4C9A0060008BDA9A00A0006000E03D
:1039D000005E04DE08CD4F9E0C01DE085E048B59AC
:1039E000004A019E0C59000CF800E1F8001AC900C9
:1039F000C012B800A00AFFC8180084848052FFC417
:103A0000404A7A0040406ADA7A0080404040C04034
:103A1000FE04BE08ACEE7E0C01BE08FE046AF9008E
:103A2000EF017E0CF90000400080CAD00AC484C0B7
:103A300072D70000009E008CFFACB05C00205E00DE
:103A40004AFF6A704AFA000000F0DAFA00000079D2
:103A500000BE089E0CDE04D00000B0DE0400009022
:103A6000BE086B01019E0C7900E32CE310031423C4
:103A700018431C6320A32863301F63E06310A3185E
:103A8000E31CA31800840080CAD00AE484E07C60B0
:103A900074DB0020403080038C40DBC2AEAC0040C1
:103AA0006D00706D0044644A0202CE4464DB00582D
:103AB0004030A003AD40FBE2CFCD00808E00908E61
:103AC0000064646B0202CF646461638CE31C631066
:103AD000A31863201F0063E8A310E314A3100000E1
:103AE000E6F0C000EE04CAC0C2A468819E4CED009E
:103AF0004FAEA003AD501E02C8CD8E00484C2C6ABC
:103B000001018CC002CE405E412AE9EE80028C4861
:103B1000CF00A9ACCEFF4D004AFF6A6EA6AB488429
:103B20008C494C6A00602CE003EF40484FA000CA6B
:103B300000CDCA0084648C020284640C6A00616A4D
:103B4000000EE48C494F0A00C1C33EE314A3106386
:103B5000181F63E8A310E314A31004D8E450E10A8B
:103B6000C4D8C6FAE314A31063181F0063E8A310B7
:103B7000E314A310C003CE7860C4664BEAEEA00342
:103B8000ADB087B02A2D40034A5089AC0602686A5E
:103B9000EB00A1CF04A6C9B06D44846AC86A800353
:103BA0008C6040C046EAAFACCDB4CC06CB4AC9B0BD
:103BB00049ACCAC008405ECAC003CE60E8EEAF00A0
:103BC000CD2260036B40888BE0004C004F014C001D
:103BD0000464C7B880038C50A8C9B4AC6D008003DE
:103BE0004B088C6049B840C046EAAFAC6DB46B641A
:103BF00049B0C9AC4EAA0049B8E9B4C003DE204FB1
:103C0000009E00DE04CA008D006C6E0069C069B8B9
:103C100089C06F00DE08CB007E0C8B004E4C004943
:103C2000BCE314A31063181F63E8C003DE50E31461
:103C3000A310A310C002CE502621E9EE8F008CFF06
:103C4000ACA7490681048046426A5EA6A2EA00CD7E
:103C50008F34BE8D00694C3440024A406ACB00CE9E
:103C6000FFEEE706C104C08682AC9EE6E26C00FE71
:103C7000CB358002CF008C48A94E35AC4D004AFFB1
:103C80006A6706610460C6C2DEAE006D3666627E9B
:103C90004B00CA36E314A31063181F0063E8C00387
:103CA000DE50E314A310A310C002CE502621E9EE8B
:103CB0008F008CFFACA7490681048046426A5EA64D
:103CC000A2EA00CD8F34BE8D00694C3440024A40D8
:103CD0006ACB00CEFFEEE706C104C08682AC9EE64A
:103CE000E26C00FECB358002CF008C48A94E35AC8B
:103CF0004D004AFF6A6706610460C6C2DEAE006D11
:103D00003666627E4B00CA36E314A31063181F00A8
:103D100063B08330A3488310C318E31C2324632CAF
:103D2000A31403204328E34C60027B48200339504E
:103D3000E003F7A0C003D660A34880039490A334A7
:103D4000A46480E4D4E02EC4B0AE00A01E84BC6C99
:103D500000611244D0010A000104D40098E4D4E1C7
:103D600086C4BC0E00B90060108D008B4E048444E4
:103D7000B80A00E4B40F00FFCEC01CDEC24ED98AE0
:103D8000AE0094C10D000C00C4E40204D464BC0174
:103D90000B002244A041E0104F44A010C4D0020EFA
:103DA0000004A0A4D4A20600DC4000768468617AF6
:103DB000EBCC00EE06005E40C05A0A16E003EF7836
:103DC00040C45A6ABAA2CDB4ABAFCD008040CC0893
:103DD00062005A6021CB464020CA245EE042CAA05D
:103DE00000ADD0CDEE000F00DE00E800C00600EC14
:103DF000049E4010CA0600DC9A4030CA0600CE007D
:103E0000F44060CA0600BE0600F64071CA2A40703F
:103E1000CA225E904260006B3C4B4A000A00F200EE
:103E2000DE004082CA06007C4080CA060070DE8048
:103E3000C240004A74CADE001E00E400D000BC008C
:103E40000A18B400427D008B0303140000FD004FEC
:103E5000500600240484C4B40E00FF08C01CBEA297
:103E60004DB96A8D0074C10C000B00C4E400EE0B68
:103E700018B400E40C18B400DA0D18B400D00E1811
:103E8000B400C658B4E0154F5CD8B4A016CD509815
:103E9000B460178B44E0184F3CBAA2B98D00FA6C9D
:103EA00010E27588F9CF00AE18D5B5A000009800D3
:103EB0000015959418B478B440166A3AF814FC00CA
:103EC00030DAC2D9D5985E00B594CD434400D243D0
:103ED00044521498B48198B478B440186A26F8BC57
:103EE000C0E8EE1ABAA2CDB97E8D00740C000B00AA
:103EF00000E858B4E0334F64D8B4A034CD5898B437
:103F000060358B4CE0364F44A037CD3C60388B3465
:103F1000FAE2F9CF007AAE1062B588794B00EA1464
:103F2000D5F59C0012003318B4D8B4A034CD16983F
:103F3000149C000C78B46178B458B4E0384F72D84F
:103F4000BCA0E8CD66DAFFFC415460036B40DAC2E6
:103F50009E8BE000EFFF4C004FDD00A0FF4C009E69
:103F6000995ECD6C0059DD000B37DEEA00D40F00FE
:103F70000E000A003318B400DAB8B4801FAC5C78C5
:103F8000B440206A50F8B4C021EE448022AC3C5AC0
:103F90004259EA009ACF1082D588996C004B18D507
:103FA00055A00014F800001FF59418B4D8B4A02050
:103FB000CD3A98149C0030DAC2D9D5985E00559459
:103FC000CA434000E643405214F8B4E1F8B4D8B410
:103FD000A022CD2698BC60E88B1A5A42CA59DEEA64
:103FE00000D40F000E0000FCB8B4803DAC6478B47F
:103FF000403E6A58F8B4C03FEE4C8040AC4440416B
:104000006A3CC042EE349A82996C00DA4B10C25579
:1040100088D9AE008D14D5959C0026003D18B47843
:10402000B4403E6A16F814FC000CD8B4C1D8B4B839
:10403000B48042AC7278BC40E86A66DAFF10415442
:10404000C003CE40DAC2FEEE80008CFFAF00AC7D34
:104050000040FFAF00FEF9BE6ACF00B97D000E3709
:104060007E8D00740C000B000A003D18B400EE5861
:10407000B4E0294F5CD8B4A02ACD5098B4602B8B03
:1040800044E02C4F3CBAA2B98D00FA6C10E275885E
:10409000F9CF00AE18D5B5A0002898000029959456
:1040A00018B478B4402A6A3AF814FC0030DAC2D95D
:1040B000D5985E00B594CD433C00FA433C52149829
:1040C000B48198B478B4402C6A26F8BCC0E8EE1AE3
:1040D000BAA2CDB97E8D00740C000B00001058B44C
:1040E000E0474F64D8B4A048CD5898B460498B4C91
:1040F000E04A4F44A04BCD3C604C8B34FAE2F9CF00
:10410000007AAE1062B588794B00EA14D5F59C00B0
:104110003A004718B4D8B4A048CD1698149C000CA7
:1041200078B46178B458B4E04C4F72D8BCA0E8CDF4
:1041300066DAFF24415460036B40DAC29E8BE000D4
:10414000EFFF4C004FDD00A0FF4C009E995ECD6C50
:104150000059DD000B37DEEA00D40F000E000A0024
:104160004718B402414306FF8A40004EA468819A72
:104170004CED004F060036BAA2CDB78050CD00CC32
:104180000872002C6020CB08540094C0060006067C
:10419000006C4013CA0600F4E010CF0600E85EF0A1
:1041A00042AA40014A54AACD000E9000E000280027
:1041B00070004030CA0600B400804013CA9440002A
:1041C000CA6A5E004260016B9C4B4A000A00F40020
:1041D00036007800BA00FC003E008000C2000400F7
:1041E00046008800CA000C004E008A00C60002008B
:1041F0003E007A00B6004060CA06002C060064400B
:1042000070CA06001A00BE4013CA06000A4000CA5F
:104210000600FEDE00C240014A3CCADE001EF2007B
:1042200028005E009400CA00000036006C00A20066
:10423000D8000E0044007A00B000E6001C005000D8
:104240008400B800EC00009440C05A3A22E9F960BA
:10425000C00498CF00E494686F00AE24A800CDCBD2
:1042600000A9B969568D0077CA500C200B00004494
:104270003A22A9B9649C8D0040C05ACAD6A4984C71
:10428000246A00EB899949ED006C0057EE4C0B2035
:104290000A0000FC3A22899940C05A6C00849CAA0A
:1042A000449CEB244F00CACC006979E9B64B00F777
:1042B000CD540A200F0000B440C05A3A2269798ACE
:1042C000C94B0096D9EA24AE00EC5889970D200C12
:1042D00000007E40027A62FBF94A2C7ACF00612B03
:1042E0002AAE246FAB4D46DA4900FF5CFBF9BBCF29
:1042F00000B70E200D0000347A625B59DAC1EA0083
:1043000060026B34CBCF24DADE00FFE8BBB97B8DD3
:1043100000770C200B0000F47A62DBD9DA1E00FF74
:104320007658245B59DBEA00D70F200E0000C6A4A4
:10433000CC8D00800C4D0044D6080404D6E1FA84EC
:10434000D6ACAF265A4259EA00CF24C00CC0840034
:10435000860AC0840040BAA2CDB97E8D00770C20B9
:104360000B00005C5A42CA59EA00BECF24B9C4947B
:104370007E8D00770C200B00003040C05A7A62BB63
:10438000B9CA8D00D66C24DA6E48FF64DAFF665B2A
:1043900059DBEA00D70F200E0000EE7A6240C05AC7
:1043A0006A5B59EA0076CF24DACB38FF22DAFF24A1
:1043B000BBB97B8D00770C200B0000AC40C05A7A53
:1043C00062BBB9CA8D00D66C24DA6E3CFFE0DAFF1E
:1043D000E25B59DBEA00D70F200E00006A7A6240E8
:1043E000C05A6A5B59EA0076CF24DACB40FF9EDAE6
:1043F000FFA0BBB97B8D00770C200B00002840C0CC
:104400005A7A62BBB9CA8D00D66C24DA6E44FF5C5E
:10441000DAFF5E5B59DBEA00D70F200E0000E67A78
:104420006240C05A6A5B59EA0076CF24DACBF4FFC7
:104430001ADAFF1CBBB97B8D00770C200B0000A49F
:1044400040C05A7A62BBB9CA8D00D66C24DA6EF8C5
:10445000FFD8DAFFDA5B59DBEA00D70F200E000045
:10446000627A6240C05A6A5B59EA0076CF24DACB9E
:10447000F0FF96DAFF98BBB97B8D00770C200B001C
:10448000002040C05A7A62BBB9CA8D00D66C24DACB
:104490006EE8FF54DAFF565B59DBEA00D70F200EB7
:1044A0000000DE7A6240C05A6A5B59EA0076CF2487
:1044B000DACBECFF12DAFF14BBB97B8D00770C204E
:1044C0000B00009C40C05A7A62BBB9CA8D00D66C02
:1044D00024DA6E2CFFD0DAFFD25B59DBEA00D70F6B
:1044E000200E00005A7A6240C05A6A5B59EA007690
:1044F000CF24DACB30FF8EDAFF90BBB97B8D00770B
:104500000C200B00001840C05A7A62BBB9CA8D005B
:10451000D66C24DA6E34FF4CDAFF4E5B59DBEA00CE
:10452000D70F200E0000D67A6240C05A6A5B59EA63
:104530000076CF24DACB5CFF5ABBB97B8D00770CB9
:10454000200B00009A40C05A7A62BBB9CA8D00D6CF
:104550006C24DA6E64FF1E5B59DBEA00D70F200E75
:1045600000005E7A6240C05A6A5B59EA0076CF2446
:10457000DACB60FFE2BBB97B8D00770C200B00002B
:104580002240C05A7A62BBB9CA8D00D66C24DA6E5A
:1045900068FFA65B59DBEA00D70F200E0000E67A21
:1045A0006240C05A6A5B59EA0076CF24DACB6CFFCE
:1045B0006ABBB97B8D00770C200B0000AA40C05A63
:1045C0007A62BBB9CA8D00D66C24DA6E70FF2E5B9E
:1045D00059DBEA00D70F200E00006E7A6240C05A05
:1045E0006A5B59EA0076CF24DACBACFFF2BBB97B29
:1045F0008D00770C200B0000325A422A59EA004005
:10460000C05A8A966C48496F2459C9EA00D70F20CE
:104610000E0000FCBAA22DB940C05A8D00EAF6A9DE
:10462000CF38B9CC24698D00770C200B0000C65A16
:10463000422A59EA0040C05A8A966C3C496F245974
:10464000C9EA00D70F200E000090BAA22DB940C0D1
:104650005A8D00EAF6A9CF40B9CC24698D00770CB9
:10466000200B00005A5A422A59EA0040C05A8A9642
:104670006C44496F2459C9EA00D70F200E0000246A
:10468000BAA22DB940C05A8D00EAF6A9CFF4B9CC30
:1046900024698D00770C200B0000EE5A422A59EA5B
:1046A0000040C05A8A966CF8496F2459C9EA00D76D
:1046B0000F200E0000B8BAA22DB940C05A8D00EAF2
:1046C000F6A9CFF0B9CC24698D00770C200B00003F
:1046D000825A422A59EA0040C05A8A966CE8496FC9
:1046E0002459C9EA00D70F200E00004CBAA22DB9F8
:1046F00040C05A8D00EAF6A9CFECB9CC24698D00F0
:10470000770C200B0000165A422A59EA0040C05A82
:104710008A966C2C496F2459C9EA00D70F200E00E5
:1047200000E0BAA22DB940C05A8D00EAF6A9CF30F8
:10473000B9CC24698D00770C200B0000AA5A422ABC
:1047400059EA0040C05A8A966C34496F2459C9EA24
:1047500000D70F200E000074BAA22DB940C05A8DA8
:1047600000EAF6A9CF5CB9CC24698D00770C200B48
:1047700000003E5A422A59EA0040C05A8A966C64A8
:10478000496F2459C9EA00D70F200E000008BAA2C9
:104790002DB940C05A8D00EAF6A9CF60B9CC246982
:1047A0008D00770C200B00D25A422A59EA0040C0F3
:1047B0005A8A966C68496F2459C9EA00D70F200EAF
:1047C000009EBAA22DB940C05A8D00EAF6A9CF6C5E
:1047D000B9CC24698D00770C200B006A5A422A5903
:1047E000EA0040C05A8A966C70496F2459C9EA00A1
:1047F000D70F200E0036BAA22DB940C05A8D00EA5C
:10480000F6A9CFACB9CC24698D00770C200B00023F
:10481000414306FFB2FD004F03031AC4B4A4686EFF
:10482000008D00CCCB00A6E34C8310A314C318E387
:104830001C032023244328632C8330A34863501F88
:1048400063E820032950E314A310A31000030840D9
:10485000E468CFC606001EC0060016C2DEA001AD89
:10486000CCCDEE000F000C007C00EE003A0086007C
:10487000F8006C00DE0028009C000E008200F400AE
:104880006600DA004A00C0668700415E62AC00CB79
:10489000CD50DEC266688B008C01184649EA00CF15
:1048A00038CE0101CF388688AC00AD0202186669A7
:1048B0004B00EA38EF0202EA38C1C39A0050C068E0
:1048C000C700819EA2EE004D4F6150DEC2A6A8CD6A
:1048D00000CE041886896C004B384A04044B38C655
:1048E000C8EE00EF080818A6A98D006C386B080800
:1048F0006C38C1C39800DEC0424700C1DEE26A00E6
:104900008F8B2CFEE26FE800104F005018CBC9AE21
:104910000000108D38908D38C1C3BE0092C0426730
:1049200000E1FE428B00AAAC2C9E824C4800206A1B
:10493000007018ECE9CF000020AE38B0AE38C1C32B
:10494000BE0046C0688700415E62AC00CBCD527E9F
:1049500062CB6800408B0090184649EA000040CFC7
:1049600038D0CF3886880080AC00B01866694B001C
:104970000080EA38F0EA38C1C39800D4C06AC700A2
:10498000819EA2EE004D4F6152BEA2CDA80000CD87
:1049900000D01886896C0000004B38504B38C6C8D0
:1049A0000000EE00F018A6A98D0000006C38706CB5
:1049B00038C1C3960060C0684700C1DEE26A008F5C
:1049C0008B52FEE2CFE800004F005018C6C9AE007F
:1049D00000008D38908D38464800006A007018E657
:1049E000E9CF000000AE38B0AE38C1C39800EEC0C9
:1049F000408700415E62AC00CBCD2A7E624B6800EE
:104A0000008B00901649EA000000CF38D0CF38C1A3
:104A1000C3C000A4C06AA700617E82CD00ECEE4155
:104A2000529E82CC880000AC00B01866694B000032
:104A300000EA38F0EA38A6A80000CD00D018868930
:104A40006C0000004B38504B38C1C3960030C06832
:104A5000E700A1BEC24F006E6A52DEC2CEC8A001FE
:104A6000EE00ED1886896C00E0014B384F4B38A6FC
:104A7000A88002CD00CC1866694B00C002EA38EE6F
:104A8000EA38C1C39800BEC06AA700617E82CD002B
:104A9000ECEE41529E82CC886004AC00AB184649D3
:104AA000EA00A004CF38CDCF38666840108B008A6A
:104AB00018E6E9CF008010AE38ACAE38C1C396001E
:104AC0004AC0686700E1FE428B00AAAC52DEC246D3
:104AD00048E0206A006F18C6C9AE0060208D388B90
:104AE0008D38E6E8C0404F004E18A6A98D00404022
:104AF0006C386A6C38C1C39800D8C068E700A1BEA2
:104B0000C24F006E6A52DEC2CEC8A080EE00ED1821
:104B100086896C00E0804B384F4B38A6A88000CDCA
:104B200000CC1866694B00C000EA38EEEA38C1C311
:104B3000980066C06AA700617E82CD00ECEE41520B
:104B40009E82CC886000AC00AB184649EA00A00009
:104B5000CF38CDCF38666840008B008A18E6E9CFA1
:104B6000008000AE38ACAE38C1C39600F2C06867B2
:104B700000E1FE428B00AAAC52DEC24648E0006A69
:104B8000006F18C6C9AE0060008D388B8D38E6E81E
:104B9000C0004F004E18A6A98D0040006C386A6C0A
:104BA00038C1C39880C076E700A1BEC24F006E6ACC
:104BB00060DEC2CEC8A000EE00ED1886896C00E071
:104BC000004B384F4B38C6C860008E00ACAB244653
:104BD00049EA00A000CF38CD86CF38896C004B3829
:104BE000C1C38A02E314A31063181F0063D8231003
:104BF00063184314A320E324A32060027B4820030E
:104C00003940C4A400944000C2BAA2B9ED00EF013B
:104C10000CFA01DB00B45A42598A008C020EFA01E8
:104C2000DB300098BAA2B9ED00EF040EFA01DB54B4
:104C3000007C5A42598A008C080EFA01DB78006029
:104C4000BAA2B90010ED00F00EFA01DB9C00425A46
:104C5000425900208A00900EFA01DBC80024BAA253
:104C6000B90040ED00F00EFA01DBE000065A4259AF
:104C700000808A00900EFA01DB0400E8BAA2B900B5
:104C800000ED00F00EFA01DB2800CA5A425900007C
:104C90008A00900EFA01DB5000ACBAA2B90000ED18
:104CA00000F00EFA01DB74008E5A425900008A00AF
:104CB000900EFA01DBA40070BAA2B90000ED00F07A
:104CC0000EFA01DBDC00525A425900008A00900EB5
:104CD000FA01DB0C0034BAA2B90000ED00F00EFAC4
:104CE00001DB3800165A4259000110008A00900E6C
:104CF000FA01DB5C00F4BAA2B98001ED00EC0EFA17
:104D000001DB8400D6FAE2F9C0026F006E0EFA01F0
:104D1000DBC000B87A62794004AB00AA0EFA01DB6E
:104D2000E0009ABAA2B98008ED00EC0EFA01DB0CA3
:104D3000007CFAE2F9C0106F006E0EFA01DB300061
:104D40005E7A62794020AB00AA0EFA01DB50004087
:104D5000BAA2B98040ED00EC0EFA01DB680022FA3D
:104D6000E2F9C0806F006E0EFA01DB9000047A62F7
:104D7000794000AB00AA0EFA01DBB800E6BAA2B98E
:104D80008000ED00EC0EFA01DBEC00C8FAE2F9C09D
:104D9000006F006E0EFA01DB2400AA7A62794000EF
:104DA000AB00AA0EFA01DB5C008CBAA2B98000ED60
:104DB00000EC0EFA01DB88006EFAE2F9C0006F0029
:104DC0006E0EFA01DBBC00507A62794000AB00AA9B
:104DD0000EFA01DBF00032DAC2D960008E00ACAB13
:104DE0000EFA01DB1C0012414306FF3EE3242310B0
:104DF00043146318A32063281F0063C003146320B7
:104E0000E3102318431CA338E33CA33860027B94CF
:104E10000428010424042A0026180000D201046C8E
:104E2000C6C4A0005640035AC8DA00980028E49E81
:104E3000DA00E2432441244324DAC23E2AE49CC03F
:104E400000C440590004084145DCFA404E80028C01
:104E5000D84C5AEAAFAC2324ED00D9000084402698
:104E60004C5ACA40024AD8CAF77E04E001FFE2D990
:104E70000B0C4158004AAEF8004F12C324C00ADBA5
:104E800018009A3C63E063144310A318E31CA318B2
:104E900060027BD8DB0072C4B0006AC4AC00622838
:104EA000DB40005840035AC8DA009AE4A8DA00E070
:104EB000400404DAE31C43106314A31863201F00AA
:104EC00063E8A310E314A3104036E003EFC8CACF91
:104ED0007E00600428C0606E16A07B6D0E9E008C64
:104EE000E09E004160644BC6E314A31063181F00EA
:104EF00063E8A310E314A310C6D8CA4AC054DEC2A4
:104F00004EA001AD14CDEE000F004A004A004A0049
:104F10004E004E004E004E004E004E004E004A0025
:104F200080FFCC080241064002E314A31063181F5F
:104F300063C0A3144328632C8310C318E31C03200D
:104F40002324A338E33CA33860027B244424A00339
:104F5000B530E134C604E334001000E8E334CF0098
:104F6000C0CA0CDB00D4002290BEACBA00FA00DB51
:104F70001C00BA0000F81A00FB58D50016D500A096
:104F8000DA00FFDC4018DB64008C5A006A107A00FB
:104F9000BE2058240AC0200032DA00EEE1FA00E414
:104FA000C0D50E0008FF00C0D5004A9A00ACA1BAD7
:104FB00000E4C8D50C0008FF009CD500262128A8D5
:104FC000C4BB0018204C280AC02000CC170008FFE2
:104FD00060200B12407E0A0AE0600F0CC02E00A475
:104FE00012E4B8D50044D500CEE121C0102EB001A6
:104FF000A0100D06CA0076E33C8310A314C318E387
:105000001C032023244328632CA33863401F63D050
:10501000431C6320E31003142318A328E32CA328C4
:1050200060027BA44424E132C604E3240010004063
:10503000E324CF00C0CA0ADB002CB290BEACBA0099
:10504000DB1C0018008E1A00FB5020033930D900F9
:105050006ED900F8DA00FF344018DB5C00E45A0037
:105060006A107A004E2046240AC020008ADA00EE38
:10507000E1E003F730FA00E4D0D70E0008FF00109B
:10508000BA00A1D7BA0000902128BA0180100C6E96
:10509000CA003EE32CE31003142318431C6320A32F
:1050A0002863301F63E06310A318E31CA318604E4D
:1050B00080028CD84C5BEAAFACC002C61CED080085
:1050C0005E40147B6AE013CF1AC002C6280002C0FB
:1050D00003C6C8004661C4286EAEE31C6310A31863
:1050E00063201F0063E8A310E314A310C4DC00C016
:1050F000C4D800B8E314A31063181F0063A8C31832
:10510000A314632C8310E31C03202324432883303F
:10511000A350E354A35060027B38A003B5C8C0037A
:10512000D6304080DB434C004ED50098FF28F50078
:10513000C059EE060098DB34002C047CDB440020D0
:10514000C200A2A4748D008C0404DB5C8D000000FE
:10515000C010E004E7FF00BC400EC4E400E40044DB
:10516000DB7800D844E8434004E855D500144A8170
:105170007C6AC00AC02A0074C058FCEEC008CA008D
:1051800062D500A073CD148053CC0CDB9C0082B69A
:10519000DA016030CBAA4033CA0600A436FA02D640
:1051A000020046160216E33847D6E34400100040DA
:1051B000E338CF00C08A0CDBC0002A5EF49BFA04FF
:1051C000D90800041608D8E34400100006A3388D5F
:1051D00000804A0EFADBE0002622202A7504F9E15D
:1051E000EBD60200C21602D6E338001000C4EA2152
:1051F00024D6FA01010EDB0000ACFFE0D401010E61
:10520000DB180098FFCC433CA004ADFF4D80104C50
:105210002076750CF9E1EBD60400561604D6E33877
:105220000010005800FFEAF0CFC8CAC80E1EF8DA16
:1052300000FC4014381AE33CDB34006824434C4241
:105240004200FF434CD8C8FED8D0FE22348AB50CA9
:10525000F9E1EDD60200DE1602D6E338001000E0D8
:105260000A00FF77EBF0F80ADB5400C85501E0377D
:105270004F0406FFEE034CFCDB6C00E8034004E83F
:10528000E3548310A314C318E31C032023244328EE
:10529000632C8330A35063581F0063E063144310F2
:1052A000A318E31CA3184660027BD0E22EE4F4DAD4
:1052B0000400DA4008C20044E4F0DA0400C4400804
:1052C000C0002E00264ADB000EFA020208C4EC06DB
:1052D000C4F800F8E31C43106314A31863201F00F4
:1052E00063D8431463182310A320E324A32026606B
:1052F000027BDC442AE22CE408D904004640080181
:105300001A00E404D904003040061A00C40C0080DE
:10531000FA00E108C40006C414006AE32423104321
:10532000146318A32063281F63E06310A318E31C11
:10533000A318E110C002C6DC002C48C604E3140028
:1053400010001AE314CF00C06A0CDBFF4A4010C003
:1053500002C6F000F612FB00E7FFC41C0024E31CA9
:105360006310A31863201F0063D0631C0310231471
:105370004318A328E32CA3280660027B0CE30ADB76
:10538000009CA0E32447D80400100088E324CF0049
:10539000C02A0CD9FFB8400CDB1C00686CFAD80896
:1053A00000100058A3248D00804A0E400A60FF4B75
:1053B0000CDB3800363A5AFF195800E42AE1281865
:1053C0000008FFF9DB500050D800CEFFDA0ADB609E
:1053D00000FCE32C031023144318631CA328633040
:1053E0001F0063E06310A318E31CA318E110C002C0
:1053F000C67C00B848C604E314001000A6E314CF2E
:1054000000C06A0CDBFFD64010C002C690008212BA
:10541000FB00E7FFC42400B0E31C6310A318632063
:105420001F0063D0631C031023144318A328E32C2C
:10543000A3280660027BACE30ADB0028A2E3242752
:10544000D80400100014E324CF00C04A0CDAFF4453
:10545000400CDB1C00F46EF9D808001000E4A32413
:105460008D00802A0E60016BFF2B0CDB3800C23CE4
:105470005950501A5800E42AE128180008FFFADBB6
:105480005000DAD800CEFFD90ADB600086E32C0397
:105490001023144318631CA32863301F63D0631CBC
:1054A000031023144318A328E32CA3280660027BCF
:1054B0001CE440E00ADB0030AEE30CDB200022A05D
:1054C000E32447D804000010C324AE00A02A06231A
:1054D0000CDB3C00F674FAD808000ECAEB00968389
:1054E000246C0060CA16442CCA000CE430FE000C88
:1054F000DB5800B836A003AD30D9C24E4D8EDA006D
:1055000000E4DA0000CCF9DB74CAEB1E3F00C2E312
:105510002C031023144318631CA32863301F63E07B
:105520006310A318E31CA318E440E010C002C6A453
:10553000003C400096004E6030DBC280038C40CCC3
:10554000DE000050FBC002C6C4CAEB1E3F00426131
:1055500064D0E31C6310A31863201F0063E8A3104A
:10556000E314A310FFF44108C4340AC002C6A0002B
:10557000BEE314A31063181F63E06310A318E31CB9
:10558000A31840E840E8E4EC0F00A001CDFF84AA96
:105590008CFFCC80E88E6CA001CDFF84AC8CFFCC5E
:1055A00080E8EB00CFC8003E8E6CEB00CFC8007ED9
:1055B000C90072C002C6ACCAEB1E3F0066DB0058D1
:1055C000C002C6CCCAEB1E3F004CE31C6310A318FC
:1055D00063201F0063E8A310E314A310000110FF71
:1055E00004ACFF2CE314A31063181F0063D8631CE2
:1055F000031023144318A320E324A32026076002EA
:105600007BECE450E00CDB008E0088403480038C9F
:1056100040DAC2AEAC6D0060CE18FFA4E4644F0364
:1056200003060056084143CCC47CC144840EDB34DD
:10563000003C00FA0306009AE493D90400C4402C0D
:10564000E490D90800B44008015A01E48CD908005C
:105650009E4006BE4DE487D904008A402CE484D9DC
:1056600008007A4008025A02E480D9080064400623
:105670009D4CE47BD9040050402CE478D9080040CC
:105680004008045A04E474D908002A40067B4BE41D
:105690006FD9040016402CE46CD9080006400808B5
:1056A0005A08E468D90800F04006574AE463D90470
:1056B00000DC402CE460D90800CC4008035A03E425
:1056C0005CD90800B64006FC4FE457D90400A2405C
:1056D0002CE454D908009240080C5A0CE450D90824
:1056E000007C4006D34EE44BD9040068402CE448CB
:1056F000D90800584008055A05E444D9080042403A
:1057000006BA4D022CE440D904002A40080F5A0F73
:10571000E43CD90400144006904C401864684B00E7
:10572000400CDB4400544EE468CF00CEDA0096C44F
:1057300098003A4026A484BA6D010CFA01DB640A91
:10574000FA01DB7000544144DAC4380006E3240354
:105750001023144318631CA32063281F63D0632005
:10576000431CE31003142318A328E32CA32846604A
:10577000027B68E30CDB00B00058E4AADA040040C6
:105780004006215CE4A8DA04002C40062248E4A686
:10579000DA04001840062434E4A4DA0400044006C5
:1057A0002820E4A0DA0400F0400EDB24004400ECE2
:1057B0002FDA08E32400006CFA08CF00C0EA18A32F
:1057C000248D00800CDB3C000EB640AE797A4B0194
:1057D00001A0A003AD6040C05AEA0F0D40C45A8A30
:1057E00040034A78CCCAE484FAAF0160C410FA01DD
:1057F000DB5800F85A98B88110FA01DB7000E244D7
:1058000066A47710FA01DB9000CC2E46A85710FA58
:1058100001DBB000B618E698F808E69400B8011865
:10582000B8414352E32CE31003142318431C6320B4
:10583000A32863301F0063D003146320431CE310CC
:105840002318A328E32CA3284660027B3800031802
:1058500060E2B6E4B0DA04008E4040DA08E32400E7
:1058600000DCE324CF00C02A0ADB00CCB6401240A3
:10587000C05A6A78412BB444EE68E324E7DA0400A6
:10588000009C2A4324EA00E00A2406200CDB1400D2
:10589000826CF7DA08000070C324AE00A02A0CDB8B
:1058A00028005E4899FF40C04CEAF82FB4DB3C006A
:1058B0003E401E40C05A8A98FA01DB500CB400608A
:1058C0004144E2C4AC0012E32CE310031423184358
:1058D0001C6320A32863301F63D063202318E310C8
:1058E0000314431CA328E32CA3282660027B94E125
:1058F00010E40CDB00B40006E4C0E32447D9040044
:1059000000D8E324CF00C0CA0AC106C40CDB3800AB
:105910007ED0FEFFFAD9080000A8A3248D0080CA1B
:105920000E60806B01CB0CDB50004A9C1EFAD90C38
:10593000000076CA4324EA00E00AC080CE0CDB7087
:10594000001C6E1EDE0CDB90000C5E60036B78406A
:10595000C457AACDCBDEA41EA8DBC000E6DBD8006E
:10596000DE402AC003CE7840C45ACACEFA01DBF02A
:105970003EA41EA800F44144D6E32CE310031423F4
:1059800018431C6320A32863301F63D84318631C8B
:1059900023140310A320E324A3202660027B944455
:1059A0007CE294E4B8D90400EE4002E4B6D90400E5
:1059B000DE40C2D828FA00E020C450C112FF3EFFEA
:1059C0008AC0E8FF1E011A00E4C0D90400A4400206
:1059D000E4B4D904009440C2D826BA00A11E845071
:1059E0008112FFF4FF40C0E8FFD41A00DB00C27A46
:1059F000006108C4C806C4D000ACE324031023141B
:105A00004318631CA32063281F0063E06314431042
:105A1000A318E31CA31860027BA0DB0066C4D4C3F8
:105A200054C050C2DEA001AD5CCDEE000F006C0092
:105A3000760080008A00DB10002C20DB200022167C
:105A4000DB2C00180CC4DC000E02DB3C00044024FC
:105A500040034A909A826C6ACCFA0B00DB5000201B
:105A60004144DCDB5C00D24024A003ADA0FAE2CFCD
:105A7000CDCFFA0E00DB7400EE4144DCC4D800A0A8
:105A8000E31C43106314A31863201F0063D843145E
:105A900063182310A320E324A3202660027B204464
:105AA00094E248D904E31C000088F904CF00C0CA7E
:105AB00016A31C8D00800ADB002C72C006C30CDB11
:105AC0001C001A60DA00FA00DB380048DA00C3482C
:105AD000C144DF7EC25EE001EFBC4F6A000BC8002C
:105AE000DC00D200DB5000D016C4E400C60CDB5C46
:105AF00000BC02E324231043146318A32063281F6F
:105B000063D8631823104314A320E324A320600266
:105B10007B9040035A6063E8FA40E3103ADB3A8036
:105B20001AC0FA000094631863E8DA48C310DB2057
:105B3000FA081AC83A880070631863D8DA50005817
:105B4000CAEBC320E324DA900044CAEBC318E31C79
:105B5000DAD00030CAEBC310E314D910001CDB40CC
:105B6000CAEB1E3F0014632863D8DA5400FCCAEB6A
:105B7000C320E324DA9400E8CAEBC318E31CDAD4A8
:105B800000D4CAEBC310E314D91400C0DB68CAEB1D
:105B90001E3F00B8632863E8BAE8A310DB903A28F8
:105BA0001A68F9A800946318E324231043146318B7
:105BB000A32063281F0063C00320632C8310A31459
:105BC000C318E31C232443288330A338E33CA338C1
:105BD00060027B4000E138C604E3340000E4E334B3
:105BE000CF00C0CA0AC406C00CDB00C800945EFF28
:105BF0009E0640848A007AF401DB1C00E6C003CED6
:105C00007880C094AC80C4944C60036B604D4BEAC8
:105C1000EEDA5000AEDB30CAEB1E3F00A600F6C045
:105C200003D6C8D600A436E334A7D6006ACAEB0070
:105C3000F2B900A0CA1E83346C0060121E000CDA98
:105C400050CAFF20DA4C0048DB48CAEB1E3F004038
:105C50000090D60046F5D90012CAEB009ACA590046
:105C6000401EE334CF00C0121E000CDA4CCAFFC83D
:105C7000DA5400F0DB60CAEB1E3F00E80038D600C3
:105C8000EEF5D900BACAEB0042B900A0CA1E8334AF
:105C90006C0060121E000CDA54CAFF70DA5C0098C7
:105CA000DB78CAEB1E3F009000E0D60096F5D900E5
:105CB00062CAEB00EACA5900401EE334CF00C012AA
:105CC0001E000CDA5CCAFF18DA600040DB90CAEBF9
:105CD0001E3F00380088D6003EF5D9000ACAEB0006
:105CE00092B900A0CA1E83346C0060121E000CDA48
:105CF00060CAFFC0DA6400E8DBA8CAEB1E3F00E020
:105D00000030D600E6F5D900B2CAEB003ACA590015
:105D1000401EE334CF00C0121E000CDA64CAFF68D4
:105D2000DA680090DBC0CAEB1E3F008800D8D600BE
:105D30008EF5D9005ACAEB00E2B900A0CA1E83341E
:105D40006C0060121E000CDA68CAFF10DA6C0038B2
:105D5000DBD8CAEB1E3F00300080D60036F5D900F4
:105D600002CAEB008ACA5900401EE334CF00C012B9
:105D70001E000CDA6CCAFFB8DA7000E0DBF0CAEB88
:105D80001E3F00D80028D600DEF5D900AACAEB00D5
:105D900032B900A0CA1E83346C0060121E000CDAF7
:105DA00070CAFF60DA740088DB08CAEB1E3F00800F
:105DB00000D0D60086F5D90052CAEB00DACA5900E5
:105DC000401EE334CF00C0121E000CDA74CAFF0874
:105DD000DA780030DB20CAEB1E3F00280078D600BE
:105DE0002EF5D900FACAEB0082B900A0CA18833494
:105DF0006C00600CDA78CAFFB6DA9000DEDB38CAD5
:105E0000EB1E3F00D60026C003D6C8D600D436E32A
:105E100034A7D6009ACAEB0022CA5900401EE334C8
:105E2000CF00C0121E000CDA90CAFF50DA9400783E
:105E3000DB50CAEB1E3F007000C0D60076F5D900DB
:105E400042CAEB00CAB900A0CA1E83346C006012BB
:105E50001E000CDA94CAFFF8DA980020DB68CAEB5F
:105E60001E3F00180068D6001EF5D900EACAEB00F4
:105E700072CA5900401EE334CF00C0121E000CDA73
:105E800098CAFFA0D72C00C8DB80CAEB1E3F00C019
:105E90000010D600C6F5D90092CAEB001AB900A0CE
:105EA000CA1E83346C0060121E000CD72CCAFF4837
:105EB000D7800070DB98CAEB1E3F006800B8D600A0
:105EC0006EF5D9003ACAEB00C2CA5900401EE3344D
:105ED000CF00C0121E000CD780CAFFF0D784001874
:105EE000DBB0CAEB1E3F00100060D60016F5D900EB
:105EF000E2CAEB006AB900A0CA1E83346C006012CB
:105F00001E000CD784CAFF98D78800C0DBC8CAEB34
:105F10001E3F00B80008D600BEF5D9008ACAEB00C3
:105F200012CA59004018E334CF00C00CD788CAFF0A
:105F300046DAAC006EDBE0CAEB1E3F006600B6D668
:105F4000006CF5D90038CAEB00C0B900A0CA1E83A6
:105F5000346C0060121E000CDAACCAFFEEDA9C0052
:105F600016DBF8CAEB1E3F000E005ED60014F5D912
:105F700000E0CAEB0068CA5900401EE334CF00C0FD
:105F8000121E000CDA9CCAFF96F79CDB1000C200C0
:105F900012D600C8F5D90094CAEB001CB900A0CAFB
:105FA0001C83346C0060105E00CA579CFF4CD4FF09
:105FB0006A819C06FF86E33C8310A314C318E31C8C
:105FC000032023244328632C8330A33863401F001D
:105FD00063D06320431CE31003142318A328E32C8D
:105FE000A3284660027B68E30CDB00C80012E4F6DD
:105FF000DA0400584006215AE4F4DA04004440066A
:106000002246E4F2DA04003040062432E4F0DA04F6
:10601000001C4006281EE4ECDA040008400CDB28D3
:10602000005CA62FDA08E324000086FA08CF00C03F
:10603000EA18A3248D00800CDB40002872406A79A6
:106040007A4B01015CA003AD6040C05AEA0F0D40DD
:10605000C45A8A40034A78CCCAE484FAAF0160C4C7
:1060600010FA01DB5C001216970086880080002D74
:1060700018B4414396E32CE31003142318431C6324
:1060800020A32863301F63D0631C4318031023141C
:10609000A328E32CA3284660027BDCE30CDB006032
:1060A000000EE402DA0400F04006215AE400DA04AB
:1060B00000DC40062246E4FEDA0400C84006243232
:1060C000E4FCDA0400B44006281EE4F8DA0400A078
:1060D000400CDB2800F4A22FDA08E32400001EFAAB
:1060E00008CF00C00A18A3248D00800CDB4000C03C
:1060F0006E4066797A4B010158A003AD6040C05AEA
:10610000EA2F2D40C45A8A40034A78CCCAE484FA64
:10611000AF0160C410FA01DB5C00AA129800002EE7
:106120009E9009B441439AE32C031023144318634F
:106130001CA32863301F63D0431C6320E310231883
:106140000314A328E32CA32826E760027B50400316
:106150005A50E47CE10CDB00EE001AE268E460D9FE
:1061600004007A40300028B8A2BA8D00F86C2C6B7D
:1061700003E26C2CFACF0001CE2C03D8E45CD904E6
:10618000003C401A001298829A6C00010B2C03EE1E
:10619000E30600A8E457D904000C4044E454D908AD
:1061A00000FC401C5A00EA2CEF03EA2CDA0003CE74
:1061B0002CE450D90800D2400ABA000D2CE44BD987
:1061C0000400BA4044E448D90800AA401C9A046C70
:1061D0002C6B036C2C5A0403CA2CE444D9080080AD
:1061E000400AFA040F2CE43FD90400684044E43C20
:1061F000D9080058401CDA08AE2CAD03AE2C9A0822
:1062000003CC2CE438D908002E400A7A080B2CE481
:1062100033D90400164044E430D9080006401C5A23
:106220000CEA2CEF03EA2CDA0C03CE2CE42CD90870
:1062300000DC400ABA0C0D2CE427D90400C44066E7
:10624000E424D90800B440369A006C2C6B036C2C03
:106250005A00FA04CA2CCF2CCE03CF2C03BA040365
:10626000CD2CE420D908007040129A000C2C7A043E
:106270000B2CE41BD90400504066E418D9080040F8
:1062800040365A08EA2CEF03EA2CDA08BA0CCE2C76
:106290008D2C8C038D2C037A0C03CB2CE414D908A1
:1062A00000FC40125A080A2CFA0C0F2CE40FD904F7
:1062B00000DC4066E40CD90800CC4036DA00AE2C95
:1062C000AD03AE2C9A007A08CC2C4B2C4A034B2CF5
:1062D00003FA0803CF2CE408D90800884012DA003A
:1062E0000E2CBA080D2CDB1000CC001C78627A4B07
:1062F00000F8DB280A2C00F00103E4C40400A2E348
:106300002CE31003142318431C6320A32863301FBD
:1063100063D8231063184314A320E324A32046600A
:10632000027B8424D6E232E474DA0400E6400AC038
:106330008400C2E470DA0400CE400AC084006EDB40
:10634000001C00080080CAD008C47806C480000081
:10635000DB1000F800E4CA040408C48806C49000F6
:10636000DEDB2800D6405EFA01C4980006C4CCFEED
:1063700000E00CDE00D90008041900A1BA59006A37
:106380006D1E0088CA040408C4A006C46C00820AFA
:10639000C46800784143A2C463006AE32423104325
:1063A000146318A32063281F63C8631C43180310D9
:1063B0002314A330E334A3304660027BBCE2062FF3
:1063C0006EE4B2DA0400B24006215AE4B0DA040006
:1063D0009E40062246E4AEDA04008A40062432E4F7
:1063E000ACDA0400764006281EE4A8DA0400624015
:1063F0000CDB00B8003E2FDB2000AAC003DE606388
:10640000E8FE40E310DB303E801EC0FE0000C263A9
:1064100018401A4320DAC21E0ADAFF8858004143A6
:10642000E6C32063E8DE0CC310DB603E081E04FEFA
:1064300000007A63184014A1BA6D7908DAFF0641AA
:1064400043ECC1FF1EDB90000EC003DE6063E85E1C
:10645000404310DBA03E801EC0FE000026631840B3
:106460001A4320DAC23E2ADAFFEC59004143E6C360
:106470002063E8FE0CE310DBD03E081E04FE0000A3
:10648000DE6318401ADAFF7C400EFA01DB0000C020
:106490004143E6E334031023144318631CA3306321
:1064A000381F63D82314631C03104318A320E3246C
:1064B000A320460760027BDC2468E47CE10CDB005F
:1064C0001E00800234E410DA0400AA400CD9000F48
:1064D0000E00E40CDA040090400AB9000D00030637
:1064E0000042E407DA0400704044E404DA08006083
:1064F000401499006C006B01016C00E400DA0800A4
:106500003E40125900DEEA00EEEA00E4FBDA040045
:106510001E4044E4F8DA08000E4014B9008D008CE7
:1065200002028D00E4F4DA0800EC40127900FD4B21
:10653000004F4B00E4EFDA0400CC4044E4ECDA080E
:1065400000BC4014D900AE00AD0404AE00E4E8DAAB
:1065500008009A401299005B6C006A6C00E4E3DA70
:1065600004007A4044E4E0DA08006A4014F900CFFD
:1065700000CE0808CF00E4DCDA0800484012B90079
:10658000778D008B8D00E4D7DA0400284044E4D4F2
:10659000DA08001840145900EA00EF0303EA00E4A7
:1065A000D0DA0800F64012D9009CAE00ACAE00E490
:1065B000CBDA0400D64044E4C8DA0800C6401479B7
:1065C000004B004A0C0C4B00E4C4DA0800A4401253
:1065D000F900B3CF00CDCF00E4BFDA04008440441B
:1065E000E4BCDA080074401499006C006B05056C7B
:1065F00000E4B8DA08005240125900DAEA00EEEA84
:1066000000DB100096B900C414ED0000C6C4B4004D
:106610007EE324031023144318631CA32063281F64
:1066200063E0A318E31CA318E13CC604E3140000D4
:106630003EE314CF00C0CA0AC406C110C002C6049B
:1066400000201CBEFFA450E450E1C002C618004068
:10665000E31CA31863201F0063C86328A310C3149E
:10666000E318031C23204324A330E334A330600247
:106670007B44E138C604E32C0000AAE32CCF00C021
:10668000CA0AC406C00CDB008E00BC5EFFBE06401A
:10669000A4CA00A2F601DB1C00AC60036B6080C0E2
:1066A00096AC4D4BDAE80088DB30CAEB1E3F008029
:1066B00000D0000318C8D8007E38E32CE7D8004487
:1066C000CAEB00CCCA59004018E32CCF00C00CDA4A
:1066D000E8CAFF00DAEC0028DB48CAEB1E3F0020C6
:1066E0000070D80026F7D900F2CAEB007AB900A0F2
:1066F000CA18832C6C00600CDAECCAFFAEDAF0002A
:10670000D6DB60CAEB1E3F00CE001ED800D4F7D9FE
:1067100000A0CAEB0028CA59004018E32CCF00C0E3
:106720000CDAF0CAFF5CDAF40084DB78CAEB1E3FB7
:10673000007C00CCD80082F7D9004ECAEB00D6B955
:1067400000A0CA18832C6C00600CDAF4CAFF0ADAC5
:10675000F80032DB90CAEB1E3F002A007AD80030E6
:10676000F7D900FCCAEB0084CA59004018E32CCFCB
:1067700000C00CDAF8CAFFB8DA0400E0DBA8CAEB04
:106780001E3F00D80028D800DEF7D900AACAEB00C7
:1067900032B900A0CA18832C6C00600CDA04CAFF5E
:1067A00066DAFC008EDBC0CAEB1E3F008600D6D83E
:1067B000008CF7D90058CAEB00E0CA59004018E332
:1067C0002CCF00C00CDAFCCAFF14DA00003CDBD886
:1067D000CAEB1E3F00340084D8003AF7D90006CA3D
:1067E000EB008EB900A0CA18832C6C00600CDA0094
:1067F000CAFFC2DA2C00EADBF0CAEB1E3F00E2005F
:1068000032D800E8F7D900B4CAEB003CCA590040BE
:1068100018E32CCF00C00CDA2CCAFF70DA300098D5
:10682000DB08CAEB1E3F009000E0D80096F7D900C5
:1068300062CAEB00EAB900A0CA18832C6C00600C95
:10684000DA30CAFF1EDA340046DB20CAEB1E3F00F6
:106850003E008ED80044F7D90010CAEB0098CA5900
:10686000004018E32CCF00C00CDA34CAFFCCF6DBB2
:106870003800FAD6FF90DA0800E4DB4CCAEB1E3F82
:1068800000DCDA0C00CCDB60CAEB1E3F00C4DA107F
:1068900000B4DB74CAEB1E3F00ACDA14009CDB884A
:1068A000CAEB1E3F0094DA180084DB9CCAEB1E3F43
:1068B000007CDA1C006CDBB0CAEB1E3F0064DA20FF
:1068C0000054DBC4CAEB1E3F004CDA24003CDBD88A
:1068D000CAEB1E3F0034DA280024DBECCAEB1E3F73
:1068E000001CC1D506FF5EE334A310C314E31803F4
:1068F0001C232043246328A33063381F63C8632804
:10690000A310C314E318031C23204324A330E3344F
:10691000A33060027B44E138C604E32C000062E34C
:106920002CCF00C0CA0AC406C00CDB004600365E8D
:10693000FFBE0640A4CA001CF601DB1C0064600315
:106940006B6080C096AC4D4BDA080040DB30CAEB80
:106950001E3F00380088000318C8D8003638E32CE2
:10696000E7D800FCCAEB0084CA59004018E32CCFDA
:1069700000C00CDA08CAFFB8DA0C00E0DB48CAEB4A
:106980001E3F00D80028D800DEF7D900AACAEB00C5
:1069900032B900A0CA18832C6C00600CDA0CCAFF54
:1069A00066DA10008EDB60CAEB1E3F008600D6D888
:1069B000008CF7D90058CAEB00E0CA59004018E330
:1069C0002CCF00C00CDA10CAFF14DA14003CDB78BC
:1069D000CAEB1E3F00340084D8003AF7D90006CA3B
:1069E000EB008EB900A0CA18832C6C00600CDA147E
:1069F000CAFFC2DA1800EADB90CAEB1E3F00E200D1
:106A000032D800E8F7D900B4CAEB003CCA590040BC
:106A100018E32CCF00C00CDA18CAFF70DA1C0098FB
:106A2000DBA8CAEB1E3F009000E0D80096F7D90023
:106A300062CAEB00EAB900A0CA18832C6C00600C93
:106A4000DA1CCAFF1EDA200046DBC0CAEB1E3F007C
:106A50003E008ED80044F7D90010CAEB0098CA59FE
:106A6000004018E32CCF00C00CDA20CAFFCCDA2497
:106A700000F4DBD8CAEB1E3F00EC003CD800F2F774
:106A8000D900BECAEB0046B900A0CA18832C6C001E
:106A9000600CDA24CAFF7ADA2800A2DBF0CAEB1E07
:106AA0003F009A00EAD800A0F7D9006CCAEB00F4C6
:106AB000CA59004018E32CCF00C00CDA28CAFF28BE
:106AC000D6FFFEC1D506FFE4E334A310C314E318D8
:106AD000031C232043246328A33063381F0063C8AA
:106AE0006328A310C314E318031C23204324A330FA
:106AF000E334A33060027B4CE138C604E32C000091
:106B00009EE32CCF00C0CA0AC406C00CDB00820082
:106B1000665EFFBE0640A40A004CF801DB1C00A024
:106B200060036B6080C098AC4D4BDA38007CDB3082
:106B3000CAEB1E3F007400C4E003F7C8D7007237E9
:106B4000E32CC7D70038CAEB00C0CA59004018E38D
:106B50002CCF00C00CDA38CAFFF4DA3C001CDB484A
:106B6000CAEB1E3F00140064D7001AF6D900E6CA2B
:106B7000EB006EB900A0CA18832C6C00600CDA3CE4
:106B8000CAFFA2DA4000CADB60CAEB1E3F00C200A7
:106B900012D700C8F6D90094CAEB001CCA590040AD
:106BA00018E32CCF00C00CDA40CAFF50DA4400785A
:106BB000DB78CAEB1E3F007000C0D70076F6D90024
:106BC00042CAEB00CAB900A0CA18832C6C00600C42
:106BD000DA44CAFFFEDA480026DB90CAEB1E3F000B
:106BE0001E006ED70024F6D900F0CAEB0078CA590F
:106BF000004018E32CCF00C00CDA48CAFFACD8FF25
:106C000016DAE800CEDBA8CAEB1E3F00C6DAEC00BD
:106C1000B6DBB4CAEB1E3F00AEDAF4009EDBC0CA9E
:106C2000EB1E3F0096DAF80086DBCCCAEB1E3F0075
:106C30007EDAF0006EDBD8CAEB1E3F006601150657
:106C4000FFB4E334A310C314E318031C232043242C
:106C50006328A33063381F0063C04328C318632C24
:106C60008310A314E31C03202324A338E33CA3389C
:106C700060027B30C41C40035A60E1A12EC604E3CD
:106C8000340000D4E334CF00C0CA06C10CDB00805E
:106C900000F6BEA484A00EDB20006A00E09AB88152
:106CA0000A7A78610CDB30004EC400BC0008CAFFD1
:106CB000469A2003540839785994F600E1F906C041
:106CC0000AC0FFDE88D798D70060DAC8B600A1D91D
:106CD0005806C00AC001DE78D95CD9C40038195CF6
:106CE000F798DB4800140114B8019600811A780661
:106CF000C004C1D600166484600422000241041856
:106D00005AB841E6FA78E1DE011544E33C8310A36A
:106D100014C318E31C032023244328632CA33863E3
:106D2000401F63E06310A318E31CA31866E210C0C1
:106D300002C68C003682DB04E314000062FB08CF3D
:106D400000C0CA0EA3148D00800A6088CB10C00258
:106D5000C6A000F84444844010C002C6B800E22E29
:106D6000FE00CFA420CD00CE8498CC009E01CC00A4
:106D7000046CFFC0046CE31C6310A31863201F00A5
:106D800063D043106314A328E32CA328601A43188C
:106D9000DBC25E4ADBFF925A006163E6C31863E818
:106DA000FE0CC002E310C6D03E081E04FE000080A8
:106DB0006318E32C43106314A32863301F0063E8B7
:106DC000A310E314A310005004F00050100204F8C4
:106DD0000050100404FC0050101404000050102453
:106DE00004040050103404100050104404080050F3
:106DF000104C2050040C003410780104A034E4FC42
:106E0000AD78CF00CD06C104C0C4408440811C8051
:106E100050C00C6C84C10B004040CAF0E314A310B6
:106E200063181F0063E0240C0408A318A318C410FF
:106E3000E31CE40463146400431044FCE4F8C484D9
:106E4000C003CF00DE60BA009E008D007A005EC0F5
:106E50004B04FA00DE80CF08BA009E408D0C7B0008
:106E60005E084B00FB00DEC8CF049E88BB008D0887
:106E70007B005E484B0CFF00DE10CF00BF009ED0B1
:106E80008D047F005E904B08FF00DE50CF0CA80001
:106E90009EA88D0068005E684B02A8009E288D04A5
:106EA000DEE84800C003CA06DE406A045E006600F1
:106EB00088004B00E600DE04CF04A6009E088D0883
:106EC0005E0C66004B0CC003DE3CE900DE00CF0028
:106ED000A9009E028D024900DE04CA046A028900EC
:106EE0005E064C060001A4F0C9000D00E31C43102F
:106EF0006314A31863201F0063D8C48423104314B1
:106F00006318A320E324A32024D6E484C6CFC006BC
:106F10000082A484CD8E9E6C0F64844B5E448440BA
:106F20000F166012C080009CC0A0FF50C4CCFE00B1
:106F3000E00CDE00D900080419009900ACBA10C4B6
:106F400000A4C058FF1C44646A030356FFB0FB034F
:106F5000E30308FF0A1ADB010106FF5CBB0202061D
:106F6000FFB89B0C8C0C08FF7E1A7B040406FF0400
:106F70005B080806FF60FA03E30308FFC21ADA01A0
:106F80000106FFE4BA020206FF4C9A0C8C0C08FFC3
:106F9000EA1A7A040406FFA45A080806FF0CC4CCB7
:106FA000FE00E00CDE00D900080419009900ACBB1B
:106FB00028002ACA04041CC058FF3244646A030330
:106FC00008C40064A484FACFCD8E0F0F0AC08000DD
:106FD00086E324231043146318A32063281F63E06F
:106FE0006310A318E31CA3186424E4B40F0000B0DA
:106FF000CA020208C2003A009E0080CAD00AC080BD
:1070000000240088CA040408C40012DB00C00AFF80
:107010009AFFE6BB0080E8AC126464000070646410
:107020000C5B00415B00E31C6310A31863201F008E
:1070300063E06310A318E31CA3186428FB00C08C52
:10704000EE140008CA040408C40092BB0080A0AC7F
:107050004600EACA020208C2007400D80080CAD002
:107060000AC080005E64B40B00E0A05B004F0AFF22
:10707000DAFF26DB00A040CD128464000090846417
:107080000C7B00617B00E31C6310A31863201F00CE
:1070900063E8A310E314A31006040600E314A3108E
:1070A00063181F0063E8A310E314A310C60066046E
:1070B000CB085E4B0CFEEB4F0102E314A3106318E8
:1070C0001F0063E06310A318E31CA31866FFAEC0A3
:1070D000FD5E14E46CE106410CDBFF6C4002E31C36
:1070E0006310A31863201F0063E8A310E314A31028
:1070F000C604EEE18608AEE604AC4000EACD000628
:1071000006045E02E314A31063181F0063E8F8F896
:10711000E314A310A310C600FEE1A608DECDE6002E
:10712000EE006608E00046004F060600E314A310D8
:1071300063181F0063E063144310A318E31CA31833
:1071400046641800301000C003041400301002C65A
:10715000541B0001046C04E8FF70C003C65CFF64AC
:10716000FB000F0000B0DB000E0000A4BB000D0010
:1071700000989B0000400C00008860804BDA1E04E1
:107180001A4000CA1202C005C60000B810C002C6EC
:107190000000AA02FB00004E0F0000440036041C51
:1071A000DB0000360E00002CA4747D8D008B8D005A
:1071B000E31C43106314A31863201F0063E8A310AB
:1071C000E314A310C004C1C1FCE314A31063181F8F
:1071D00063D00318231C4320C310E3146324A328A3
:1071E000E32CA328441C200339540418F8006F0032
:1071F0007BFFDB02028CA41400409B90CD0004D4E2
:10720000FBE003F75CD7FF0CF6D7FF04D7FF6A411A
:107210002A7A006BFF000110DB707A005800FA0038
:10722000EFFFEA002E0038DBD024BA00ADFF0036B5
:10723000B0BA0098007A006BFF6C005B01014EF958
:1072400000D904EE106414D9FF405B00B900990422
:10725000AC287A006BFF000110FE707A005800FA2B
:1072600000EFFFEA00C4200E00E32CC310E3140378
:1072700018231C43206324A32863301F63E8A31052
:10728000E314A310E003C003EF5CCE60EE064006FB
:107290004102E314A31063181F0063D8C003DE5C2F
:1072A000E324A320431823140310631CA3200664C3
:1072B0001CFE00DE04EE4200269B008CFFACB0609A
:1072C00026AB245B004AFF0036505B00DB00E4186D
:1072D000CEFFCF0040803E3EDEFF1E4AD9FF16584B
:1072E000000038500036BB00ADFFB0BB0084187BF7
:1072F000006BFF6C005A02E324031023144318634D
:107300001CA32063281F63D0431C6320E3100314D5
:107310002318A328E32CA328E660037B5C441C000D
:107320008600EE400840FF7AFB00DB04EE1CDBFF2A
:10733000722ADBFF6A57000038300100269A008C61
:10734000FFACB06026AB32DBFFB8C0805E245A00D1
:107350004AFF0036505A00DA00E418CEFFCF000191
:107360000659047CE32CE31003142318431C632008
:10737000A32863301F0063C8E314C3100318231C41
:1073800043206324A330E334A330C6E4E84076000E
:10739000E8C464C0460000FEF03CC4640000D0C4F1
:1073A00064A46CA126FF8EC430004A1A360CD900A2
:1073B00021005A981F80F0C32FFF9AC0FF5E8AC336
:1073C0002FC862E07FCF42CACB1C40707F5FB700FE
:1073D000A10AC42C00F45AC32FCD82CA624B4C1CA4
:1073E000F700E10ECD00F2CA00EC1B0030D700C15F
:1073F0000AC32F00D6DB61A32F41804F4CBE00088B
:107400001B00041CE334C310E3140318231C4320A3
:107410006324A33063381F0063E06310A318E31CE8
:10742000A3186464E450E118DB00C0100000DED053
:10743000064044A47CA106FFB29B00802CC4A8FF98
:10744000025B006A020208FF2E12DB00EE01010659
:10745000FFC04102E31C6310A31863201F0063D820
:10746000631823104314A320E324A3202638386490
:107470001C0240035A54DAFF9641F0FB00EFFF0074
:107480000110FEF0FB00C418BB00ADFFF9DAAE003E
:10749000FFF89B008CFF8C019B0064185B004AFF87
:1074A000014B00E324231043146318A32063281F17
:1074B00063E06310A318E31CA3186678786A08CD0C
:1074C000FFE0DBFF36E31C6310A31863201F63E0BB
:1074D0006310A318E31CA318660EFB61CF00FFA482
:1074E000DB00C0EEE31C6310A31863201F00030839
:1074F000230C63E06310E31CA318A318E324E32424
:10750000031460037B30E800E6DB0024DBFF82E34A
:107510001C6310A31863201F63E8A310E314A310D7
:10752000C003C654FF0040F2E314A31063181F0009
:1075300063FCE300004CFFC000DCE30063040000D8
:1075400063FCE300002CFF1400BCE30063040000B4
:10755000411F451FC51F581FD81F638023004304C8
:107560006308830CA310C314E318031C23204324D3
:107570006328832CA330C334E338033C23404344C3
:107580006348834CA350C354E358035C23604364B3
:107590006368836CA370C37441604378637C852007
:1075A0000021FF81851F858C00854378637C4160C5
:1075B000230043046308830CA310C314E318031CC3
:1075C000232043246328832CA330C334E338033CB3
:1075D000234043446348834CA350C354E358035CA3
:1075E000236043646368836CA370C37463801F006B
:1075F00063E8A310E314A3100031103C042400310D
:10760000103804E4003110340420003110300490AC
:107610000031102C048C0031102804880031100037
:10762000203104742101013CE4E40F00C4200E0069
:10763000A4900D00848C0C0064880B00447400FF3F
:107640000A00E314A31063181F0063E063144310DF
:10765000A318E31CA31866DB289B207B242B6C005B
:107660004B69007E005B403CE438EA00AFAB004D64
:1076700000081B00209E89004C005E004A000601A5
:1076800004021B0030FEFE00CF00CC00DE00FAC476
:107690003CCA005E00081B0008031B00E31C4310EB
:1076A0006314A31863201F0063D0E310E32CA32806
:1076B000632023180314431CA32846E44CDA209AC1
:1076C000243A285A00431A400600164006000E428B
:1076D000CAA001ADB4CDEE000F00C400F6004A0010
:1076E0007C00989700DECCC600DEE44000946ACAB5
:1076F000CA009E7E6A00CBABAA00B47ECCDB007EC3
:107700007E7E0044485800CACC00DECB0000FACA96
:10771000DB005EC4445E00CADB009EDEDB007E6AE6
:1077200000BEB700607ECCDB007ED9CC009E9B0003
:10773000787900CBDB005ECB6A00ABBB002EDED9D4
:10774000C600DE008E6A787900CB6A00CB8A97008B
:10775000BEAC00027A045A089A0CDA10DA147A18CD
:10776000BA1CE32CE31003142318431C6320A32842
:1077700063301F0063E0C0024310E31CA3186314CE
:10778000A318DE0044546450E63CE000102620E6D6
:1077900024062820E62020002FC624E000EEA6289C
:1077A00000000D899B0026446986487A0046004304
:1077B000664CE6740600704006006842EAC001CEDE
:1077C0008CEE4F000A009C00C2002C00BA00460458
:1077D000A9AA008D8A007F7B0086606664666C00C3
:1077E0001CE94604EA00CFCA00898A006A6A004C94
:1077F000E650AEC7DB00BB004B00EAFA00A654C659
:107800005CE6589FA608A7009B00A660DFCF008615
:1078100064866CC670B08946048A006A6A00E9EA28
:1078200000CFCA004CAEC7DB00E6504B00C65C6818
:107830006800EA4B4700FA00BB00E658DFA654A7F1
:10784000A8008D8900ECEA00CFDB00CE00C664C63C
:107850006CDF8658CC0006600668C6702266046835
:10786000000660DFCB0006686664C66C02E31C435A
:10787000106314A31863201F63E06310A318E31CB4
:10788000A31866DB807B984BDB34DB24A000FB94E1
:107890006FCB009B84ADFFDB3C9B389B288EACDB21
:1078A0002CC000BB4026BB389B3464586C00EBEC0A
:1078B00000CFDE00CECD001EDB38DB34645C7E0002
:1078C000EBFE00CFCE00DB20DB30DBFFFEDBFFB4C6
:1078D000DBFF46E31C6310A31863201F63E8A310BB
:1078E000E314A310C710DE00D6E708CF006EC7046C
:1078F000DE0030C00006C024464600A74CCD008EF6
:1079000000666C00EBEA00CF0034465E00CAC75444
:10791000CA00475C5E0087586C8E00CADE00ACAEC1
:1079200000CD005E470CCA00384600CA87608A0056
:1079300047644C009E9E00C74CDE006E6C00EAEB74
:1079400000CF001EA768C6CA00AE0067644B6D007A
:10795000CB00B84718CA0076E714CF003A465E005D
:10796000CAC760CA00876C8E00DEDE00474C5E002E
:10797000AAAE006C6D00CB0032875C6C4600CA9EDC
:107980000047545E00C770CA004C5E00EEEA00CFAC
:10799000003A471CCA0028C74C4600CA006E8A8AB3
:1079A000006C0047744B00CA000AC774CE00A7944D
:1079B000CD5E02E314A31063181F63E8C0A310E3B5
:1079C00014A3104710CA007AE708CF00424704CA40
:1079D000001CDE000412C6A748CD00C6CE001CCA9B
:1079E000465E00CA8750CC006754CB002E470CCAB5
:1079F00000204600CA47485E00CA0047605E00CAD1
:107A000006C768706718CB0048A714CD0024CA4683
:107A10005E00CA87488A00CC0047605E00CA1A4BE5
:107A20004600CAE750CF00C754CE0020471CCA000A
:107A3000164600CAA748AA00CD00025E02E314A3BE
:107A40001063181F63E8C0A310E314A3108710CCC1
:107A5000004CE708CF0026C704CE0016DE00040C59
:107A6000C6A744CD0006C7501C470CCA00124600EA
:107A7000CA8744CC00025A6718CB002E4714CA00AC
:107A800018E6EC00C744CF00C000CE0C8750C00001
:107A9000CC24471CCA001ACAC6007E47445E00C0F8
:107AA00000CA025E02E314A31063181F63E8A31068
:107AB000E314A310E688E678A680C498CD00C67CBF
:107AC000E314A31063181F0063E8A310E314A310CA
:107AD000E688E678A68CC498CD00C67CE314A31093
:107AE00063181F0063E8A310E314A310C77866149B
:107AF0008B7E004BE000EFFF677CEAEB002E9E00E0
:107B00000EC614CB00C614A614BE00108D677C8B65
:107B100000861406C614E314A31063181F0063E85C
:107B2000A310E314A310877C4778C000CA66144BE7
:107B300000E000EFFFEAEC002C7E000CCBCC00C68E
:107B400014A614BE00108D677C8B00861406C61424
:107B5000E314A31063181F0063E8C0A310E314A389
:107B600010E614FE001ACFA77CCD00DE00C6140676
:107B7000C61466147E001A4BE77C4F005E00461464
:107B800006C614E314A31063181F63E8C002DE00E6
:107B9000E314A310A3101E7EE4A84FFFCF01AAAEEA
:107BA0008D8B4C52FE2802C8092EA9BF8D01696C2D
:107BB0004B4F696A4918C8FFAAAEEAE88D005F8F8B
:107BC0000040E86168000641045F4460446002E3ED
:107BD00014A31063181F63E8C002DE0CE314A310A3
:107BE000A3104464EA00E66FC003CE506EEA0014AE
:107BF000AFA60CAA0004285F0A4A004602E314A3B9
:107C00001063181F63E8A310E314A310C002C60C8E
:107C1000E00086C002C618E10078C002C624E10078
:107C20006AE314A31063181F63E8A310E314A310FE
:107C3000C022E003EFA85E4FCA00C00C010A005E3C
:107C400018C1A064CDDA00185F042802E314A31061
:107C500063181F0063E06310A318E31CA31867FFF9
:107C6000925FCA065F345B03E003EF447E6F41CA54
:107C7000A003ADE0CB007E6D408A5E038B0002E383
:107C80001C6310A31863201F63E8A310E314A31060
:107C9000FF305FCA065F28C003CE44FEEE018003BA
:107CA0008CE0BEAC0F000D005E02E314A31063185D
:107CB0001F0063E8A310E314A310E003EFA8C6CFEE
:107CC000DE00C00C095F04282A80038C44A6AC1E89
:107CD0000040034AE0666A0D000B004002E314A373
:107CE0001063181F63E0A318E31CA318C317FF3029
:107CF000C317CD04CA5E02E31CA31863201F63E010
:107D00006310A318E31CA318666A08CDFFE4DBFF29
:107D10009EE31C6310A31863201F63D82310431431
:107D20006318A320E324A3204728C003CE44E6EE33
:107D3000AF00A0600C095F04283426FF525FCA0C14
:107D4000055F04281E5A4161CACA00040A993F808F
:107D5000D65B02E324231043146318A32063281F77
:107D600063D8631843142310A320E324A320476897
:107D7000C003CEE0E6EEAF00A03B0C095F04281C78
:107D80000E9A41CC00FFF27B7F60EE5902E3242380
:107D90001043146318A32063281F6358431803106B
:107DA000631C2314A3A0E3A4A3A02667084428C04F
:107DB00003CEA8F9EEAF00A00C095F1A00880006F8
:107DC000020E00165F1A0074D9009A400E00065B7E
:107DD00062405E014E604A60036B44998B4C0040E8
:107DE000362EE0806F0080041BD9E320FF5C40CA80
:107DF0000E001D5F1A00167E60D20E001D5F1A0075
:107E000002E3A4031023144318631CA3A063A81F58
:107E100063E8A310E314A3105F02A31063181F000C
:107E200063E8A310E314A3105F02A31063181F00FC
:107E300063E8A310E314A31007001F07040714400E
:107E400002E314A31063181F63E8A310E314A31044
:107E500007001F070407144002E314A31063181F50
:107E600063E8A310E314A310401102A31063181FCA
:107E700063E8A310E314A310A0E0EDA31063181FA0
:107E800063E8A310E314A310C0081F06005F02E319
:107E900014A31063181F63E8A310E314A310410296
:107EA000A31063181F0063E8A310E314A3100600D7
:107EB0000604E314A31063181F0063E020022930B6
:107EC000E31CA318A318631060037B0CE600FF08F3
:107ED0004000721B20070CE00DEF000F00F467A0BC
:107EE00001AD80C8CD8E8B1EFD040700FC40014A09
:107EF000801B18070AC01E0CE001EF800F6018A05D
:107F000010C8CD8E8BA03CE03C48DB084FCACD604A
:107F10003C8840E2DB048B4AE0C7DB00CAC6727CC7
:107F2000E6FFCF03A6AE8D8B464C00031CC064E673
:107F3000EEC00E8090A6ACC00401E806667F4B033D
:107F40000A02A064C6CD0E6090868B0C08A7468EF0
:107F5000C0E16E806A80014C8048CACBC704DFC78D
:107F60007EFE60016B80EBE004E1FB1CE10020E899
:107F7000E2E901CF0008E004C1FE040AFE010BE0C3
:107F8000A6D41B10BB14FB0C5B02E31C6310A318EC
:107F900063201F0063D843106314A320E324A320AD
:107FA00046007E6A403C4BDA00CAC31CFA00FF6000
:107FB00008400046C31CFF0840CA04EC5E1042069D
:107FC0004A0660B2430A490661A649345E0C6ADE7D
:107FD000184E044C8A07A01F8DF46A040E6A0C9E8A
:107FE00008820461707E1440576A345E0C6AFE1881
:107FF0004F044C8A07C01F8EF46A040E6A0CBE0838
:10800000A20461329E0CAC7E188B4C07044B6AF9BB
:1080100061F8AA040EAA0C5E08420461607E206822
:10802000FE08E1C018EEFE0856BE1C1E08A19E18F0
:108030008187BE1C9E18061E187E0C61C002CE30C1
:108040005E1042EA7E0CEEAF006D12019E10811EA2
:108050000C9E105E02E32443106314A32063281FC8
:1080600063E8A310E314A3104002A31063181F00D9
:1080700063E8A310E314A3105F02A31063181F00AA
:1080800063D8631C231403104318A320E324A32004
:108090002660027B60200A20033930E42CE07C401B
:1080A000035A50C46812DE5AAE00C141AA009E00B5
:1080B00080EA001F7E6A4B50EAFB9A001FCF00BE89
:1080C000A541CC008D906C7B001FDA4B00FEF04187
:1080D0004E00CFDB5AAE0041AA001A0059C003DEA1
:1080E00050129E5A6C00C1416A005E0040EAC42CE6
:1080F000C15AC42C001FFEF0CFDB6A418E00C5C000
:108100008B00E40A00D9E0FF9A5F0A08D8FF4A1FF3
:10811000BC5902E324031023144318631CA32063F7
:10812000281F63C8031CC314A310E318232043248F
:108130006328A330E334A330C60760C0FF8800EA99
:1081400024D6E0FFFF885F2A085F00F4D9FFCA4009
:1081500000E8D6E0FF005F4A12D7E0FFFF585F2A31
:10816000105F08DAFF9C5FBA1C7804781BF5D9FF12
:10817000E26A067F201B000418E330A7DA0000FF44
:1081800036406ACCDAFF5AD9FF5400686064D7E001
:10819000FF885F4A12D6E0FFFFE05F2A105F08DA2F
:1081A000FF245F42141BF8D9FF706A067F18E33082
:1081B00007DA0000FFCC406ADADAFFF0D9FFEAD72D
:1081C000FFC05B02E334A310C314E318031C232095
:1081D00043246328A33063381F0063E8A310E3142B
:1081E000A3104002A31063181F0063D86318231064
:1081F0004314A320E324A32066600AE0206F065FF7
:108200003EA002AD7CDBC24E4DCE693A000620088E
:10821000C1FFBE21121A00DBE001FF3A194002E360
:1082200024231043146318A32063281F63E8A310BA
:10823000E314A310C00AE020CF065F1AC6C2A00252
:10824000AD7CCD5E00FE0002E314A31063181F0096
:1082500063E8A310E314A310014470060002E314C2
:10826000A31063181F0063E8A310E314A3100030E9
:1082700004300030100204340030100404380030A0
:108280001006042C00181084C204EC001AE314A396
:108290001063181F63E8A310E314A310E42C00304C
:1082A0000F00C43000FF0E00A43000FF0D00E314E7
:1082B000A31063181F0063E8A310E314A310E42CB9
:1082C0000F00443000FF6A00CA00CEFFCED0D0D0ED
:1082D000BEA800FF6BFF8B90CCCDD0D05E02E31424
:1082E000A31063181F0063E8A310E314A310E42C89
:1082F0000074C00F00384434C4ECC68E9090CC009B
:10830000FF909090C87E00FF8A00D0D0D0E434CF98
:1083100000E314A31063181F63E8A310E314A31071
:10832000E42C00B4C6D00F0000FFD05EA43850503B
:1083300050C800FFD04D00D0D08438CC00E314A347
:108340001063181F63E8A310E314A310003010009B
:10835000047000301000047800311000C000043CAC
:1083600004400024C0000058C0000014E314A3100F
:1083700063181F0063E8A310E314A310E440EFFFA9
:10838000E6E440A440C470ADFFAE00E314A3106364
:10839000181F63E8A310E314A310E6C440CEFFCF78
:1083A000C4408440A4708CFF8D00E314A3106318B4
:1083B0001F0063E8A310E314A310E4704F004AFF0A
:1083C00002A31063181F63E8A310E314A310444032
:1083D0004AFF02A31063181F63E8C002DE00E31423
:1083E000A310A3102480A003AD50E6E2CFCD8E00F1
:1083F0004F4C2C6A0202360000C900EEF02844708F
:1084000000008A008CFFACB0126A006BFF4069006C
:10841000164470EA00EFFF41E90002E314A3106381
:10842000181F63E8A310E314A310A003AD50E6E205
:10843000CFCD8E004C2C6A0404CF26C000FF6EE422
:10844000700000AF00ADFFCDD00640100AC000FFA5
:10845000864102E314A31063181F63E8A310E3141A
:10846000A310A003AD50E6E2CFCD8E004C2C6A04E1
:1084700004CF26C000FFFEE4700000AF00ADFFCDCA
:10848000D00640100AC000FF164102E314A3106397
:10849000181F63E8A310E314A310E4700001100098
:1084A000AF00ADFFCDD008400008408002E314A328
:1084B0001063181F63D06320E31023180314431CB8
:1084C000A328E32CA32826E76444E004E7FF000088
:1084D00012400640E4C010FF3AC000FF6E00203B8F
:1084E0000019000020FB004019C0200F00005EDBD7
:1084F00000000110A0C60E000048BB0080018CFFE8
:10850000CD00DEFFCC266D6257596A7B0014C01087
:10851000FF04C000FFC0444041E0E84F16C010FF18
:10852000E6C000FFA24040DB0000200E00BB0000C0
:1085300020C0200D0000CE701B001800C010FFA846
:10854000C000FF644102E32CE31003142318431C12
:108550006320A32863301F0063D8631C0310231417
:108560004318A320E324A32046270810106444C026
:1085700010FF06C000FF3A5B00F8DB000064401605
:10858000C010FF20C000FFDC402CFB00E2D9DAEE77
:10859000FB0014C010FFFAC000FFB604BA4102E3AA
:1085A00024031023144318631CA32063281F63D8DB
:1085B000631823104314A320E324A320462730305C
:1085C0006444C010FF60C000FF945B0040FB0000EB
:1085D000400F00DB00CA2E000088BB00000110C065
:1085E000C60D0000729B000C007B00CB00D922411D
:1085F00040194A16C010FF38C000FFF440229EC048
:1086000010FF22C000FFDE02FB00410F0002E32446
:10861000231043146318A32063281F0063E8A310EA
:10862000E314A310C004C1C6FCE314A31063181F15
:1086300063E8A310E314A31000301000C003044843
:1086400000301000DE30E0045404601E0CFE08FE12
:1086500004FE00003EC003DE40801E0C9E089E0407
:108660009E00E474B7CF00CDCF00E314A3106318CD
:108670001F0063E80450E44CE314A310A31000307F
:1086800010100800003010202007006EC9C2C0037F
:10869000CE30CEA4845E004D0008BE001064884B2E
:1086A00000067E00FE00C48CEE00AF0087004D0087
:1086B0004C004868004B0021E700E4C800C4E70014
:1086C000C8002492A4480D00E314A31063181F00EF
:1086D00063D8680450E324A320A32047E44C00306F
:1086E0001010080000301020C3100700DE005E04E8
:1086F0007E083E0C20668982CCE310CFC0FF5E006E
:108700004E0800FF0EA0004D0A00001E0063108BF3
:108710004700CC00DE00CA00C8E800CF0021A70057
:10872000A4880084A7008800249A64480B00E324EE
:10873000A32063281F0063E8A310E314A3100030F4
:108740001010045000301020C003044CDE305E00D6
:10875000E4904F0008FE0010A4944D0006BE007E79
:108760000044986A00EB00C44C8F008E0088A4502F
:108770008D0064480B00E314A31063181F0063E826
:10878000A310E314A310E454010F000460E314A346
:108790001063181F63C0231043146318831CA320A5
:1087A000C324E328032C4330C334A338E33CA33869
:1087B0004454EA00C458FE00CA00DE028A009E0447
:1087C0004A00027E045E060460C338BEE33C231008
:1087D00043146318032C43306340000063E8A31084
:1087E000E314A310E460E1FAC03A5E42CA5E416A53
:1087F000E4584FAEE49CCA00C46E004B4F008003A7
:108800008C40ACC14D00C4C60460E314A3106318CF
:108810001F0063E8A310E314A310E460E1FA44A08E
:10882000C458C48E006C6A00200361400460E314E5
:10883000A31063181F00E6FF464F4F1F63E0E31CC1
:108840006310E468E0660ECFE501FF9A0EA464A011
:108850000ECDE501FFAE1EDBFF30E31C631063208D
:108860001F006348E3B46310E803AF66E710E0C09D
:108870000ADFD0D0EEA81FE00D0004C1E0200A8777
:10888000048046E0264A7F6AE0FECF30881FBFCCD6
:10889000008AAC606DEB18EA5F4FDE30681F8ACB50
:1088A00000EC21E0BE100030681F210B0047042AB5
:1088B000ECC010002DE81F0F002CC70AC010002BC1
:1088C000A81F0D0016870B800E0020681F0B001FCD
:1088D00001DB07040094E3B4631063B81F0063482E
:1088E000C3AF64FFE3B46B14E6A058C711CD1E00FC
:1088F000E28F844CCCCB4710400AE8F0F00F000A1E
:10890000C704C07EA711806FAC08238706248F6C34
:10891000684B46DFEA0009FE00EC2314C70CC00CCC
:108920000030DF1E0043AF87044C0C0030DF1E0018
:10893000CAF4241E670C60164711DF00305E00DFAA
:108940001E001F1EDF070400AEE3B463B81F6348B8
:1089500023AFE3B40900E6E710E0C00AC8D0D00EA8
:10896000000AA704A05A0E809B8C000CC1609B6B70
:10897000000BEA3FEA484FDE30AA0DC900ECC00CFC
:1089800086303F8900C3AF4704CA0C00303F09005E
:108990003EF41F09DF0704000EE3B463B81F63C889
:1089A000031CC314E318A310232043246328E334D7
:1089B00006E708E068E708C02006C03060DE06640D
:1089C000A4DB00F0D704DF4A08DA045ED700DA3A05
:1089D000042EB70DA0B934DB00802DCC12602BCB58
:1089E0000A4020CA18E020CF10F8DE00A6613F5FE1
:1089F000D70DC046BB008030AC3ADB016078CB0AB3
:108A00004058CA26E020CF1EF8DB00610064F8DB86
:108A1000006100583E5ED709C0163A0CF8D60040F7
:108A20003F20F43A10F8DE002E615F3FDB00C00605
:108A300040E83A0EF8C020000E3F20F2E33455A380
:108A400010C314E318031C23204324632863381F36
:108A50006328C314E3184324031CA31023206328B2
:108A6000E3D40647C8E90050AAD6F7004240141FD5
:108A7000FAD81A0404B000DCD6F700EC40261FD662
:108A8000F71A04004A400804B40604ACFAD800AC53
:108A9000DA04DF06C60263E8E3E43E1EE310D6F71D
:108AA00023E000FC6318632CC3CCC0EA10002DBB8C
:108AB000610D002C9A0A8010002B7B610B00165A66
:108AC0000B400E0020FB610F00C3C8C10E0030BB7D
:108AD000610D00C0348038CC147E679B4B00614C24
:108AE000000E0030FB610F00C3C8DFC1C3C8A3C8BC
:108AF000A1C820000A9A0C80229500146CBB4B0080
:108B00008161014D00EC00E0E8204EC3C8C01A00AE
:108B100030BB0D0083C8816183C82C6038CB185EE0
:108B2000EAE77BCF00C161CB000E0030BB610D00D6
:108B30002139B2DA0CC0405A1180674C0A60474BA9
:108B40002C047F5BFFE0304FF41B003B28D9F5007D
:108B500000B04010790C2008C004681F1B001A04E4
:108B6000FAD8032CFF74E3D4A310C314E318031C36
:108B700023204324632863D81F0063208310C31875
:108B8000E31C43280320A3142324632CA330E3DC39
:108B90000647C8E98000F2AAD6F700E440141FFA9D
:108BA000D81A0404C8001ED6F7008E40261FD6F738
:108BB0001A0400EC400804CC0604C4FAD800EEDA2B
:108BC00004DF06C60263E8E3EC3E21E31019D6F7A2
:108BD00023E800C8AA04BC63181637F004D000DEEE
:108BE000FF009E250CC3D0DFC3D06334A3D4A010F4
:108BF000002D9B610C002C7A0A6010002B5B610A2F
:108C00000016FA0BE00E0020DB610E00B500DB6100
:108C100021BE00000A9A0C8022DD00147E9B4B00CE
:108C2000C161014C00FE00E0E8C114DED55BAE007E
:108C300061C1AA00D9ECDA0CC03C5A1180674C0A19
:108C400060474B28047F5BFFE0304FF4FD003B287A
:108C5000D900AE4010790C2108C0046880FF8CA5B3
:108C600084BA11CDCCFB614E004AFF6A010108C0F5
:108C70004506C065CF00E3D0E01CDB002D0E00A050
:108C800083D0AC61A3D00E002B7B610B002010348D
:108C9000800E2A0A43D04920E3D0E9AF305BAA0016
:108CA00083D0896181C3D06A2B20CC1F1B001A049A
:108CB000FAD80334FFD4E3DC8310A314C318E31CF5
:108CC000032023244328632CA33063E01F0063D0D8
:108CD00003102314631C4318E32C46670829D8F9B2
:108CE000005840161FFBDA1B0404D8FF66AED8F903
:108CF000000040241FD8F91B04005E400804DC0675
:108D000004D4FBDACEFB04FF08061B04DB04C10815
:108D1000011B0463E8A33CD8A310F923381B04000B
:108D20002E631883209C0A5B048A1AFB04FF1839FF
:108D3000FB04FBDAFF8C1CDB04A320CD1839DB0419
:108D4000FBDAFF1CE32C031023144318631C63306D
:108D50001F00230C63E0C7E314E31CE3280328E7A8
:108D60000006DE0096E31C63201F230C030863E06B
:108D7000E32400FFE31CE324E31408B804E7000045
:108D80005EE31C63201F230C63E0E328E31C03283D
:108D90000314E8000010E31C63201F0063C8E334E1
:108DA0000310631C431823140846C3206627E010F1
:108DB0000038E32F000010FFEFFF032800BFF0EFA3
:108DC000401C4324E32F432018832FE32C8CFF9077
:108DD0008C03EFFF0000F0EFFF832FE32CF9DB00A3
:108DE0002663200B00431823140310E334631C6331
:108DF000381F63B8C310E3440318231C4320E31453
:108E00006324062768E60FEFFFF9FFC46C40E00E0D
:108E1000095F04280010200624E800F6C025CE12C1
:108E2000F8DE0038214100DE1F210336032C1F032A
:108E300032032801033303310103340330010337C4
:108E40000335033846A02DCD08033136802BCC0ADC
:108E5000010332266030CB080330184020CA0A01D3
:108E600003330801033421D900E02DCFB2C02BCE4B
:108E7000AAA020CDA28023CC9A6030CB924030CAE9
:108E800040E039CF3803281CC3284A994E6C006A49
:108E9000EBD021E328D900C030CE44A039CDD43A5C
:108EA000802ACC32DC5B006A03EBEEAF04BB00CD62
:108EB000FCC0C3280E405E0331432821F900C02EB8
:108EC000EEA021B600A004E1D9008030CC4060398A
:108ED000CB38032C1C432C6AD96AAE00AB6DD02171
:108EE000632CD9004030CA54E039CFD44AC02ACECE
:108EF000365C9B00AC036D6AEB04FB00AFFC960094
:108F000080A32C0CA0081F032C210E560040060342
:108F10002C0421D900E020CFF4C06CCE0A0121033B
:108F200036B900804CAC0A01210337790040686AE9
:108F30000A01210338F9CF00C33921A058C339CD24
:108F40003E968050CC425EB06A42E501EFA84F6A7F
:108F500000650B00780112011201120112011201C9
:108F6000120112013C01C025CE06003E04C6404756
:108F7000CA06002E4045CA0600225EBB4265016B50
:108F80000C4B4A00450A000112016A014078CA06EA
:108F900000F24063CA0600E6DE9DC245014A48CAA7
:108FA000DE00C51EDA01D001000136016A0112019E
:108FB000D00112011201120112019E010C0178016F
:108FC00012011201AE0112019E01120112013C01B7
:108FD000D8E32804E4007A03355C9B00AC036D6A97
:108FE000EB04FB000FFC0052E008010330A336A0A5
:108FF0000402FC7B008B034C4FCA04DB00D8E3283F
:109000000EFCFFC00020E00801033083368004021C
:10901000DC5B006A03EBEEAF04BB000DFC30E00844
:109020000103306336600402BCFB004F03CACD8EDF
:10903000049B000CFCD8E328FF4C00B443394843A0
:10904000399CDB00EE03AFAC6D047B000BFCCEE083
:1090500008010330E336E004027CBB00CD038E8BB5
:109060004C045B00D8E3280AFCFFCA00527CBB001A
:10907000CD038E8B4C045B00CAFC033CC800001E71
:10908000A337A00402F87B008B074C4FCA08DB0013
:10909000D8E3282EFC0EF8FFC600F68337800402C2
:1090A000D85B006A07EBEEAF08BB00D8E3282DFCC5
:1090B0000DF8FF3CC06337600402B8FB004F07CADD
:1090C000CD8E089B00D8E3282CFC0CF8FF048C43C1
:1090D00038400335229CDB00EE03AFAC6D047B000F
:1090E000CBFC5E0062E336E0227CBB00CD038E8BBE
:1090F0004C045B00CAFC4E003A5C9B00AC036D6AFA
:10910000EB04FB00AFFC4D001A033C28000801D81B
:10911000E328FF184AD900C006FF065AE344C310EB
:10912000E3140318231C4320632463481F0063E8EF
:10913000C807E314E6DEFF78E31463181F0063E852
:1091400007E6E314C0FFC6B8C4FF52E31463181F58
:1091500063E06310E31C6642C4FFDEA8FE18FFE074
:10916000FE1814DB61FE10CE0000DA1A5E10AAA110
:10917000BE109B6C00616A005B0040BAC4FFDEA8B1
:10918000FE18FFE0FE180EFE10CA009814BE10CDA7
:10919000C10ADE100D0040E31C631063201F06C1EE
:1091A000E1C6006700CB06C0EEE46CE0085E4B143D
:1091B00046004AFFA700ADFF4D1FC604C1FE00E0F8
:1091C000F85E461FC614E75ECF00C1E11FCA00A7C4
:1091D00000A00600E40A9EC10C00681F60F2461F52
:1091E0006378E384A3348330632C4328232403204F
:1091F000E31CC318A3148310E3600418B0049000A8
:109200000420409000B00443744043544004F040B4
:109210004350E01466500070043543788368A36CB3
:10922000634C637C00D4CA00046144FF52A45B0019
:10923000CA4364F2014FCA00CEFFAE08DA802BCCDD
:1092400032602DCB2A5600CA22EE04041A43604035
:109250000A034C120054750064DB00C02BCE0410CE
:10926000A02DCD0A4143546104619B0060308BF412
:10927000481C3DD8F9000E63444340DB61DE00DE4C
:10928000D000DE234403400A2BD8F9007A4374410E
:109290000A2B437443645201FB00EA8F008CFFAC3D
:1092A00004A09B0661C1DB00C00A7600CBEE56002D
:1092B00040066C90C068E030435F4F06C156161CF4
:1092C0003DD8F900720A2BE1DFC0EA1C3DD8F90055
:1092D0005A633C4338435FD2D0002E233C03380A04
:1092E0002BD8F900CA0A2BE1615B00435F4364D2CB
:1092F00001C35FCE7E006BFF8B0478DB004065CA44
:109300000AE045CF6461A02BDB00CD04149B006014
:109310002D8B0A4143506114DB614A5A8E004CD0B8
:109320004A436472015B004BAA00ADFFCD04D443F5
:10933000504008C0DA5E400E83749ACCFF0E416341
:10934000747AC1CBDE57FAFFFAEFEF1839D4F50083
:10935000C22506003E40060036C034CE2EA034CDD5
:1093600020401004F8D000F00406D4F51E3F0000A1
:109370004004FF402A20F604001839F004D000DE33
:10938000FF00F60A2B8034ECDC467701011E237CBB
:109390000378E36CC36800CC4378637CE11AE36C28
:1093A00027C3680600B04368636C41E1E0BA405AE5
:1093B0001839E37CC378008CE034CF0A2B6A0408A8
:1093C0001839F004D000DEFF00D025100410100082
:1093D0003004381839DCFD004A0A2B2E1839E37C9A
:1093E000C37800E80A2B1839D4F5008C250A00222E
:1093F0000428435440181839D4F5006C250820007F
:10940000214360400672005879E3848310A314C39B
:1094100018E31C032023244328632C8330A33463E4
:10942000881F63D8C0431423106318E324662744BD
:1094300030067A0060064052F9DB0058EAFBCF00A4
:10944000C0CA04E6F97EDB0012AABB8D0080CA0CFC
:1094500064287A000E5E5BEA01FA00DEDB5B0E0038
:10946000E32423104314631863281F0063D0C31040
:10947000231C4320E32CE31403186324E7E040207B
:10948000C604C14600CA04FF18A4F8014F8A008C24
:10949000FFAC08DE602DCBE606210A402BCA04C1D2
:1094A000010E000AE0240F10E006DF00400020005B
:1094B0003AC600C030CE1E4601A0784D0A80584CF6
:1094C0000AC200103C6030CB0608300A2C4600E08F
:1094D000304F20C601C078CE0AA058CD0C80100CA9
:1094E00004C27F6846F801CA002ECFC1CE00DEFF5D
:1094F000BE040829D0229E02020829A9147E010177
:109500000829C90620252820FB04414847E9EAE04C
:1095100000EFFFEFA0419CD701CE06D601E00A86FE
:10952000FF9F00646C6022401E4000EA062012008B
:1095300022E000E7FF0428200840470447E32CC34B
:1095400010E3140318231C4320632463301F63D0EB
:10955000E3106320E32C23180314431C27E0E0608E
:10956000E604C14600CA44FF5AA4FA014F8A008C9F
:10957000FFAC08DE602BCB06040C402DCA0661C18F
:10958000010AE0240F3AC600C030CE1E4601A07882
:109590004D0A80584C0AC200103C6030CB0608309F
:1095A0000A2C4600E0304F20C601C078CE0AA058F1
:1095B000CD0C80100C04C2665A01EB002FEAC1CF1B
:1095C00000DEFF5E040AC9D0C8667E02020AA9A9AD
:1095D000A856DE01010A89C98846400EC9D0C83A9A
:1095E0003E24601069A9682A29A912C02049C948E7
:1095F0001829C9E8E7C9CFFE04E1FE78D801CE06F4
:10960000D701200A86FF99006008C0C7FEE00C0061
:1096100022FF042847E32CE31003142318431C63A0
:109620002063301F63B8043CE03843288310A31440
:1096300023240320E344A3348330632CE31CC318A6
:109640000627C9A4FFB534B0049000484FE400F7E2
:1096500084084038144010C35CC00640044163587D
:10966000042C1839F004D000DEFF008C25C6C0DBC6
:10967000000ED8E000F91E3F1600042C1839F00443
:10968000D000DEFF00582506002E1839DCFD00440E
:10969000258660704284FF8C74C33CCC1839BE04AC
:1096A0009E00CCED00B09600B4B50A2B6D008B4047
:1096B000208A9600D6DBC344FF4A5C18C33CCA39F3
:1096C0007E045E00CAEB00D4259861FBE28FF5CFE3
:1096D00000C0849804341839F004D000DEFF00A4E0
:1096E000257C60683A84FF8C44C338CC1839BE04AA
:1096F0009E00CCED00109600B4B50A2B6D008B9641
:1097000000DBC344FF4A8C18C338CA397E045E00AC
:10971000CAEB003C25A0615B428A55EA00E08CD888
:10972000F90052AACA00961839CAEBDEFF00EA1CFB
:109730003DCAEBDEFF008ECAEB1E3F209929800652
:10974000CA2E2006A9F66036A35CA0067A1CEA752C
:10975000694B4FDE309B97615ECC00AA9600812D4D
:10976000960020CA635C600856004A66D8F900B8C3
:10977000AACA00FC1839CAEBDEFF00500A2B1839C0
:10978000DCFD00F40A2B20992980247A1CFB4F571A
:109790008AD5C9AEAC7E30616A004A2A21DC7A9A49
:1097A00040081700BE4028F700C035EE1A003117F8
:1097B000011700B600A1B60096D29A9740356C000A
:1097C0006A7CFAFFCFF7CF00C17ECF001C00309B30
:1097D000FF1E00976C00617F6C006012DBD7E03ADF
:1097E0005E004FD4D700A03ACD2C00311700635C47
:1097F000960081609600125AEAF70030410F00DAB5
:10980000D70E0044004A84E3448310A314C318E332
:109810001C032023244328632C8330A33463481F74
:1098200063E801E31463E80314E340E310FFEE632D
:1098300018E31463181F63E8E31463E80314E340B8
:10984000E310FFC46318E31463181F000AE6C10F96
:1098500000C7FFC0F21F63D8C4FFDEA84310631423
:1098600067DB46E32428FE406F20DB0FCEFFD9DF05
:1098700012BB0FADFFAD03A3085F00769B0F8CFFFB
:109880009D9F187B0F6BFF7A7F0A5B045B00FB0FC9
:10989000EFFF1BF0FB0F00DF9B0F8CFF909B0FFB7C
:1098A0000FEFFFEF03E258431FDB0DCEFFD8DF16AB
:1098B000DB0CC6FFC6FFE002FFC4DB0CC6FFC6FF21
:1098C000E31F01FF3A41DCBB0FADFF17B0AD08BB92
:1098D0000F505B044052C000009C405B0418DB0F3B
:1098E000CEFF1CD0CE02DB0F7E7B0F6BFF00EF7034
:1098F0006B10DB04A5017B0FADF8DB00A4649B0FAC
:109900008CFF8C0381307B044B00FB004F401B0815
:109910001ACFC14ADB004F0008DB00E030DB00D883
:10992000BB08BFA0BB080CFBDAFF5A12DB009E810C
:109930009B005E005AE3244310631463281F63E80E
:10994000E314E708FFE0E7080AFF1ACA1AC700DEB7
:10995000C1C700DE00DE00DEFFE3145E63181F00F7
:10996000460F4AFF5D5F1F00460F4AFF5C5F1F0006
:10997000460C4AFF4AFF1F00E008445E22C700C0B1
:1099800012E043CF10C701C008445C04401FE469E3
:10999000C400DE1464654464FE007E10E463C468A1
:1099A0005E14DE04C462A467FE18BE088466007FED
:1099B0001E28007F1E29007FA4611E2A007FDE1C56
:1099C0001E2B007F9E0C1E2C007F84605E1E2D00CF
:1099D0007FBE201E2E007F9E241E2F1F63D8C60729
:1099E000CBE3246318231043142470CECB46FFD05E
:1099F0005F6A06404E99006C107A7B7900646C0AAD
:109A00005A5B5900DB07A474CD98CE007E5E4C7A79
:109A10007BDB0407646C5B00003C5BE324231043A6
:109A200014631863281F63D0C310E32C63244320FE
:109A30000318E314231C462480E46CE00484E47CD3
:109A4000084004C277004BD84E60590016DAFF1C5C
:109A50004004A477005900DB047B00DADB7AB8000D
:109A60001E7A56B9006D0CDAFFE840725B76D28B35
:109A70009A5B9E0010DE04D800D90016DE04CA04EA
:109A80006D590006D800D7005B005B04325B12E022
:109A90001800F900F7001ACA0459006DD7000AAA85
:109AA00004B800CE40E32CC310E3140318231C4376
:109AB00020632463301F0484C6C0E480C47C060095
:109AC0005CE800E014DCDE04C700C600003EDC6792
:109AD00000CB0A4800CA0847000648002A042B6940
:109AE00004E8006F0A3EF07EEC3E060004C800CE9B
:109AF0000600F86962BE004DBEA9229E0069008B77
:109B0000DE049E00C700C800C600C6C900C9DE0E3C
:109B1000A900AAA900B0C904C93E0406C80087006C
:109B20006C046600925E005E4B8B1E5E00EB004F85
:109B30005E00C904AE04BE04104C08CB04607E0471
:109B40004900495E1A89007E008B89005E04490441
:109B5000105E083E0430C9042700C800E9042EE660
:109B60000008280012C904A800CD06C8001F63D849
:109B7000C04318631C03102314E32466470ADAFF6A
:109B80004E32DBFCDAFE000FFCFF3A402A18581870
:109B9000041AFBD90054DBFF3E59E32403102314BD
:109BA0004318631C63281F00C64760E81FE01CDEE3
:109BB00000C1AA00ADFF41CEFF6E6DE04B1FC6474E
:109BC0006812EA9ECF0041C1CC007F60EC461F00C6
:109BD000C61A4704418A0080068BF48B0CC17E00B4
:109BE00060E25E461F00C61A4704418A0080068B69
:109BF000F4800CC17E0060E25E461F0063E06310EB
:109C0000E31C601AFBE4CFC4FFCEA8CFCE001E61D8
:109C1000A0646DE2E31C631063201F0063E0C04397
:109C2000106314E31C66402CDB0FDEFFDADF28FB39
:109C30000FEFFFF9FF1ADB0FCEFFD8DF0C095F042F
:109C40002880C018BB0FADFFB9BF0ADB007C4A9B60
:109C50000F8CFF9B9F0ADB04FFBCDB0CC6FFC6FF1B
:109C6000FFA45F045F64706010DB4BE501FFE00A56
:109C7000DBE010FFB2FB0CEFFF0000F0EFFF5AFB40
:109C80000CE31C4310631463201F63E0C0431063A4
:109C900014E31C66403464FF7BA81AFB0FEFFFF946
:109CA000FF08DBFFCE7B10C0FFCEE8C46EDC70BBCC
:109CB0000FADFFAD03A2045E9B0F8CFF999F427B0B
:109CC0000F6BFF787F2ADB00C6DBEA0000FC5B0F2E
:109CD0004AFF00BF504A405B0F1A095F0428C4BB0B
:109CE0000FADFFBABF0640B29B007B048B645B0DD7
:109CF0004AFF585F16DB0CC6FFC6FFE002FF3A1BA7
:109D000000DB041EFEDB0CC6FFC6FFFFAADB007BE8
:109D100004CB5E18DB0FCEFF17D0CE085FDB0F7BC6
:109D20000D6BFF00BF70DB04BB04A07B0DDB0012DA
:109D30009B0F8CFF8C0381081B080A00001B085A2C
:109D4000E31C4310631463201F0063D8C023104337
:109D5000146318E324664728085F00F4FB0FEFFF45
:109D6000F8FF1EDB0FCEFFDADF1019FADB00E6404A
:109D7000C6BB08A0061B089B0F8CFF9A9F0E211ED6
:109D80007B084B165B0F4AFF595F08DBFFFC9B0DFE
:109D9000FB0FEFFF1BF000BF8CFFFB0F1B0890FBBE
:109DA00004DB0FCEFFD8DFFB009B0D2EBB0FADFFFA
:109DB00000DFB0AD20BB0F00BF5B0F4AFF504A4031
:109DC0005B0F19FADB0CC6FFC6FFFFA04006DF04DD
:109DD000C05E0440E32423104314631863281F006B
:109DE00063E0E31C63144310E60DEFFFF9FF4766E1
:109DF000045C002ADB0CC6FFC6FFE001FF3C40CA42
:109E0000043EBB08DECD4E01012C9B084C247B0494
:109E1000FB006F4B16CFDAACBADB00BB0840044145
:109E2000E31C4310631463201F0063E0C0DFE31CE6
:109E300063106618DB0CC6FFC6FFE001FFBCCADF7B
:109E40000446FB08E0061B08DB0FCEFFDADF0CBB85
:109E5000085E4D2A9B0F8CFF999F14FB045B007ECC
:109E60006A4B4F0A095F0428E31C631063201F003C
:109E700063C0E32C6310E33C670036DBE318002487
:109E8000431C4C4CE31FEFFFF8FFCFEADFA31EADEE
:109E9000FFB1B58D946C6EEBC318E324C32063242B
:109EA0006310E33C432063401F0063C86310E33446
:109EB000E31CE32067C318C318008EDBE32C00C04B
:109EC000432CE334631063381F0063C86310E3342A
:109ED000E31CE32067C318C318004EDBE32C001C0F
:109EE000432CE334631063381F0063C0E328E33C72
:109EF000631067C334C334009ADBE3180028E31F00
:109F0000EFFFF8FF431C4C4CCFEADFA31EADFFB1BF
:109F1000B58D946C6EEBC318E324C32063246310E7
:109F2000E33C432063401F0063C86310E334E31C39
:109F3000E32067C318C3180092E32CDB00F8432C1E
:109F4000E334631063381F006390231043146318D5
:109F5000E36C03202324E32CE35C67C328C32800BD
:109F600042E35047C3200034034428FADB0042D9BF
:109F7000E330003C43344C4CE337EFFFF8FFCFEACB
:109F8000DFA336ADFFB1B58D946C6EEBC330E33C0F
:109F9000C338633C631843142310E36C4338637085
:109FA0001F006390231043146318E36C03202324E1
:109FB000E32CE35C67C328C328008EE35047C3202B
:109FC0000080034428FBDA0082D9E3300088433460
:109FD0004C4CE337EFFFF8FFCFEADFA336ADFFB11C
:109FE000B58D946C6EEBC330E33CC338633C6318AF
:109FF00043142310E36C433863701F0063902310F5
:10A0000043146318E36C03202324E32CE35C67C34D
:10A0100028C32800DAE35047C32000CC034428FAC1
:10A02000DB0012D9E33000D443344C4CE337EFFF6C
:10A03000F8FFCFEADFA336ADFFB1B58D946C6EEBC0
:10A04000C330E33CC338633C631843142310E36C10
:10A05000433863701F006390231043146318E36C4C
:10A0600003202324E32CE35C67C328C3280026E3F2
:10A070005047C3200018034428FBDA00FAD9E33024
:10A08000002043344C4CE337EFFFF8FFCFEADFA367
:10A0900036ADFFB1B58D946C6EEBC330E33CC33885
:10A0A000633C631843142310E36C433863701F0050
:10A0B00063B843106314E3440318231CE324E3341C
:10A0C00067C320C3200076E32847C3180068FADB83
:10A0D00000D0CA00CEE3444310631463481F78E401
:10A0E00088E600806AC48CCE0060CC000A449000F0
:10A0F000FECC00200CA48CCD003FC494C6008498F4
:10A10000CC00C600649CCB00C60044A0CA00C600B8
:10A11000E4A4CF00C600C4A89264ACCB000A44B04B
:10A12000CA00E4B4CF00100022042844B882C4BCA2
:10A13000CE00064C742600C900DE00CC000CA4C082
:10A14000CD003FC4C4C60084C8CC00C60064CCCBDC
:10A1500000C60044D0CA00C600E4D4CF00C600C484
:10A16000D8CE00A9C304B783048D83044304681FB9
:10A17000784300C300E304C0FFEA06EFFFF1F5EE09
:10A18000C00EAA04ACAC04C15E681F00784300C3D3
:10A1900000E304C0FFEA06EFFFF1F5EEC00EAA04EB
:10A1A000ACAC04C15E681F0078E304C30043074AF7
:10A1B000FF585F681F0063E0406310E31C67EA001C
:10A1C00064E0064B7ECA00146A0004700021042873
:10A1D000666A0012E000FB6FCBC600DEA4DC6D00F7
:10A1E0002EDB009E006C00208B147E010106860091
:10A1F000C600C1C0EC4C1ACA0004A400AACADB0005
:10A20000DEFFBAE31C631063201F78C0DE0040C38A
:10A210000480BBDE008CAFE304E1AFACA30446DEF8
:10A220000064E45E00CA00DE00CB00DE0014DE0045
:10A230000E00215E04280446681F25210F210FC04F
:10A2400008210114C108210A0AC20621001FE4FFE7
:10A25000EFE8C01E8F04AF006F08C087046708A72F
:10A26000000462E001CF0CC010CEC00EA000CD06ED
:10A27000C8D86000CB06C4DCE000CF06C2DEA00078
:10A28000CD06C1DF67086BFF0000705EFF406AC744
:10A290000467081FE4FFEFE8201EC66F08AF008FB9
:10A2A00004C0A700870467080482C01EE709EFFF07
:10A2B000007FF0EF80405EE709CA8001CC0C60109F
:10A2C000CB200E4000CA06C838C000CE06C43C8071
:10A2D00000CC06C23E4000CA06C13FC708CEFF0000
:10A2E00000D0A9FFA0CDC704C7081F00E608EFFFF4
:10A2F000EFFF6F01C609DEFFD8DF604604080700E4
:10A3000038C01E6E1AC008C0000AC000DEFFC700B9
:10A3100018A01FAB4DC008C0CA5E47001F0063E80D
:10A320006000E314A000E76BFF4600E6082609C6BC
:10A330000429FF383FEFFFEFFF0F01CACDCA8A8B18
:10A34000EA00081F0098401E0A162008C0000AC034
:10A3500000DEFF78E01E0F167FC01EC89F8E4CEAFD
:10A36000FEEAC01F0E1441A01EA8616DEBFECAC01C
:10A370001FC8CEC02CE00A9E0101204000C17E6AA9
:10A38000142008C0000AC000DEFF2008405ECADFBB
:10A3900000E31463181F63E8E314E608C609EFFF3F
:10A3A000EFFF4F01DEFFD8DF40660406C008FF7CE8
:10A3B0001EC01F4E0A1F07000EA01FAA6D6700E3F4
:10A3C0001463181FE4FFEFE86F088F04AF006708FD
:10A3D0008704A700E602EFFFF1F80EC600C9C90422
:10A3E000AE87098CFF007F90A603ADFFB8BF6D015B
:10A3F000678B87094600C602DEFFD1D84949C018DD
:10A40000C0810641DFA080CACDF43280FFCC266631
:10A41000016BFF47084AFF0000504AFF67064708E4
:10A420002EDE80A708ADFF0000B09EFF80ACC0000C
:10A4300048EAEEA708E7041F63E8E314E4E8E7004E
:10A44000C608DEFFDEFF16C604C00EA600A006008A
:10A45000583E8060006BFFA6048D8BCCC800800D39
:10A4600010460040610E007FEDF00460C0E82EEB66
:10A4700006001487038CFF007F90A609ADFFB8BFCC
:10A480006D01678B20870348E080CF0CE81E01C177
:10A490002120F40010E00ABE010104C18700008001
:10A4A0009060806BFF7E608B8700A2E07F2F26C6C6
:10A4B00006CEFFA702ADFF007FB0AD80C701A702A7
:10A4C0007640FF2A1AE702EFFF007FF0EF80E702F5
:10A4D00056001CE00A9E010110C16080CB06C0211D
:10A4E00047024AFF007F50E9FFE74F008080804726
:10A4F000028CFF9E80A700B0ACA700E31463181F76
:10A50000E4FFEFE86F088F04AF0067088704A70037
:10A51000E606EFFFF1F516C604CCCC0CA600A004AD
:10A52000DE67096BFF007F7086078CFF989F4C01E8
:10A53000476A670900FFC606C6044600DEFFD1D59C
:10A54000CCCCAEAB8A956C702B2D0A0BC026C0010B
:10A550001421C000E8EE042101DF6000898BE6369B
:10A5600040FFCA2AE604EFFFF3F8C708CEFF000059
:10A57000D0CEFFE706C70830DE0067086BFF00009B
:10A58000705EFF406AA000C9CD6708C70407001FBE
:10A5900063E06310E31CE4ECAF008F04A7008704C2
:10A5A000C608DEFFDEFF16E604E00EC600C00600A9
:10A5B000AC80008CFF1E00C604BEAC2D2B7E75C087
:10A5C00020CEFF86004C4BEAEECFCB0000ECF00033
:10A5D000FFACB06A80CB0C06005A47074AFF007FE9
:10A5E0005066096BFF787FEB01E74F00470744A0F7
:10A5F000102D1A7FFE01C16901084000CA21010027
:10A60000E6E098600ADE01018CDF0821C082C17E8D
:10A61000A0FF0D3C86068CFF4CFF4567046BFF00D6
:10A620001F706AC706CEFF000FD0CEF06704C706C2
:10A63000AA60FF0B1A47064AFF000F504AF0470670
:10A640008AA706ADFF000FB088FF84ACA706E04CD8
:10A65000600A5E010140DF08C02104C1E0102F2C18
:10A66000A706ADFF000FB0C706CEFFD1D5C18EFF44
:10A6700084AC20A706470400F050E010EFFFE9E0AB
:10A680004FC7004704E31C631063201FE608EFFF79
:10A69000EFFFCF01CE81C048A700ADFF0080B0071B
:10A6A00002A700007F47004AFF5007044700007FD1
:10A6B000A701ADFFB00706A701002246094AFF58CF
:10A6C0005FCA01E7014700EFFF007FF0C7EE4AFFD6
:10A6D0000080E70150860498EC7FE04F4700A60415
:10A6E000A8A70200FF6604E6004B68F8AFB08D8BA8
:10A6F0008704660068670600804600EAF00600E40A
:10A7000067066BFFCB01010C007FAAB0C880018CEB
:10A71000FF6C1267066BFF616706AC47044AFFE0F7
:10A7200001EFFF4F070612C704CEFFC1C70484A77D
:10A7300002ADFF80018CFFAC07041267026BFF6162
:10A7400067025C47004AFF4A7FE07F4F30A700ADB9
:10A75000FF0080B0C700CEFFCE7FC18E7F80AC07E8
:10A7600002A7001A47004AFF00805007024700C1B5
:10A77000A0FFCD4287008CFF007F908C00870000F7
:10A7800080E700EFFFF01F07021FEF7F07041FE7BE
:10A790000007061C87008CFF007F907EFF678B8779
:10A7A00000E700EFFFF1F846C700CEFFCE7F38A7E5
:10A7B00002ADFFA02C87048CFF802067066BFF6032
:10A7C0001447014AFF007F5047011F0063E8E3146C
:10A7D0000000E8082708EFFFF029FF29FFC9FFC0A4
:10A7E000EEE808007F680986096BFF708CFF989F70
:10A7F0004C01476A6809A709C609CEFFD8DFADFF3B
:10A80000B8BFCDC80600C85E00E0FF4F67008600F5
:10A81000000110FF90000110FF70000110FF0B0CF1
:10A82000C8D0AEAA8010BE000C000110FF9E0090A0
:10A8300066004B70E700F0AFAB0D68704B7E044CC8
:10A84000000110FF5E0040FF6AE010C604A704D0BC
:10A85000000110FFB0000110FF0F8D8E0CE8F0CF4B
:10A86000CBA0100001DE040D10FFBE0486044704D7
:10A87000B06C9050CACC0E88906C6D40100A7E046B
:10A8800006006A7E000B0121FE04EF010101084071
:10A8900000044080008CFFCBC1AEAC6A6D5E044109
:10A8A000CAA000CD007E00DE04388B014B305F2251
:10A8B000DF1E000E0000211E04185E04415E040C21
:10A8C000FE00E1FE00C0FF2E241E040000BE08AD05
:10A8D000FFB0ADFF1E00BE0800BC5E084AFF0000CE
:10A8E00050E9FFE04F5E08009E7E0040FF6A87004F
:10A8F000A600000110FFB0000110FF90000110FF42
:10A900000D0CE8F0CFCBA010DE000D000110FFBE53
:10A9100000B047005086006C90CCCA0E88906C9EA8
:10A92000046D000110FF7E0060FF8B4010E604C73D
:10A9300004F0000110FFD0000110FF0AAFAE0D4877
:10A9400050EAECC0100001FE040E10FFDE046704A4
:10A95000A604D04B70B0EDEB0FA8B08D8E60100B3D
:10A960009E0454DE09FE09EFFFF8FF42CEFF007F90
:10A97000D0AA01A7CD5E0040DE09166A4B01CCEEDD
:10A980005E00FE04109E04AC6D017E0400A0000673
:10A99000A101A00CDE04EDEEF0A0200D1AA000062F
:10A9A000A101A00C5E006D6AF05E084AFF2AFF4913
:10A9B000280AFEDE0010E31463181F0063E0631032
:10A9C000E31CE9E8208704A7006708E08604A600E6
:10A9D0006608D82E6604C600C00006046600FEEEB7
:10A9E0002A80008CFFBEACEA0820DFC84020CACA1B
:10A9F000C064C11C4600FEFEDFCF8E6C6AEBE9EF3F
:10AA000004E9015FA600EDDEFFAE2D01FE7FA60486
:10AA10008D4C5E00201E686BDBCFA86D6EDBCA66B6
:10AA200000C60420ACE00EA600AD01019C86009F8C
:10AA30000C6C6166008A460441060046047AE8769A
:10AA4000E03F042012E60008E00600E604C8C9C0A2
:10AA500020CEE6C036A604BE40209F9E4CCA602091
:10AA60007EE600EBCF7F8E8D66007E860466004614
:10AA700004400AE600E006E004E0C608CEFF00005D
:10AA8000D0BFFFA0CDC608E31C631063201F63C8BE
:10AA90000310E334631C231443182647E0FF4608E1
:10AAA0004AFF6AFF6F2A204B681CDA08DEFFFEFFB0
:10AAB000C0FFEECF0600F8202AB906ADFFA01EF9B0
:10AAC00004D9085900FB045B00DB08002EDA08DE1D
:10AAD000FFDEFF80FFCC2A7A066BFF601EBA049A65
:10AAE00008DA00BB04DB009B0800F2205E40FFCACE
:10AAF00056F909EFFFF8FFDA09CEFFD8DFEE3ABBCF
:10AB000008ADFF0000B0ADFF1B04BB08007F5B0970
:10AB10004AFF50021B005B091B0690201C7900595C
:10AB200004F9085B047B00FB08727A005A04FA08F7
:10AB3000E6AF426D04148B42EC1CDA04BA08FA004A
:10AB4000DB04FB00BB08387E1AC324062A1EFAFF6A
:10AB5000DA1BF8D918C324063E0AF9FFC21BF8DA3B
:10AB6000FFD87B086BFF6BFF245B04401CFB00E0FD
:10AB700014DB09CEFF007FD0DB09E334031023147C
:10AB80004318631C63381F0063D8E324C31487048D
:10AB9000A70067088E04AE006E08007FA31DC31DCA
:10ABA000CEFFD8DFE2ADFFB08F0187ACE314A31D69
:10ABB000FFBCE32463281F00E608EFFFEFFFC0FFA0
:10ABC000EE0EA606ADFFA024A708ADFF2DFF80FF67
:10ABD0002CA91467066BFF60084200E0C609DEFF7F
:10ABE000D8DF47094AFF585FCA42E608EFFFEFFF88
:10ABF00028C604C020A600A01820148704800C6773
:10AC00000060048CC00641865F8246084AFF4AFF06
:10AC10004D0EC006DF04C1604D0EC006C104DF50FA
:10AC2000460467044B0EC006DF04C1384B0EC00655
:10AC3000C104DF28460067004B0EC006DF04C110C8
:10AC40004B10C006C104DF5E04401F0000FFF00689
:10AC5000E015E609EFFF007FF00600E609060400B4
:10AC60000086088CFF908CFFE60686081F0063C0F4
:10AC700000018310A314C318E31C032023244328DA
:10AC8000632C8330A334E33CE800E608EFFFEFFFDA
:10AC9000C708CEFFAEFFAF8D012C01A704A700109F
:10ACA000FFE600F0000110FFB0000110FFB0DF87E9
:10ACB00000905F1F15548704907FDD7C78706A5B7D
:10ACC000504EDAD056CB36D0000110FF7000011084
:10ACD000FF50000110FF30000110FFD8D0EA0FE64E
:10ACE00000F01F7FBF5F1554BD7C5A1B78706A4B04
:10ACF00056B95B504D3A302AD9D0000110FF700090
:10AD00000110FF50000110FF30000110FFB8B0CA61
:10AD10000EE604000110FFF07FBF5F1F1554BD7CDD
:10AD20005A1B78706A4B56B95B504D3A302AD9D0CD
:10AD3000000110FF70000110FF50000110FF3000F3
:10AD40000110FFB8B0CA0EE604F0000110FF1F1595
:10AD5000FFF4FA5F5D593F3C361BD8D078706F5BCB
:10AD6000505A0A1019DAD0FBEEC03C3F8000BFAC4D
:10AD70000641044078610A0B00011000565006415C
:10AD80000440FFE1EAEFC1C18000B8AC06CFBA00D1
:10AD9000FF56506A0B00011000D6D026000AFF01B2
:10ADA000011AFF06E1121FE0060108000021000A57
:10ADB000E006202A1E3FA000DFCD06C104C0988116
:10ADC0001E0CE1E000584FDC1704F700007F770904
:10ADD0008709A609ADFFB8BF8CFF989FACCA6BFF6F
:10ADE000704E01476AC0FF2E770910170017042024
:10ADF000FF26A0BE2D0C17001704122010F7D7094C
:10AE000020FF762097088CFF00009069FF608B97E9
:10AE1000088330632C432823240320E31CC318A396
:10AE2000148310E33CA33463401F63E8E314E0FFA2
:10AE3000260829FF29FF2FEAE01AC708CEFFCEFF18
:10AE4000A0FFCD060000E02A86068CFF801EC60407
:10AE5000A608E600C804E800A80800D8C708DEFF76
:10AE6000DEFF60FFCB2847064AFF401C87046708C7
:10AE7000A7008804A80068089CE018C014E704E054
:10AE80000CC700C0041EA0FFCD20201C8604801427
:10AE90006600600CC8E8FF6C5CA809E609EFFFF8E3
:10AEA000FFC709CEFFD8DFEE4AADFF007FB08A01B1
:10AEB00087AC0804A809000048084AFF504AFF0868
:10AEC00000480806FF54E31463181F0063B8E34406
:10AED00063144310E0FCC608DEFFDEFFCF664724A4
:10AEE000DB08CEFF0000D0CEFF1B04DB081B0000F8
:10AEF0008EC0127B04600A5B0040A4C3349B047BB9
:10AF000008BB008E04AE006E08C3289B04BB007B08
:10AF1000088E04AE006E080000C33CE33CEFFFEF78
:10AF2000FFE3AFFFA0CEFFD0CD43304AFF0000507B
:10AF300063306BFF6BFF61EBFFE04F40C33C43307E
:10AF4000061B06031CC334E328FF8A22401E831C11
:10AF50005B047B00FB084C04EC086C00A33DADFFD8
:10AF6000007FB0480334A33D225A5CE33CEFFF006E
:10AF700000F0EF024338E33C6E44229A9D633C6B41
:10AF8000FF0000706B018338633C4A4222DADEA383
:10AF90003CADFF0000B0AD00C338A33C2641042EF9
:10AFA000433C00004AFF03380000504AFF433C1B6B
:10AFB000C31CE334FFB4E3444310631463481F002D
:10AFC00063C8E33463144310E0FFC608DEFFDEFF0E
:10AFD000CF66229B00A3187B045B08408D006D04A4
:10AFE0004D08885B04432D4AFF007F504A800000D3
:10AFF000DE01432DA01FAE4D832C8CFF90BB08AD0E
:10B00000FFADFF6DFF608B832C8000FB08EFFFEF2F
:10B01000FFCF01AEFB04B0B08D4C4F03244328DBBF
:10B02000E3240318FFD4C318A3246E048E004E0833
:10B030006D048D004D080000C32CA32CE320432099
:10B04000CEFFCEFFC38EFF80ADFFB0ACEFFF0000A0
:10B05000F04AFF4AFF41CAFFC0EEA32CE3201BC306
:10B0600024E318FF56E3345A4310631463381F0077
:10B0700063E06310E31CE80700692096C9C1DB00A8
:10B08000FF40006E006BFFABA80D068B906C66CB8B
:10B09000680B0A2449FF428A87E8F86C006F400079
:10B0A0004AFF6C000A49016A42A9A2A7E8E88D009C
:10B0B0008FEAE700FF8D00BEB0000110FFC8C88D09
:10B0C0008E6C70216F00246A2450C9C2C7C9FFC2A8
:10B0D000AE00C7B07E006D00017E0010FF4E005034
:10B0E0004E00C9C1DFAE00ADFF4D0C9E00819E0039
:10B0F0003F20B0E31C631063201F6378E384A33018
:10B10000632C432823240320E31CC318A3148310B7
:10B11000C3748604A60066088E046E08AE00C36879
:10B1200087046708A7008E046E08AE0086E608C78D
:10B1300008F7FFF7FFD6FFD6FFA7085660C0000646
:10B1400061C1C0206E0C836CBEACEC60206B1EC075
:10B15000000661C1E0406F0CA368DECDECC368E679
:10B160001B20FFB4C0DBE05660C0000661C1602058
:10B170006B0CE3785E4FECC0206E1EC0000661C110
:10B1800080406C0C43747E6AECC374E61B20FF5C49
:10B19000E0FBC334000110FFE36C4FCAD0F00001A4
:10B1A000DE02FE0010FF7E0483684C509000015EBA
:10B1B000069E04C33C10FFC3784ED0AAB00001DE47
:10B1C00000BE025E0410FF2063748B70ECF01E085A
:10B1D0007E04FE060348C33C43347E02BE00ADFF3E
:10B1E000B06BFF4B4D4AFF4AE354A7033C68DA2398
:10B1F00034FFFE5FF500DB00CEFFEEDA41603A007F
:10B2000001DBC33CFB016F616EC1CECB00E2F5CE2A
:10B21000FF10FF8F00CC6E70617E0064C6D921C123
:10B220000344E348CFDAC1BE00ADFFAE9A01BE00D1
:10B230000C80018C0004807961CB4348CA259E00B4
:10B240002CF7F6CFFF5CDF60403B2163482B5B01AE
:10B2500041A900ADFFA1CACB000110004E004AFF7A
:10B260008A906AEBED61E90064C04348CA08CEFFEA
:10B27000C1CA0803480001100048004AFF6A708EE6
:10B28000433CEA00EFFFE0213ACA02CEFFC02EAAFB
:10B2900004ADFFA0228A068CFF801600FF48084AF2
:10B2A000FF6A7004200348E3548802E800EFFFF0CF
:10B2B0008CFFACAF29A700276804C8066BFF4B7052
:10B2C000CEFFEEEB0001E904100088088CFFACB063
:10B2D0004420086F013A49045F0CEAE1E90428C7F9
:10B2E00000DF120904A700A1A7001000000904074D
:10B2F00000C1F80974096BFF787F5D094AFF585F48
:10B300006A8AEFFF007FF0CC01C7EE1800F80980D1
:10B31000BECC18042878086BFF0000707808007F06
:10B32000D809CEFFD0D8097460FFCB1A58084AFF5D
:10B330000000504AFF5808544354AA00B8048A0435
:10B34000C09800221EF8D820FFE878086BFF0000A4
:10B350007078081CD808CEFF0000D0BEFFA0CDD862
:10B3600008E3848310A314C318E31C03202324439D
:10B3700028632CA33063881F63E8E314E0FF4608CA
:10B380004AFF4AFF4FCAC01AA708ADFFADFFC0FF72
:10B39000AE060000C028A606ADFFA01CE604C60845
:10B3A0004600E8044800C808D0A708ADFFADFF80FC
:10B3B000FFAC2867066BFF601CA7048708C700A8BE
:10B3C00004C80088089640FFAA10C00CC8E4FFFC1F
:10B3D00080C050E808EFFF0000F0EFFFE808007FB2
:10B3E000E809660947096BFF787F4AFF585F6A8A58
:10B3F000EFFFF0CC01C7EEE8092688098CFF007F3B
:10B400009088090000E808EFFFF0E8080800080449
:10B4100000D240C0148604800C66006004C1A09E67
:10B42000C0144704400CE700E004C18006C092C885
:10B4300009CEFF007FD00804C809000068086BFF30
:10B4400070800800680810C00CC8E4FF0252C04EAB
:10B45000C808CEFF0000D0CEFFC808007FC809464C
:10B4600009E7094AFF585FEFFFF8FF4F6ACEFFD0A8
:10B47000AB01A7CDC80906FF06E31463181FC60673
:10B48000DEFFD1D5E0FFCF14C604CEFFD3D80642ED
:10B4900030A607ADFFB8BF065F1EC01886048C8CAF
:10B4A0000E660060064004411F00C608DEFFDEFF96
:10B4B000E0FFCF12C606CEFFC006422EA609ADFFA2
:10B4C000B8BF065F1CC0168604800E66006006408A
:10B4D00004411F0063D8E32423104314631866C09B
:10B4E000FFE608EFFFEFFFEE472828BB06ADFFA001
:10B4F0001CFB04DB085B00F9045900D908569A08C4
:10B500008CFF8CFF60FF8B105A064AFF40041CFA28
:10B51000DBFF4E4010BB009B047B080EBA009A0470
:10B520007A089904B9007908E324231043146318B6
:10B5300063281F0063D8E32423104314631866C0F4
:10B54000FFE608EFFFEFFFEE472828BB06ADFFA0A0
:10B550001CFB04DB085B00F9045900D908569A0863
:10B560008CFF8CFF60FF8B105A064AFF40041CFAC8
:10B57000DBFF8E4010BB009B047B080EBA009A04D0
:10B580007A089904B9007908E32423104314631856
:10B5900063281F0063E0E31C63106608A6008604AE
:10B5A0006708A700E709EFFFF8FF87046732DB09A8
:10B5B000CEFF007FD0DBDB0900AC7B096BFF007F97
:10B5C000706B807B0984C608CEFFCEFFCE01C024FD
:10B5D000A4FFADE84D04ED086D005B047B00FB08A3
:10B5E0004EA040CD04448020CC2040006AFF4B7E1A
:10B5F000EBDB04CF1B00DB041EBEE060008BFF6CA6
:10B600008D4CFB00EAFB00E31C631063201F63D03A
:10B61000E32C63144310A31CE60886004608660466
:10B62000EFFF8D004D086D04EFFFCF01C325CEFF66
:10B63000D8DF6736A325ADFF007FB0C31CA325FF6D
:10B64000AA5B094AFF007F504A805B0900F4A040D2
:10B65000CD1CE604C6084600FB045B00DB08D0C036
:10B660005284FF8CE8CC08EC044C00DB08FB045B44
:10B67000008320800A631C60205B0800004AFF1BD7
:10B68000040000504AFF5B087CA020CD1AC31C9E1A
:10B69000E040006AFF6CEBEE26A020CD3CE320608A
:10B6A000008BFF9E4C4F0AC31CC020031C48E6C4FD
:10B6B000FFC6F4FFB6FBDAFFBA1A4604E6086600D6
:10B6C0005B047B00FB08E32C4310631463301F0012
:10B6D00078C000100021042844F4A4C304C304006B
:10B6E0007FDE02CEFFD0CE00FE02EFFFDE02F1F8D9
:10B6F000AF82630444F86A001AFE02EFFF007FF095
:10B70000EF80BFFE02E408C304DE84FCCC00CC0062
:10B71000C6007E7E00C400CB006F004404CA00DE79
:10B7200000CB00CD00C40CCE00DE0046681F63E8ED
:10B73000C000E3141000210428441010FF28CA445C
:10B74000145E00E31463181FFFFFFFFFFFFFFFFFFE
:10B75000FFFFFFFFFFFFFFFFFFFFFFFFFFFFFFFFF9
:10B76000FFFFFFFFFFFFFFFFFFFFFFFFFFFFFFFFE9
:10B77000FFFFFFFFFFFFFFFFFFFFFFFFFFFFFFFFD9
:10B78000FFFFFFFFFFFFFFFFFFFFFFFFFFFFFFFFC9
:10B79000FFFFFFFFFFFFFFFFFFFFFFFFFFFFFFFFB9
:10B7A000FFFFFFFFFFFFFFFFFFFFFFFFFFFFFFFFA9
:10B7B000FFFFFFFFFFFFFFFFFFFFFFFFFFFFFFFF99
:10B7C000FFFFFFFFFFFFFFFFFFFFFFFFFFFFFFFF89
:10B7D000FFFFFFFFFFFFFFFFFFFFFFFFFFFFFFFF79
:10B7E000FFFFFFFFFFFFFFFFFFFFFFFFFFFFFFFF69
:10B7F000FFFFFFFFFFFFFFFFFFFFFFFFFFFFFFFF59
:10B80000FFFFFFFFFFFFFFFFFFFFFFFFFFFFFFFF48
:10B81000FFFFFFFFFFFFFFFFFFFFFFFFFFFFFFFF38
:10B82000FFFFFFFFFFFFFFFFFFFFFFFFFFFFFFFF28
:10B83000FFFFFFFFFFFFFFFFFFFFFFFFFFFFFFFF18
:10B84000FFFFFFFFFFFFFFFFFFFFFFFFFFFFFFFF08
:10B85000FFFFFFFFFFFFFFFFFFFFFFFFFFFFFFFFF8
:10B86000FFFFFFFFFFFFFFFFFFFFFFFFFFFFFFFFE8
:10B87000FFFFFFFFFFFFFFFFFFFFFFFFFFFFFFFFD8
:10B88000FFFFFFFFFFFFFFFFFFFFFFFFFFFFFFFFC8
:10B89000FFFFFFFFFFFFFFFFFFFFFFFFFFFFFFFFB8
:10B8A000FFFFFFFFFFFFFFFFFFFFFFFFFFFFFFFFA8
:10B8B000FFFFFFFFFFFFFFFFFFFFFFFFFFFFFFFF98
:10B8C000FFFFFFFFFFFFFFFFFFFFFFFFFFFFFFFF88
:10B8D000FFFFFFFFFFFFFFFFFFFFFFFFFFFFFFFF78
:10B8E000FFFFFFFFFFFFFFFFFFFFFFFFFFFFFFFF68
:10B8F000FFFFFFFFFFFFFFFFFFFFFFFFFFFFFFFF58
:10B90000FFFFFFFFFFFFFFFFFFFFFFFFFFFFFFFF47
:10B91000FFFFFFFFFFFFFFFFFFFFFFFFFFFFFFFF37
:10B92000FFFFFFFFFFFFFFFFFFFFFFFFFFFFFFFF27
:10B93000FFFFFFFFFFFFFFFFFFFFFFFFFFFFFFFF17
:10B94000FFFFFFFFFFFFFFFFFFFFFFFFFFFFFFFF07
:10B95000FFFFFFFFFFFFFFFFFFFFFFFFFFFFFFFFF7
:10B96000FFFFFFFFFFFFFFFFFFFFFFFFFFFFFFFFE7
:10B97000FFFFFFFFFFFFFFFFFFFFFFFFFFFFFFFFD7
:10B98000FFFFFFFFFFFFFFFFFFFFFFFFFFFFFFFFC7
:10B99000FFFFFFFFFFFFFFFFFFFFFFFFFFFFFFFFB7
:10B9A000FFFFFFFFFFFFFFFFFFFFFFFFFFFFFFFFA7
:10B9B000FFFFFFFFFFFFFFFFFFFFFFFFFFFFFFFF97
:10B9C000FFFFFFFFFFFFFFFFFFFFFFFFFFFFFFFF87
:10B9D000FFFFFFFFFFFFFFFFFFFFFFFFFFFFFFFF77
:10B9E000FFFFFFFFFFFFFFFFFFFFFFFFFFFFFFFF67
:10B9F000FFFFFFFFFFFFFFFFFFFFFFFFFFFFFFFF57
:10BA0000FFFFFFFFFFFFFFFFFFFFFFFFFFFFFFFF46
:10BA1000FFFFFFFFFFFFFFFFFFFFFFFFFFFFFFFF36
:10BA2000FFFFFFFFFFFFFFFFFFFFFFFFFFFFFFFF26
:10BA3000FFFFFFFFFFFFFFFFFFFFFFFFFFFFFFFF16
:10BA4000FFFFFFFFFFFFFFFFFFFFFFFFFFFFFFFF06
:10BA5000FFFFFFFFFFFFFFFFFFFFFFFFFFFFFFFFF6
:10BA6000FFFFFFFFFFFFFFFFFFFFFFFFFFFFFFFFE6
:10BA7000FFFFFFFFFFFFFFFFFFFFFFFFFFFFFFFFD6
:10BA8000FFFFFFFFFFFFFFFFFFFFFFFFFFFFFFFFC6
:10BA9000FFFFFFFFFFFFFFFFFFFFFFFFFFFFFFFFB6
:10BAA000FFFFFFFFFFFFFFFFFFFFFFFFFFFFFFFFA6
:10BAB000FFFFFFFFFFFFFFFFFFFFFFFFFFFFFFFF96
:10BAC000FFFFFFFFFFFFFFFFFFFFFFFFFFFFFFFF86
:10BAD000FFFFFFFFFFFFFFFFFFFFFFFFFFFFFFFF76
:10BAE000FFFFFFFFFFFFFFFFFFFFFFFFFFFFFFFF66
:10BAF000FFFFFFFFFFFFFFFFFFFFFFFFFFFFFFFF56
:10BB0000FFFFFFFFFFFFFFFFFFFFFFFFFFFFFFFF45
:10BB1000FFFFFFFFFFFFFFFFFFFFFFFFFFFFFFFF35
:10BB2000FFFFFFFFFFFFFFFFFFFFFFFFFFFFFFFF25
:10BB3000FFFFFFFFFFFFFFFFFFFFFFFFFFFFFFFF15
:10BB4000FFFFFFFFFFFFFFFFFFFFFFFFFFFFFFFF05
:10BB5000FFFFFFFFFFFFFFFFFFFFFFFFFFFFFFFFF5
:10BB6000FFFFFFFFFFFFFFFFFFFFFFFFFFFFFFFFE5
:10BB7000FFFFFFFFFFFFFFFFFFFFFFFFFFFFFFFFD5
:10BB8000FFFFFFFFFFFFFFFFFFFFFFFFFFFFFFFFC5
:10BB9000FFFFFFFFFFFFFFFFFFFFFFFFFFFFFFFFB5
:10BBA000FFFFFFFFFFFFFFFFFFFFFFFFFFFFFFFFA5
:10BBB000FFFFFFFFFFFFFFFFFFFFFFFFFFFFFFFF95
:10BBC000FFFFFFFFFFFFFFFFFFFFFFFFFFFFFFFF85
:10BBD000FFFFFFFFFFFFFFFFFFFFFFFFFFFFFFFF75
:10BBE000FFFFFFFFFFFFFFFFFFFFFFFFFFFFFFFF65
:10BBF000FFFFFFFFFFFFFFFFFFFFFFFFFFFFFFFF55
:10BC0000FFFFFFFFFFFFFFFFFFFFFFFFFFFFFFFF44
:10BC1000FFFFFFFFFFFFFFFFFFFFFFFFFFFFFFFF34
:10BC2000FFFFFFFFFFFFFFFFFFFFFFFFFFFFFFFF24
:10BC3000FFFFFFFFFFFFFFFFFFFFFFFFFFFFFFFF14
:10BC4000FFFFFFFFFFFFFFFFFFFFFFFFFFFFFFFF04
:10BC5000FFFFFFFFFFFFFFFFFFFFFFFFFFFFFFFFF4
:10BC6000FFFFFFFFFFFFFFFFFFFFFFFFFFFFFFFFE4
:10BC7000FFFFFFFFFFFFFFFFFFFFFFFFFFFFFFFFD4
:10BC8000FFFFFFFFFFFFFFFFFFFFFFFFFFFFFFFFC4
:10BC9000FFFFFFFFFFFFFFFFFFFFFFFFFFFFFFFFB4
:10BCA000FFFFFFFFFFFFFFFFFFFFFFFFFFFFFFFFA4
:10BCB000FFFFFFFFFFFFFFFFFFFFFFFFFFFFFFFF94
:10BCC000FFFFFFFFFFFFFFFFFFFFFFFFFFFFFFFF84
:10BCD000FFFFFFFFFFFFFFFFFFFFFFFFFFFFFFFF74
:10BCE000FFFFFFFFFFFFFFFFFFFFFFFFFFFFFFFF64
:10BCF000FFFFFFFFFFFFFFFFFFFFFFFFFFFFFFFF54
:10BD0000FFFFFFFFFFFFFFFFFFFFFFFFFFFFFFFF43
:10BD1000FFFFFFFFFFFFFFFFFFFFFFFFFFFFFFFF33
:10BD2000FFFFFFFFFFFFFFFFFFFFFFFFFFFFFFFF23
:10BD3000FFFFFFFFFFFFFFFFFFFFFFFFFFFFFFFF13
:10BD4000FFFFFFFFFFFFFFFFFFFFFFFFFFFFFFFF03
:10BD5000FFFFFFFFFFFFFFFFFFFFFFFFFFFFFFFFF3
:10BD6000FFFFFFFFFFFFFFFFFFFFFFFFFFFFFFFFE3
:10BD7000FFFFFFFFFFFFFFFFFFFFFFFFFFFFFFFFD3
:10BD8000FFFFFFFFFFFFFFFFFFFFFFFFFFFFFFFFC3
:10BD9000FFFFFFFFFFFFFFFFFFFFFFFFFFFFFFFFB3
:10BDA000FFFFFFFFFFFFFFFFFFFFFFFFFFFFFFFFA3
:10BDB000FFFFFFFFFFFFFFFFFFFFFFFFFFFFFFFF93
:10BDC000FFFFFFFFFFFFFFFFFFFFFFFFFFFFFFFF83
:10BDD000FFFFFFFFFFFFFFFFFFFFFFFFFFFFFFFF73
:10BDE000FFFFFFFFFFFFFFFFFFFFFFFFFFFFFFFF63
:10BDF000FFFFFFFFFFFFFFFFFFFFFFFFFFFFFFFF53
:10BE0000FFFFFFFFFFFFFFFFFFFFFFFFFFFFFFFF42
:10BE1000FFFFFFFFFFFFFFFFFFFFFFFFFFFFFFFF32
:10BE2000FFFFFFFFFFFFFFFFFFFFFFFFFFFFFFFF22
:10BE3000FFFFFFFFFFFFFFFFFFFFFFFFFFFFFFFF12
:10BE4000FFFFFFFFFFFFFFFFFFFFFFFFFFFFFFFF02
:10BE5000FFFFFFFFFFFFFFFFFFFFFFFFFFFFFFFFF2
:10BE6000FFFFFFFFFFFFFFFFFFFFFFFFFFFFFFFFE2
:10BE7000FFFFFFFFFFFFFFFFFFFFFFFFFFFFFFFFD2
:10BE8000FFFFFFFFFFFFFFFFFFFFFFFFFFFFFFFFC2
:10BE9000FFFFFFFFFFFFFFFFFFFFFFFFFFFFFFFFB2
:10BEA000FFFFFFFFFFFFFFFFFFFFFFFFFFFFFFFFA2
:10BEB000FFFFFFFFFFFFFFFFFFFFFFFFFFFFFFFF92
:10BEC000FFFFFFFFFFFFFFFFFFFFFFFFFFFFFFFF82
:10BED000FFFFFFFFFFFFFFFFFFFFFFFFFFFFFFFF72
:10BEE000FFFFFFFFFFFFFFFFFFFFFFFFFFFFFFFF62
:10BEF000FFFFFFFFFFFFFFFFFFFFFFFFFFFFFFFF52
:10BF0000FFFFFFFFFFFFFFFFFFFFFFFFFFFFFFFF41
:10BF1000FFFFFFFFFFFFFFFFFFFFFFFFFFFFFFFF31
:10BF2000FFFFFFFFFFFFFFFFFFFFFFFFFFFFFFFF21
:10BF3000FFFFFFFFFFFFFFFFFFFFFFFFFFFFFFFF11
:10BF4000FFFFFFFFFFFFFFFFFFFFFFFFFFFFFFFF01
:10BF5000FFFFFFFFFFFFFFFFFFFFFFFFFFFFFFFFF1
:10BF6000FFFFFFFFFFFFFFFFFFFFFFFFFFFFFFFFE1
:10BF7000FFFFFFFFFFFFFFFFFFFFFFFFFFFFFFFFD1
:10BF8000FFFFFFFFFFFFFFFFFFFFFFFFFFFFFFFFC1
:10BF9000FFFFFFFFFFFFFFFFFFFFFFFFFFFFFFFFB1
:10BFA000FFFFFFFFFFFFFFFFFFFFFFFFFFFFFFFFA1
:10BFB000FFFFFFFFFFFFFFFFFFFFFFFFFFFFFFFF91
:10BFC000FFFFFFFFFFFFFFFFFFFFFFFFFFFFFFFF81
:10BFD000FFFFFFFFFFFFFFFFFFFFFFFFFFFFFFFF71
:10BFE000FFFFFFFFFFFFFFFFFFFFFFFFFFFFFFFF61
:10BFF000FFFFFFFFFFFFFFFFFFFFFFFFFFFFFFFF51
:10C00000FFFFFFFFFFFFFFFFFFFFFFFFFFFFFFFF40
:10C01000FFFFFFFFFFFFFFFFFFFFFFFFFFFFFFFF30
:10C02000FFFFFFFFFFFFFFFFFFFFFFFFFFFFFFFF20
:10C03000FFFFFFFFFFFFFFFFFFFFFFFFFFFFFFFF10
:10C04000FFFFFFFFFFFFFFFFFFFFFFFFFFFFFFFF00
:10C05000FFFFFFFFFFFFFFFFFFFFFFFFFFFFFFFFF0
:10C06000FFFFFFFFFFFFFFFFFFFFFFFFFFFFFFFFE0
:10C07000FFFFFFFFFFFFFFFFFFFFFFFFFFFFFFFFD0
:10C08000FFFFFFFFFFFFFFFFFFFFFFFFFFFFFFFFC0
:10C09000FFFFFFFFFFFFFFFFFFFFFFFFFFFFFFFFB0
:10C0A000FFFFFFFFFFFFFFFFFFFFFFFFFFFFFFFFA0
:10C0B000FFFFFFFFFFFFFFFFFFFFFFFFFFFFFFFF90
:10C0C000FFFFFFFFFFFFFFFFFFFFFFFFFFFFFFFF80
:10C0D000FFFFFFFFFFFFFFFFFFFFFFFFFFFFFFFF70
:10C0E000FFFFFFFFFFFFFFFFFFFFFFFFFFFFFFFF60
:10C0F000FFFFFFFFFFFFFFFFFFFFFFFFFFFFFFFF50
:10C10000FFFFFFFFFFFFFFFFFFFFFFFFFFFFFFFF3F
:10C11000FFFFFFFFFFFFFFFFFFFFFFFFFFFFFFFF2F
:10C12000FFFFFFFFFFFFFFFFFFFFFFFFFFFFFFFF1F
:10C13000FFFFFFFFFFFFFFFFFFFFFFFFFFFFFFFF0F
:10C14000FFFFFFFFFFFFFFFFFFFFFFFFFFFFFFFFFF
:10C15000FFFFFFFFFFFFFFFFFFFFFFFFFFFFFFFFEF
:10C16000FFFFFFFFFFFFFFFFFFFFFFFFFFFFFFFFDF
:10C17000FFFFFFFFFFFFFFFFFFFFFFFFFFFFFFFFCF
:10C18000FFFFFFFFFFFFFFFFFFFFFFFFFFFFFFFFBF
:10C19000FFFFFFFFFFFFFFFFFFFFFFFFFFFFFFFFAF
:10C1A000FFFFFFFFFFFFFFFFFFFFFFFFFFFFFFFF9F
:10C1B000FFFFFFFFFFFFFFFFFFFFFFFFFFFFFFFF8F
:10C1C000FFFFFFFFFFFFFFFFFFFFFFFFFFFFFFFF7F
:10C1D000FFFFFFFFFFFFFFFFFFFFFFFFFFFFFFFF6F
:10C1E000FFFFFFFFFFFFFFFFFFFFFFFFFFFFFFFF5F
:10C1F000FFFFFFFFFFFFFFFFFFFFFFFFFFFFFFFF4F
:10C20000FFFFFFFFFFFFFFFFFFFFFFFFFFFFFFFF3E
:10C21000FFFFFFFFFFFFFFFFFFFFFFFFFFFFFFFF2E
:10C22000FFFFFFFFFFFFFFFFFFFFFFFFFFFFFFFF1E
:10C23000FFFFFFFFFFFFFFFFFFFFFFFFFFFFFFFF0E
:10C24000FFFFFFFFFFFFFFFFFFFFFFFFFFFFFFFFFE
:10C25000FFFFFFFFFFFFFFFFFFFFFFFFFFFFFFFFEE
:10C26000FFFFFFFFFFFFFFFFFFFFFFFFFFFFFFFFDE
:10C27000FFFFFFFFFFFFFFFFFFFFFFFFFFFFFFFFCE
:10C28000FFFFFFFFFFFFFFFFFFFFFFFFFFFFFFFFBE
:10C29000FFFFFFFFFFFFFFFFFFFFFFFFFFFFFFFFAE
:10C2A000FFFFFFFFFFFFFFFFFFFFFFFFFFFFFFFF9E
:10C2B000FFFFFFFFFFFFFFFFFFFFFFFFFFFFFFFF8E
:10C2C000FFFFFFFFFFFFFFFFFFFFFFFFFFFFFFFF7E
:10C2D000FFFFFFFFFFFFFFFFFFFFFFFFFFFFFFFF6E
:10C2E000FFFFFFFFFFFFFFFFFFFFFFFFFFFFFFFF5E
:10C2F000FFFFFFFFFFFFFFFFFFFFFFFFFFFFFFFF4E
:10C30000FFFFFFFFFFFFFFFFFFFFFFFFFFFFFFFF3D
:10C31000FFFFFFFFFFFFFFFFFFFFFFFFFFFFFFFF2D
:10C32000FFFFFFFFFFFFFFFFFFFFFFFFFFFFFFFF1D
:10C33000FFFFFFFFFFFFFFFFFFFFFFFFFFFFFFFF0D
:10C34000FFFFFFFFFFFFFFFFFFFFFFFFFFFFFFFFFD
:10C35000FFFFFFFFFFFFFFFFFFFFFFFFFFFFFFFFED
:10C36000FFFFFFFFFFFFFFFFFFFFFFFFFFFFFFFFDD
:10C37000FFFFFFFFFFFFFFFFFFFFFFFFFFFFFFFFCD
:10C38000FFFFFFFFFFFFFFFFFFFFFFFFFFFFFFFFBD
:10C39000FFFFFFFFFFFFFFFFFFFFFFFFFFFFFFFFAD
:10C3A000FFFFFFFFFFFFFFFFFFFFFFFFFFFFFFFF9D
:10C3B000FFFFFFFFFFFFFFFFFFFFFFFFFFFFFFFF8D
:10C3C000FFFFFFFFFFFFFFFFFFFFFFFFFFFFFFFF7D
:10C3D000FFFFFFFFFFFFFFFFFFFFFFFFFFFFFFFF6D
:10C3E000FFFFFFFFFFFFFFFFFFFFFFFFFFFFFFFF5D
:10C3F000FFFFFFFFFFFFFFFFFFFFFFFFFFFFFFFF4D
:10C40000FFFFFFFFFFFFFFFFFFFFFFFFFFFFFFFF3C
:10C41000FFFFFFFFFFFFFFFFFFFFFFFFFFFFFFFF2C
:10C42000FFFFFFFFFFFFFFFFFFFFFFFFFFFFFFFF1C
:10C43000FFFFFFFFFFFFFFFFFFFFFFFFFFFFFFFF0C
:10C44000FFFFFFFFFFFFFFFFFFFFFFFFFFFFFFFFFC
:10C45000FFFFFFFFFFFFFFFFFFFFFFFFFFFFFFFFEC
:10C46000FFFFFFFFFFFFFFFFFFFFFFFFFFFFFFFFDC
:10C47000FFFFFFFFFFFFFFFFFFFFFFFFFFFFFFFFCC
:10C48000FFFFFFFFFFFFFFFFFFFFFFFFFFFFFFFFBC
:10C49000FFFFFFFFFFFFFFFFFFFFFFFFFFFFFFFFAC
:10C4A000FFFFFFFFFFFFFFFFFFFFFFFFFFFFFFFF9C
:10C4B000FFFFFFFFFFFFFFFFFFFFFFFFFFFFFFFF8C
:10C4C000FFFFFFFFFFFFFFFFFFFFFFFFFFFFFFFF7C
:10C4D000FFFFFFFFFFFFFFFFFFFFFFFFFFFFFFFF6C
:10C4E000FFFFFFFFFFFFFFFFFFFFFFFFFFFFFFFF5C
:10C4F000FFFFFFFFFFFFFFFFFFFFFFFFFFFFFFFF4C
:10C50000FFFFFFFFFFFFFFFFFFFFFFFFFFFFFFFF3B
:10C51000FFFFFFFFFFFFFFFFFFFFFFFFFFFFFFFF2B
:10C52000FFFFFFFFFFFFFFFFFFFFFFFFFFFFFFFF1B
:10C53000FFFFFFFFFFFFFFFFFFFFFFFFFFFFFFFF0B
:10C54000FFFFFFFFFFFFFFFFFFFFFFFFFFFFFFFFFB
:10C55000FFFFFFFFFFFFFFFFFFFFFFFFFFFFFFFFEB
:10C56000FFFFFFFFFFFFFFFFFFFFFFFFFFFFFFFFDB
:10C57000FFFFFFFFFFFFFFFFFFFFFFFFFFFFFFFFCB
:10C58000FFFFFFFFFFFFFFFFFFFFFFFFFFFFFFFFBB
:10C59000FFFFFFFFFFFFFFFFFFFFFFFFFFFFFFFFAB
:10C5A000FFFFFFFFFFFFFFFFFFFFFFFFFFFFFFFF9B
:10C5B000FFFFFFFFFFFFFFFFFFFFFFFFFFFFFFFF8B
:10C5C000FFFFFFFFFFFFFFFFFFFFFFFFFFFFFFFF7B
:10C5D000FFFFFFFFFFFFFFFFFFFFFFFFFFFFFFFF6B
:10C5E000FFFFFFFFFFFFFFFFFFFFFFFFFFFFFFFF5B
:10C5F000FFFFFFFFFFFFFFFFFFFFFFFFFFFFFFFF4B
:10C60000FFFFFFFFFFFFFFFFFFFFFFFFFFFFFFFF3A
:10C61000FFFFFFFFFFFFFFFFFFFFFFFFFFFFFFFF2A
:10C62000FFFFFFFFFFFFFFFFFFFFFFFFFFFFFFFF1A
:10C63000FFFFFFFFFFFFFFFFFFFFFFFFFFFFFFFF0A
:10C64000FFFFFFFFFFFFFFFFFFFFFFFFFFFFFFFFFA
:10C65000FFFFFFFFFFFFFFFFFFFFFFFFFFFFFFFFEA
:10C66000FFFFFFFFFFFFFFFFFFFFFFFFFFFFFFFFDA
:10C67000FFFFFFFFFFFFFFFFFFFFFFFFFFFFFFFFCA
:10C68000FFFFFFFFFFFFFFFFFFFFFFFFFFFFFFFFBA
:10C69000FFFFFFFFFFFFFFFFFFFFFFFFFFFFFFFFAA
:10C6A000FFFFFFFFFFFFFFFFFFFFFFFFFFFFFFFF9A
:10C6B000FFFFFFFFFFFFFFFFFFFFFFFFFFFFFFFF8A
:10C6C000FFFFFFFFFFFFFFFFFFFFFFFFFFFFFFFF7A
:10C6D000FFFFFFFFFFFFFFFFFFFFFFFFFFFFFFFF6A
:10C6E000FFFFFFFFFFFFFFFFFFFFFFFFFFFFFFFF5A
:10C6F000FFFFFFFFFFFFFFFFFFFFFFFFFFFFFFFF4A
:10C70000FFFFFFFFFFFFFFFFFFFFFFFFFFFFFFFF39
:10C71000FFFFFFFFFFFFFFFFFFFFFFFFFFFFFFFF29
:10C72000FFFFFFFFFFFFFFFFFFFFFFFFFFFFFFFF19
:10C73000FFFFFFFFFFFFFFFFFFFFFFFFFFFFFFFF09
:10C74000FFFFFFFFFFFFFFFFFFFFFFFFFFFFFFFFF9
:10C75000FFFFFFFFFFFFFFFFFFFFFFFFFFFFFFFFE9
:10C76000FFFFFFFFFFFFFFFFFFFFFFFFFFFFFFFFD9
:10C77000FFFFFFFFFFFFFFFFFFFFFFFFFFFFFFFFC9
:10C78000FFFFFFFFFFFFFFFFFFFFFFFFFFFFFFFFB9
:10C79000FFFFFFFFFFFFFFFFFFFFFFFFFFFFFFFFA9
:10C7A000FFFFFFFFFFFFFFFFFFFFFFFFFFFFFFFF99
:10C7B000FFFFFFFFFFFFFFFFFFFFFFFFFFFFFFFF89
:10C7C000FFFFFFFFFFFFFFFFFFFFFFFFFFFFFFFF79
:10C7D000FFFFFFFFFFFFFFFFFFFFFFFFFFFFFFFF69
:10C7E000FFFFFFFFFFFFFFFFFFFFFFFFFFFFFFFF59
:10C7F000FFFFFFFFFFFFFFFFFFFFFFFFFFFFFFFF49
:10C80000FFFFFFFFFFFFFFFFFFFFFFFFFFFFFFFF38
:10C81000FFFFFFFFFFFFFFFFFFFFFFFFFFFFFFFF28
:10C82000FFFFFFFFFFFFFFFFFFFFFFFFFFFFFFFF18
:10C83000FFFFFFFFFFFFFFFFFFFFFFFFFFFFFFFF08
:10C84000FFFFFFFFFFFFFFFFFFFFFFFFFFFFFFFFF8
:10C85000FFFFFFFFFFFFFFFFFFFFFFFFFFFFFFFFE8
:10C86000FFFFFFFFFFFFFFFFFFFFFFFFFFFFFFFFD8
:10C87000FFFFFFFFFFFFFFFFFFFFFFFFFFFFFFFFC8
:10C88000FFFFFFFFFFFFFFFFFFFFFFFFFFFFFFFFB8
:10C89000FFFFFFFFFFFFFFFFFFFFFFFFFFFFFFFFA8
:10C8A000FFFFFFFFFFFFFFFFFFFFFFFFFFFFFFFF98
:10C8B000FFFFFFFFFFFFFFFFFFFFFFFFFFFFFFFF88
:10C8C000FFFFFFFFFFFFFFFFFFFFFFFFFFFFFFFF78
:10C8D000FFFFFFFFFFFFFFFFFFFFFFFFFFFFFFFF68
:10C8E000FFFFFFFFFFFFFFFFFFFFFFFFFFFFFFFF58
:10C8F000FFFFFFFFFFFFFFFFFFFFFFFFFFFFFFFF48
:10C90000FFFFFFFFFFFFFFFFFFFFFFFFFFFFFFFF37
:10C91000FFFFFFFFFFFFFFFFFFFFFFFFFFFFFFFF27
:10C92000FFFFFFFFFFFFFFFFFFFFFFFFFFFFFFFF17
:10C93000FFFFFFFFFFFFFFFFFFFFFFFFFFFFFFFF07
:10C94000FFFFFFFFFFFFFFFFFFFFFFFFFFFFFFFFF7
:10C95000FFFFFFFFFFFFFFFFFFFFFFFFFFFFFFFFE7
:10C96000FFFFFFFFFFFFFFFFFFFFFFFFFFFFFFFFD7
:10C97000FFFFFFFFFFFFFFFFFFFFFFFFFFFFFFFFC7
:10C98000FFFFFFFFFFFFFFFFFFFFFFFFFFFFFFFFB7
:10C99000FFFFFFFFFFFFFFFFFFFFFFFFFFFFFFFFA7
:10C9A000FFFFFFFFFFFFFFFFFFFFFFFFFFFFFFFF97
:10C9B000FFFFFFFFFFFFFFFFFFFFFFFFFFFFFFFF87
:10C9C000FFFFFFFFFFFFFFFFFFFFFFFFFFFFFFFF77
:10C9D000FFFFFFFFFFFFFFFFFFFFFFFFFFFFFFFF67
:10C9E000FFFFFFFFFFFFFFFFFFFFFFFFFFFFFFFF57
:10C9F000FFFFFFFFFFFFFFFFFFFFFFFFFFFFFFFF47
:10CA0000FFFFFFFFFFFFFFFFFFFFFFFFFFFFFFFF36
:10CA1000FFFFFFFFFFFFFFFFFFFFFFFFFFFFFFFF26
:10CA2000FFFFFFFFFFFFFFFFFFFFFFFFFFFFFFFF16
:10CA3000FFFFFFFFFFFFFFFFFFFFFFFFFFFFFFFF06
:10CA4000FFFFFFFFFFFFFFFFFFFFFFFFFFFFFFFFF6
:10CA5000FFFFFFFFFFFFFFFFFFFFFFFFFFFFFFFFE6
:10CA6000FFFFFFFFFFFFFFFFFFFFFFFFFFFFFFFFD6
:10CA7000FFFFFFFFFFFFFFFFFFFFFFFFFFFFFFFFC6
:10CA8000FFFFFFFFFFFFFFFFFFFFFFFFFFFFFFFFB6
:10CA9000FFFFFFFFFFFFFFFFFFFFFFFFFFFFFFFFA6
:10CAA000FFFFFFFFFFFFFFFFFFFFFFFFFFFFFFFF96
:10CAB000FFFFFFFFFFFFFFFFFFFFFFFFFFFFFFFF86
:10CAC000FFFFFFFFFFFFFFFFFFFFFFFFFFFFFFFF76
:10CAD000FFFFFFFFFFFFFFFFFFFFFFFFFFFFFFFF66
:10CAE000FFFFFFFFFFFFFFFFFFFFFFFFFFFFFFFF56
:10CAF000FFFFFFFFFFFFFFFFFFFFFFFFFFFFFFFF46
:10CB0000FFFFFFFFFFFFFFFFFFFFFFFFFFFFFFFF35
:10CB1000FFFFFFFFFFFFFFFFFFFFFFFFFFFFFFFF25
:10CB2000FFFFFFFFFFFFFFFFFFFFFFFFFFFFFFFF15
:10CB3000FFFFFFFFFFFFFFFFFFFFFFFFFFFFFFFF05
:10CB4000FFFFFFFFFFFFFFFFFFFFFFFFFFFFFFFFF5
:10CB5000FFFFFFFFFFFFFFFFFFFFFFFFFFFFFFFFE5
:10CB6000FFFFFFFFFFFFFFFFFFFFFFFFFFFFFFFFD5
:10CB7000FFFFFFFFFFFFFFFFFFFFFFFFFFFFFFFFC5
:10CB8000FFFFFFFFFFFFFFFFFFFFFFFFFFFFFFFFB5
:10CB9000FFFFFFFFFFFFFFFFFFFFFFFFFFFFFFFFA5
:10CBA000FFFFFFFFFFFFFFFFFFFFFFFFFFFFFFFF95
:10CBB000FFFFFFFFFFFFFFFFFFFFFFFFFFFFFFFF85
:10CBC000FFFFFFFFFFFFFFFFFFFFFFFFFFFFFFFF75
:10CBD000FFFFFFFFFFFFFFFFFFFFFFFFFFFFFFFF65
:10CBE000FFFFFFFFFFFFFFFFFFFFFFFFFFFFFFFF55
:10CBF000FFFFFFFFFFFFFFFFFFFFFFFFFFFFFFFF45
:10CC0000FFFFFFFFFFFFFFFFFFFFFFFFFFFFFFFF34
:10CC1000FFFFFFFFFFFFFFFFFFFFFFFFFFFFFFFF24
:10CC2000FFFFFFFFFFFFFFFFFFFFFFFFFFFFFFFF14
:10CC3000FFFFFFFFFFFFFFFFFFFFFFFFFFFFFFFF04
:10CC4000FFFFFFFFFFFFFFFFFFFFFFFFFFFFFFFFF4
:10CC5000FFFFFFFFFFFFFFFFFFFFFFFFFFFFFFFFE4
:10CC6000FFFFFFFFFFFFFFFFFFFFFFFFFFFFFFFFD4
:10CC7000FFFFFFFFFFFFFFFFFFFFFFFFFFFFFFFFC4
:10CC8000FFFFFFFFFFFFFFFFFFFFFFFFFFFFFFFFB4
:10CC9000FFFFFFFFFFFFFFFFFFFFFFFFFFFFFFFFA4
:10CCA000FFFFFFFFFFFFFFFFFFFFFFFFFFFFFFFF94
:10CCB000FFFFFFFFFFFFFFFFFFFFFFFFFFFFFFFF84
:10CCC000FFFFFFFFFFFFFFFFFFFFFFFFFFFFFFFF74
:10CCD000FFFFFFFFFFFFFFFFFFFFFFFFFFFFFFFF64
:10CCE000FFFFFFFFFFFFFFFFFFFFFFFFFFFFFFFF54
:10CCF000FFFFFFFFFFFFFFFFFFFFFFFFFFFFFFFF44
:10CD0000FFFFFFFFFFFFFFFFFFFFFFFFFFFFFFFF33
:10CD1000FFFFFFFFFFFFFFFFFFFFFFFFFFFFFFFF23
:10CD2000FFFFFFFFFFFFFFFFFFFFFFFFFFFFFFFF13
:10CD3000FFFFFFFFFFFFFFFFFFFFFFFFFFFFFFFF03
:10CD4000FFFFFFFFFFFFFFFFFFFFFFFFFFFFFFFFF3
:10CD5000FFFFFFFFFFFFFFFFFFFFFFFFFFFFFFFFE3
:10CD6000FFFFFFFFFFFFFFFFFFFFFFFFFFFFFFFFD3
:10CD7000FFFFFFFFFFFFFFFFFFFFFFFFFFFFFFFFC3
:10CD8000FFFFFFFFFFFFFFFFFFFFFFFFFFFFFFFFB3
:10CD9000FFFFFFFFFFFFFFFFFFFFFFFFFFFFFFFFA3
:10CDA000FFFFFFFFFFFFFFFFFFFFFFFFFFFFFFFF93
:10CDB000FFFFFFFFFFFFFFFFFFFFFFFFFFFFFFFF83
:10CDC000FFFFFFFFFFFFFFFFFFFFFFFFFFFFFFFF73
:10CDD000FFFFFFFFFFFFFFFFFFFFFFFFFFFFFFFF63
:10CDE000FFFFFFFFFFFFFFFFFFFFFFFFFFFFFFFF53
:10CDF000FFFFFFFFFFFFFFFFFFFFFFFFFFFFFFFF43
:10CE0000FFFFFFFFFFFFFFFFFFFFFFFFFFFFFFFF32
:10CE1000FFFFFFFFFFFFFFFFFFFFFFFFFFFFFFFF22
:10CE2000FFFFFFFFFFFFFFFFFFFFFFFFFFFFFFFF12
:10CE3000FFFFFFFFFFFFFFFFFFFFFFFFFFFFFFFF02
:10CE4000FFFFFFFFFFFFFFFFFFFFFFFFFFFFFFFFF2
:10CE5000FFFFFFFFFFFFFFFFFFFFFFFFFFFFFFFFE2
:10CE6000FFFFFFFFFFFFFFFFFFFFFFFFFFFFFFFFD2
:10CE7000FFFFFFFFFFFFFFFFFFFFFFFFFFFFFFFFC2
:10CE8000FFFFFFFFFFFFFFFFFFFFFFFFFFFFFFFFB2
:10CE9000FFFFFFFFFFFFFFFFFFFFFFFFFFFFFFFFA2
:10CEA000FFFFFFFFFFFFFFFFFFFFFFFFFFFFFFFF92
:10CEB000FFFFFFFFFFFFFFFFFFFFFFFFFFFFFFFF82
:10CEC000FFFFFFFFFFFFFFFFFFFFFFFFFFFFFFFF72
:10CED000FFFFFFFFFFFFFFFFFFFFFFFFFFFFFFFF62
:10CEE000FFFFFFFFFFFFFFFFFFFFFFFFFFFFFFFF52
:10CEF000FFFFFFFFFFFFFFFFFFFFFFFFFFFFFFFF42
:10CF0000FFFFFFFFFFFFFFFFFFFFFFFFFFFFFFFF31
:10CF1000FFFFFFFFFFFFFFFFFFFFFFFFFFFFFFFF21
:10CF2000FFFFFFFFFFFFFFFFFFFFFFFFFFFFFFFF11
:10CF3000FFFFFFFFFFFFFFFFFFFFFFFFFFFFFFFF01
:10CF4000FFFFFFFFFFFFFFFFFFFFFFFFFFFFFFFFF1
:10CF5000FFFFFFFFFFFFFFFFFFFFFFFFFFFFFFFFE1
:10CF6000FFFFFFFFFFFFFFFFFFFFFFFFFFFFFFFFD1
:10CF7000FFFFFFFFFFFFFFFFFFFFFFFFFFFFFFFFC1
:10CF8000FFFFFFFFFFFFFFFFFFFFFFFFFFFFFFFFB1
:10CF9000FFFFFFFFFFFFFFFFFFFFFFFFFFFFFFFFA1
:10CFA000FFFFFFFFFFFFFFFFFFFFFFFFFFFFFFFF91
:10CFB000FFFFFFFFFFFFFFFFFFFFFFFFFFFFFFFF81
:10CFC000FFFFFFFFFFFFFFFFFFFFFFFFFFFFFFFF71
:10CFD000FFFFFFFFFFFFFFFFFFFFFFFFFFFFFFFF61
:10CFE000FFFFFFFFFFFFFFFFFFFFFFFFFFFFFFFF51
:10CFF000FFFFFFFFFFFFFFFFFFFFFFFFFFFFFFFF41
:10D00000FFFFFFFFFFFFFFFFFFFFFFFFFFFFFFFF30
:10D01000FFFFFFFFFFFFFFFFFFFFFFFFFFFFFFFF20
:10D02000FFFFFFFFFFFFFFFFFFFFFFFFFFFFFFFF10
:10D03000FFFFFFFFFFFFFFFFFFFFFFFFFFFFFFFF00
:10D04000FFFFFFFFFFFFFFFFFFFFFFFFFFFFFFFFF0
:10D05000FFFFFFFFFFFFFFFFFFFFFFFFFFFFFFFFE0
:10D06000FFFFFFFFFFFFFFFFFFFFFFFFFFFFFFFFD0
:10D07000FFFFFFFFFFFFFFFFFFFFFFFFFFFFFFFFC0
:10D08000FFFFFFFFFFFFFFFFFFFFFFFFFFFFFFFFB0
:10D09000FFFFFFFFFFFFFFFFFFFFFFFFFFFFFFFFA0
:10D0A000FFFFFFFFFFFFFFFFFFFFFFFFFFFFFFFF90
:10D0B000FFFFFFFFFFFFFFFFFFFFFFFFFFFFFFFF80
:10D0C000FFFFFFFFFFFFFFFFFFFFFFFFFFFFFFFF70
:10D0D000FFFFFFFFFFFFFFFFFFFFFFFFFFFFFFFF60
:10D0E000FFFFFFFFFFFFFFFFFFFFFFFFFFFFFFFF50
:10D0F000FFFFFFFFFFFFFFFFFFFFFFFFFFFFFFFF40
:10D10000FFFFFFFFFFFFFFFFFFFFFFFFFFFFFFFF2F
:10D11000FFFFFFFFFFFFFFFFFFFFFFFFFFFFFFFF1F
:10D12000FFFFFFFFFFFFFFFFFFFFFFFFFFFFFFFF0F
:10D13000FFFFFFFFFFFFFFFFFFFFFFFFFFFFFFFFFF
:10D14000FFFFFFFFFFFFFFFFFFFFFFFFFFFFFFFFEF
:10D15000FFFFFFFFFFFFFFFFFFFFFFFFFFFFFFFFDF
:10D16000FFFFFFFFFFFFFFFFFFFFFFFFFFFFFFFFCF
:10D17000FFFFFFFFFFFFFFFFFFFFFFFFFFFFFFFFBF
:10D18000FFFFFFFFFFFFFFFFFFFFFFFFFFFFFFFFAF
:10D19000FFFFFFFFFFFFFFFFFFFFFFFFFFFFFFFF9F
:10D1A000FFFFFFFFFFFFFFFFFFFFFFFFFFFFFFFF8F
:10D1B000FFFFFFFFFFFFFFFFFFFFFFFFFFFFFFFF7F
:10D1C000FFFFFFFFFFFFFFFFFFFFFFFFFFFFFFFF6F
:10D1D000FFFFFFFFFFFFFFFFFFFFFFFFFFFFFFFF5F
:10D1E000FFFFFFFFFFFFFFFFFFFFFFFFFFFFFFFF4F
:10D1F000FFFFFFFFFFFFFFFFFFFFFFFFFFFFFFFF3F
:10D20000FFFFFFFFFFFFFFFFFFFFFFFFFFFFFFFF2E
:10D21000FFFFFFFFFFFFFFFFFFFFFFFFFFFFFFFF1E
:10D22000FFFFFFFFFFFFFFFFFFFFFFFFFFFFFFFF0E
:10D23000FFFFFFFFFFFFFFFFFFFFFFFFFFFFFFFFFE
:10D24000FFFFFFFFFFFFFFFFFFFFFFFFFFFFFFFFEE
:10D25000FFFFFFFFFFFFFFFFFFFFFFFFFFFFFFFFDE
:10D26000FFFFFFFFFFFFFFFFFFFFFFFFFFFFFFFFCE
:10D27000FFFFFFFFFFFFFFFFFFFFFFFFFFFFFFFFBE
:10D28000FFFFFFFFFFFFFFFFFFFFFFFFFFFFFFFFAE
:10D29000FFFFFFFFFFFFFFFFFFFFFFFFFFFFFFFF9E
:10D2A000FFFFFFFFFFFFFFFFFFFFFFFFFFFFFFFF8E
:10D2B000FFFFFFFFFFFFFFFFFFFFFFFFFFFFFFFF7E
:10D2C000FFFFFFFFFFFFFFFFFFFFFFFFFFFFFFFF6E
:10D2D000FFFFFFFFFFFFFFFFFFFFFFFFFFFFFFFF5E
:10D2E000FFFFFFFFFFFFFFFFFFFFFFFFFFFFFFFF4E
:10D2F000FFFFFFFFFFFFFFFFFFFFFFFFFFFFFFFF3E
:10D30000FFFFFFFFFFFFFFFFFFFFFFFFFFFFFFFF2D
:10D31000FFFFFFFFFFFFFFFFFFFFFFFFFFFFFFFF1D
:10D32000FFFFFFFFFFFFFFFFFFFFFFFFFFFFFFFF0D
:10D33000FFFFFFFFFFFFFFFFFFFFFFFFFFFFFFFFFD
:10D34000FFFFFFFFFFFFFFFFFFFFFFFFFFFFFFFFED
:10D35000FFFFFFFFFFFFFFFFFFFFFFFFFFFFFFFFDD
:10D36000FFFFFFFFFFFFFFFFFFFFFFFFFFFFFFFFCD
:10D37000FFFFFFFFFFFFFFFFFFFFFFFFFFFFFFFFBD
:10D38000FFFFFFFFFFFFFFFFFFFFFFFFFFFFFFFFAD
:10D39000FFFFFFFFFFFFFFFFFFFFFFFFFFFFFFFF9D
:10D3A000FFFFFFFFFFFFFFFFFFFFFFFFFFFFFFFF8D
:10D3B000FFFFFFFFFFFFFFFFFFFFFFFFFFFFFFFF7D
:10D3C000FFFFFFFFFFFFFFFFFFFFFFFFFFFFFFFF6D
:10D3D000FFFFFFFFFFFFFFFFFFFFFFFFFFFFFFFF5D
:10D3E000FFFFFFFFFFFFFFFFFFFFFFFFFFFFFFFF4D
:10D3F000FFFFFFFFFFFFFFFFFFFFFFFFFFFFFFFF3D
:10D40000FFFFFFFFFFFFFFFFFFFFFFFFFFFFFFFF2C
:10D41000FFFFFFFFFFFFFFFFFFFFFFFFFFFFFFFF1C
:10D42000FFFFFFFFFFFFFFFFFFFFFFFFFFFFFFFF0C
:10D43000FFFFFFFFFFFFFFFFFFFFFFFFFFFFFFFFFC
:10D44000FFFFFFFFFFFFFFFFFFFFFFFFFFFFFFFFEC
:10D45000FFFFFFFFFFFFFFFFFFFFFFFFFFFFFFFFDC
:10D46000FFFFFFFFFFFFFFFFFFFFFFFFFFFFFFFFCC
:10D47000FFFFFFFFFFFFFFFFFFFFFFFFFFFFFFFFBC
:10D48000FFFFFFFFFFFFFFFFFFFFFFFFFFFFFFFFAC
:10D49000FFFFFFFFFFFFFFFFFFFFFFFFFFFFFFFF9C
:10D4A000FFFFFFFFFFFFFFFFFFFFFFFFFFFFFFFF8C
:10D4B000FFFFFFFFFFFFFFFFFFFFFFFFFFFFFFFF7C
:10D4C000FFFFFFFFFFFFFFFFFFFFFFFFFFFFFFFF6C
:10D4D000FFFFFFFFFFFFFFFFFFFFFFFFFFFFFFFF5C
:10D4E000FFFFFFFFFFFFFFFFFFFFFFFFFFFFFFFF4C
:10D4F000FFFFFFFFFFFFFFFFFFFFFFFFFFFFFFFF3C
:10D50000FFFFFFFFFFFFFFFFFFFFFFFFFFFFFFFF2B
:10D51000FFFFFFFFFFFFFFFFFFFFFFFFFFFFFFFF1B
:10D52000FFFFFFFFFFFFFFFFFFFFFFFFFFFFFFFF0B
:10D53000FFFFFFFFFFFFFFFFFFFFFFFFFFFFFFFFFB
:10D54000FFFFFFFFFFFFFFFFFFFFFFFFFFFFFFFFEB
:10D55000FFFFFFFFFFFFFFFFFFFFFFFFFFFFFFFFDB
:10D56000FFFFFFFFFFFFFFFFFFFFFFFFFFFFFFFFCB
:10D57000FFFFFFFFFFFFFFFFFFFFFFFFFFFFFFFFBB
:10D58000FFFFFFFFFFFFFFFFFFFFFFFFFFFFFFFFAB
:10D59000FFFFFFFFFFFFFFFFFFFFFFFFFFFFFFFF9B
:10D5A000FFFFFFFFFFFFFFFFFFFFFFFFFFFFFFFF8B
:10D5B000FFFFFFFFFFFFFFFFFFFFFFFFFFFFFFFF7B
:10D5C000FFFFFFFFFFFFFFFFFFFFFFFFFFFFFFFF6B
:10D5D000FFFFFFFFFFFFFFFFFFFFFFFFFFFFFFFF5B
:10D5E000FFFFFFFFFFFFFFFFFFFFFFFFFFFFFFFF4B
:10D5F000FFFFFFFFFFFFFFFFFFFFFFFFFFFFFFFF3B
:10D60000FFFFFFFFFFFFFFFFFFFFFFFFFFFFFFFF2A
:10D61000FFFFFFFFFFFFFFFFFFFFFFFFFFFFFFFF1A
:10D62000FFFFFFFFFFFFFFFFFFFFFFFFFFFFFFFF0A
:10D63000FFFFFFFFFFFFFFFFFFFFFFFFFFFFFFFFFA
:10D64000FFFFFFFFFFFFFFFFFFFFFFFFFFFFFFFFEA
:10D65000FFFFFFFFFFFFFFFFFFFFFFFFFFFFFFFFDA
:10D66000FFFFFFFFFFFFFFFFFFFFFFFFFFFFFFFFCA
:10D67000FFFFFFFFFFFFFFFFFFFFFFFFFFFFFFFFBA
:10D68000FFFFFFFFFFFFFFFFFFFFFFFFFFFFFFFFAA
:10D69000FFFFFFFFFFFFFFFFFFFFFFFFFFFFFFFF9A
:10D6A000FFFFFFFFFFFFFFFFFFFFFFFFFFFFFFFF8A
:10D6B000FFFFFFFFFFFFFFFFFFFFFFFFFFFFFFFF7A
:10D6C000FFFFFFFFFFFFFFFFFFFFFFFFFFFFFFFF6A
:10D6D000FFFFFFFFFFFFFFFFFFFFFFFFFFFFFFFF5A
:10D6E000FFFFFFFFFFFFFFFFFFFFFFFFFFFFFFFF4A
:10D6F000FFFFFFFFFFFFFFFFFFFFFFFFFFFFFFFF3A
:10D70000FFFFFFFFFFFFFFFFFFFFFFFFFFFFFFFF29
:10D71000FFFFFFFFFFFFFFFFFFFFFFFFFFFFFFFF19
:10D72000FFFFFFFFFFFFFFFFFFFFFFFFFFFFFFFF09
:10D73000FFFFFFFFFFFFFFFFFFFFFFFFFFFFFFFFF9
:10D74000FFFFFFFFFFFFFFFFFFFFFFFFFFFFFFFFE9
:10D75000FFFFFFFFFFFFFFFFFFFFFFFFFFFFFFFFD9
:10D76000FFFFFFFFFFFFFFFFFFFFFFFFFFFFFFFFC9
:10D77000FFFFFFFFFFFFFFFFFFFFFFFFFFFFFFFFB9
:10D78000FFFFFFFFFFFFFFFFFFFFFFFFFFFFFFFFA9
:10D79000FFFFFFFFFFFFFFFFFFFFFFFFFFFFFFFF99
:10D7A000FFFFFFFFFFFFFFFFFFFFFFFFFFFFFFFF89
:10D7B000FFFFFFFFFFFFFFFFFFFFFFFFFFFFFFFF79
:10D7C000FFFFFFFFFFFFFFFFFFFFFFFFFFFFFFFF69
:10D7D000FFFFFFFFFFFFFFFFFFFFFFFFFFFFFFFF59
:10D7E000FFFFFFFFFFFFFFFFFFFFFFFFFFFFFFFF49
:10D7F000FFFFFFFFFFFFFFFFFFFFFFFFFFFFFFFF39
:10D80000FFFFFFFFFFFFFFFFFFFFFFFFFFFFFFFF28
:10D81000FFFFFFFFFFFFFFFFFFFFFFFFFFFFFFFF18
:10D82000FFFFFFFFFFFFFFFFFFFFFFFFFFFFFFFF08
:10D83000FFFFFFFFFFFFFFFFFFFFFFFFFFFFFFFFF8
:10D84000FFFFFFFFFFFFFFFFFFFFFFFFFFFFFFFFE8
:10D85000FFFFFFFFFFFFFFFFFFFFFFFFFFFFFFFFD8
:10D86000FFFFFFFFFFFFFFFFFFFFFFFFFFFFFFFFC8
:10D87000FFFFFFFFFFFFFFFFFFFFFFFFFFFFFFFFB8
:10D88000FFFFFFFFFFFFFFFFFFFFFFFFFFFFFFFFA8
:10D89000FFFFFFFFFFFFFFFFFFFFFFFFFFFFFFFF98
:10D8A000FFFFFFFFFFFFFFFFFFFFFFFFFFFFFFFF88
:10D8B000FFFFFFFFFFFFFFFFFFFFFFFFFFFFFFFF78
:10D8C000FFFFFFFFFFFFFFFFFFFFFFFFFFFFFFFF68
:10D8D000FFFFFFFFFFFFFFFFFFFFFFFFFFFFFFFF58
:10D8E000FFFFFFFFFFFFFFFFFFFFFFFFFFFFFFFF48
:10D8F000FFFFFFFFFFFFFFFFFFFFFFFFFFFFFFFF38
:10D90000FFFFFFFFFFFFFFFFFFFFFFFFFFFFFFFF27
:10D91000FFFFFFFFFFFFFFFFFFFFFFFFFFFFFFFF17
:10D92000FFFFFFFFFFFFFFFFFFFFFFFFFFFFFFFF07
:10D93000FFFFFFFFFFFFFFFFFFFFFFFFFFFFFFFFF7
:10D94000FFFFFFFFFFFFFFFFFFFFFFFFFFFFFFFFE7
:10D95000FFFFFFFFFFFFFFFFFFFFFFFFFFFFFFFFD7
:10D96000FFFFFFFFFFFFFFFFFFFFFFFFFFFFFFFFC7
:10D97000FFFFFFFFFFFFFFFFFFFFFFFFFFFFFFFFB7
:10D98000FFFFFFFFFFFFFFFFFFFFFFFFFFFFFFFFA7
:10D99000FFFFFFFFFFFFFFFFFFFFFFFFFFFFFFFF97
:10D9A000FFFFFFFFFFFFFFFFFFFFFFFFFFFFFFFF87
:10D9B000FFFFFFFFFFFFFFFFFFFFFFFFFFFFFFFF77
:10D9C000FFFFFFFFFFFFFFFFFFFFFFFFFFFFFFFF67
:10D9D000FFFFFFFFFFFFFFFFFFFFFFFFFFFFFFFF57
:10D9E000FFFFFFFFFFFFFFFFFFFFFFFFFFFFFFFF47
:10D9F000FFFFFFFFFFFFFFFFFFFFFFFFFFFFFFFF37
:10DA0000FFFFFFFFFFFFFFFFFFFFFFFFFFFFFFFF26
:10DA1000FFFFFFFFFFFFFFFFFFFFFFFFFFFFFFFF16
:10DA2000FFFFFFFFFFFFFFFFFFFFFFFFFFFFFFFF06
:10DA3000FFFFFFFFFFFFFFFFFFFFFFFFFFFFFFFFF6
:10DA4000FFFFFFFFFFFFFFFFFFFFFFFFFFFFFFFFE6
:10DA5000FFFFFFFFFFFFFFFFFFFFFFFFFFFFFFFFD6
:10DA6000FFFFFFFFFFFFFFFFFFFFFFFFFFFFFFFFC6
:10DA7000FFFFFFFFFFFFFFFFFFFFFFFFFFFFFFFFB6
:10DA8000FFFFFFFFFFFFFFFFFFFFFFFFFFFFFFFFA6
:10DA9000FFFFFFFFFFFFFFFFFFFFFFFFFFFFFFFF96
:10DAA000FFFFFFFFFFFFFFFFFFFFFFFFFFFFFFFF86
:10DAB000FFFFFFFFFFFFFFFFFFFFFFFFFFFFFFFF76
:10DAC000FFFFFFFFFFFFFFFFFFFFFFFFFFFFFFFF66
:10DAD000FFFFFFFFFFFFFFFFFFFFFFFFFFFFFFFF56
:10DAE000FFFFFFFFFFFFFFFFFFFFFFFFFFFFFFFF46
:10DAF000FFFFFFFFFFFFFFFFFFFFFFFFFFFFFFFF36
:10DB0000FFFFFFFFFFFFFFFFFFFFFFFFFFFFFFFF25
:10DB1000FFFFFFFFFFFFFFFFFFFFFFFFFFFFFFFF15
:10DB2000FFFFFFFFFFFFFFFFFFFFFFFFFFFFFFFF05
:10DB3000FFFFFFFFFFFFFFFFFFFFFFFFFFFFFFFFF5
:10DB4000FFFFFFFFFFFFFFFFFFFFFFFFFFFFFFFFE5
:10DB5000FFFFFFFFFFFFFFFFFFFFFFFFFFFFFFFFD5
:10DB6000FFFFFFFFFFFFFFFFFFFFFFFFFFFFFFFFC5
:10DB7000FFFFFFFFFFFFFFFFFFFFFFFFFFFFFFFFB5
:10DB8000FFFFFFFFFFFFFFFFFFFFFFFFFFFFFFFFA5
:10DB9000FFFFFFFFFFFFFFFFFFFFFFFFFFFFFFFF95
:10DBA000FFFFFFFFFFFFFFFFFFFFFFFFFFFFFFFF85
:10DBB000FFFFFFFFFFFFFFFFFFFFFFFFFFFFFFFF75
:10DBC000FFFFFFFFFFFFFFFFFFFFFFFFFFFFFFFF65
:10DBD000FFFFFFFFFFFFFFFFFFFFFFFFFFFFFFFF55
:10DBE000FFFFFFFFFFFFFFFFFFFFFFFFFFFFFFFF45
:10DBF000FFFFFFFFFFFFFFFFFFFFFFFFFFFFFFFF35
:10DC0000FFFFFFFFFFFFFFFFFFFFFFFFFFFFFFFF24
:10DC1000FFFFFFFFFFFFFFFFFFFFFFFFFFFFFFFF14
:10DC2000FFFFFFFFFFFFFFFFFFFFFFFFFFFFFFFF04
:10DC3000FFFFFFFFFFFFFFFFFFFFFFFFFFFFFFFFF4
:10DC4000FFFFFFFFFFFFFFFFFFFFFFFFFFFFFFFFE4
:10DC5000FFFFFFFFFFFFFFFFFFFFFFFFFFFFFFFFD4
:10DC6000FFFFFFFFFFFFFFFFFFFFFFFFFFFFFFFFC4
:10DC7000FFFFFFFFFFFFFFFFFFFFFFFFFFFFFFFFB4
:10DC8000FFFFFFFFFFFFFFFFFFFFFFFFFFFFFFFFA4
:10DC9000FFFFFFFFFFFFFFFFFFFFFFFFFFFFFFFF94
:10DCA000FFFFFFFFFFFFFFFFFFFFFFFFFFFFFFFF84
:10DCB000FFFFFFFFFFFFFFFFFFFFFFFFFFFFFFFF74
:10DCC000FFFFFFFFFFFFFFFFFFFFFFFFFFFFFFFF64
:10DCD000FFFFFFFFFFFFFFFFFFFFFFFFFFFFFFFF54
:10DCE000FFFFFFFFFFFFFFFFFFFFFFFFFFFFFFFF44
:10DCF000FFFFFFFFFFFFFFFFFFFFFFFFFFFFFFFF34
:10DD0000FFFFFFFFFFFFFFFFFFFFFFFFFFFFFFFF23
:10DD1000FFFFFFFFFFFFFFFFFFFFFFFFFFFFFFFF13
:10DD2000FFFFFFFFFFFFFFFFFFFFFFFFFFFFFFFF03
:10DD3000FFFFFFFFFFFFFFFFFFFFFFFFFFFFFFFFF3
:10DD4000FFFFFFFFFFFFFFFFFFFFFFFFFFFFFFFFE3
:10DD5000FFFFFFFFFFFFFFFFFFFFFFFFFFFFFFFFD3
:10DD6000FFFFFFFFFFFFFFFFFFFFFFFFFFFFFFFFC3
:10DD7000FFFFFFFFFFFFFFFFFFFFFFFFFFFFFFFFB3
:10DD8000FFFFFFFFFFFFFFFFFFFFFFFFFFFFFFFFA3
:10DD9000FFFFFFFFFFFFFFFFFFFFFFFFFFFFFFFF93
:10DDA000FFFFFFFFFFFFFFFFFFFFFFFFFFFFFFFF83
:10DDB000FFFFFFFFFFFFFFFFFFFFFFFFFFFFFFFF73
:10DDC000FFFFFFFFFFFFFFFFFFFFFFFFFFFFFFFF63
:10DDD000FFFFFFFFFFFFFFFFFFFFFFFFFFFFFFFF53
:10DDE000FFFFFFFFFFFFFFFFFFFFFFFFFFFFFFFF43
:10DDF000FFFFFFFFFFFFFFFFFFFFFFFFFFFFFFFF33
:10DE0000FFFFFFFFFFFFFFFFFFFFFFFFFFFFFFFF22
:10DE1000FFFFFFFFFFFFFFFFFFFFFFFFFFFFFFFF12
:10DE2000FFFFFFFFFFFFFFFFFFFFFFFFFFFFFFFF02
:10DE3000FFFFFFFFFFFFFFFFFFFFFFFFFFFFFFFFF2
:10DE4000FFFFFFFFFFFFFFFFFFFFFFFFFFFFFFFFE2
:10DE5000FFFFFFFFFFFFFFFFFFFFFFFFFFFFFFFFD2
:10DE6000FFFFFFFFFFFFFFFFFFFFFFFFFFFFFFFFC2
:10DE7000FFFFFFFFFFFFFFFFFFFFFFFFFFFFFFFFB2
:10DE8000FFFFFFFFFFFFFFFFFFFFFFFFFFFFFFFFA2
:10DE9000FFFFFFFFFFFFFFFFFFFFFFFFFFFFFFFF92
:10DEA000FFFFFFFFFFFFFFFFFFFFFFFFFFFFFFFF82
:10DEB000FFFFFFFFFFFFFFFFFFFFFFFFFFFFFFFF72
:10DEC000FFFFFFFFFFFFFFFFFFFFFFFFFFFFFFFF62
:10DED000FFFFFFFFFFFFFFFFFFFFFFFFFFFFFFFF52
:10DEE000FFFFFFFFFFFFFFFFFFFFFFFFFFFFFFFF42
:10DEF000FFFFFFFFFFFFFFFFFFFFFFFFFFFFFFFF32
:10DF0000FFFFFFFFFFFFFFFFFFFFFFFFFFFFFFFF21
:10DF1000FFFFFFFFFFFFFFFFFFFFFFFFFFFFFFFF11
:10DF2000FFFFFFFFFFFFFFFFFFFFFFFFFFFFFFFF01
:10DF3000FFFFFFFFFFFFFFFFFFFFFFFFFFFFFFFFF1
:10DF4000FFFFFFFFFFFFFFFFFFFFFFFFFFFFFFFFE1
:10DF5000FFFFFFFFFFFFFFFFFFFFFFFFFFFFFFFFD1
:10DF6000FFFFFFFFFFFFFFFFFFFFFFFFFFFFFFFFC1
:10DF7000FFFFFFFFFFFFFFFFFFFFFFFFFFFFFFFFB1
:10DF8000FFFFFFFFFFFFFFFFFFFFFFFFFFFFFFFFA1
:10DF9000FFFFFFFFFFFFFFFFFFFFFFFFFFFFFFFF91
:10DFA000FFFFFFFFFFFFFFFFFFFFFFFFFFFFFFFF81
:10DFB000FFFFFFFFFFFFFFFFFFFFFFFFFFFFFFFF71
:10DFC000FFFFFFFFFFFFFFFFFFFFFFFFFFFFFFFF61
:10DFD000FFFFFFFFFFFFFFFFFFFFFFFFFFFFFFFF51
:10DFE000FFFFFFFFFFFFFFFFFFFFFFFFFFFFFFFF41
:10DFF000FFFFFFFFFFFFFFFFFFFFFFFFFFFFFFFF31
:10E00000FFFFFFFFFFFFFFFFFFFFFFFFFFFFFFFF20
:10E01000FFFFFFFFFFFFFFFFFFFFFFFFFFFFFFFF10
:10E02000FFFFFFFFFFFFFFFFFFFFFFFFFFFFFFFF00
:10E03000FFFFFFFFFFFFFFFFFFFFFFFFFFFFFFFFF0
:10E04000FFFFFFFFFFFFFFFFFFFFFFFFFFFFFFFFE0
:10E05000FFFFFFFFFFFFFFFFFFFFFFFFFFFFFFFFD0
:10E06000FFFFFFFFFFFFFFFFFFFFFFFFFFFFFFFFC0
:10E07000FFFFFFFFFFFFFFFFFFFFFFFFFFFFFFFFB0
:10E08000FFFFFFFFFFFFFFFFFFFFFFFFFFFFFFFFA0
:10E09000FFFFFFFFFFFFFFFFFFFFFFFFFFFFFFFF90
:10E0A000FFFFFFFFFFFFFFFFFFFFFFFFFFFFFFFF80
:10E0B000FFFFFFFFFFFFFFFFFFFFFFFFFFFFFFFF70
:10E0C000FFFFFFFFFFFFFFFFFFFFFFFFFFFFFFFF60
:10E0D000FFFFFFFFFFFFFFFFFFFFFFFFFFFFFFFF50
:10E0E000FFFFFFFFFFFFFFFFFFFFFFFFFFFFFFFF40
:10E0F000FFFFFFFFFFFFFFFFFFFFFFFFFFFFFFFF30
:10E10000FFFFFFFFFFFFFFFFFFFFFFFFFFFFFFFF1F
:10E11000FFFFFFFFFFFFFFFFFFFFFFFFFFFFFFFF0F
:10E12000FFFFFFFFFFFFFFFFFFFFFFFFFFFFFFFFFF
:10E13000FFFFFFFFFFFFFFFFFFFFFFFFFFFFFFFFEF
:10E14000FFFFFFFFFFFFFFFFFFFFFFFFFFFFFFFFDF
:10E15000FFFFFFFFFFFFFFFFFFFFFFFFFFFFFFFFCF
:10E16000FFFFFFFFFFFFFFFFFFFFFFFFFFFFFFFFBF
:10E17000FFFFFFFFFFFFFFFFFFFFFFFFFFFFFFFFAF
:10E18000FFFFFFFFFFFFFFFFFFFFFFFFFFFFFFFF9F
:10E19000FFFFFFFFFFFFFFFFFFFFFFFFFFFFFFFF8F
:10E1A000FFFFFFFFFFFFFFFFFFFFFFFFFFFFFFFF7F
:10E1B000FFFFFFFFFFFFFFFFFFFFFFFFFFFFFFFF6F
:10E1C000FFFFFFFFFFFFFFFFFFFFFFFFFFFFFFFF5F
:10E1D000FFFFFFFFFFFFFFFFFFFFFFFFFFFFFFFF4F
:10E1E000FFFFFFFFFFFFFFFFFFFFFFFFFFFFFFFF3F
:10E1F000FFFFFFFFFFFFFFFFFFFFFFFFFFFFFFFF2F
:10E20000FFFFFFFFFFFFFFFFFFFFFFFFFFFFFFFF1E
:10E21000FFFFFFFFFFFFFFFFFFFFFFFFFFFFFFFF0E
:10E22000FFFFFFFFFFFFFFFFFFFFFFFFFFFFFFFFFE
:10E23000FFFFFFFFFFFFFFFFFFFFFFFFFFFFFFFFEE
:10E24000FFFFFFFFFFFFFFFFFFFFFFFFFFFFFFFFDE
:10E25000FFFFFFFFFFFFFFFFFFFFFFFFFFFFFFFFCE
:10E26000FFFFFFFFFFFFFFFFFFFFFFFFFFFFFFFFBE
:10E27000FFFFFFFFFFFFFFFFFFFFFFFFFFFFFFFFAE
:10E28000FFFFFFFFFFFFFFFFFFFFFFFFFFFFFFFF9E
:10E29000FFFFFFFFFFFFFFFFFFFFFFFFFFFFFFFF8E
:10E2A000FFFFFFFFFFFFFFFFFFFFFFFFFFFFFFFF7E
:10E2B000FFFFFFFFFFFFFFFFFFFFFFFFFFFFFFFF6E
:10E2C000FFFFFFFFFFFFFFFFFFFFFFFFFFFFFFFF5E
:10E2D000FFFFFFFFFFFFFFFFFFFFFFFFFFFFFFFF4E
:10E2E000FFFFFFFFFFFFFFFFFFFFFFFFFFFFFFFF3E
:10E2F000FFFFFFFFFFFFFFFFFFFFFFFFFFFFFFFF2E
:10E30000FFFFFFFFFFFFFFFFFFFFFFFFFFFFFFFF1D
:10E31000FFFFFFFFFFFFFFFFFFFFFFFFFFFFFFFF0D
:10E32000FFFFFFFFFFFFFFFFFFFFFFFFFFFFFFFFFD
:10E33000FFFFFFFFFFFFFFFFFFFFFFFFFFFFFFFFED
:10E34000FFFFFFFFFFFFFFFFFFFFFFFFFFFFFFFFDD
:10E35000FFFFFFFFFFFFFFFFFFFFFFFFFFFFFFFFCD
:10E36000FFFFFFFFFFFFFFFFFFFFFFFFFFFFFFFFBD
:10E37000FFFFFFFFFFFFFFFFFFFFFFFFFFFFFFFFAD
:10E38000FFFFFFFFFFFFFFFFFFFFFFFFFFFFFFFF9D
:10E39000FFFFFFFFFFFFFFFFFFFFFFFFFFFFFFFF8D
:10E3A000FFFFFFFFFFFFFFFFFFFFFFFFFFFFFFFF7D
:10E3B000FFFFFFFFFFFFFFFFFFFFFFFFFFFFFFFF6D
:10E3C000FFFFFFFFFFFFFFFFFFFFFFFFFFFFFFFF5D
:10E3D000FFFFFFFFFFFFFFFFFFFFFFFFFFFFFFFF4D
:10E3E000FFFFFFFFFFFFFFFFFFFFFFFFFFFFFFFF3D
:10E3F000FFFFFFFFFFFFFFFFFFFFFFFFFFFFFFFF2D
:10E40000FFFFFFFFFFFFFFFFFFFFFFFFFFFFFFFF1C
:10E41000FFFFFFFFFFFFFFFFFFFFFFFFFFFFFFFF0C
:10E42000FFFFFFFFFFFFFFFFFFFFFFFFFFFFFFFFFC
:10E43000FFFFFFFFFFFFFFFFFFFFFFFFFFFFFFFFEC
:10E44000FFFFFFFFFFFFFFFFFFFFFFFFFFFFFFFFDC
:10E45000FFFFFFFFFFFFFFFFFFFFFFFFFFFFFFFFCC
:10E46000FFFFFFFFFFFFFFFFFFFFFFFFFFFFFFFFBC
:10E47000FFFFFFFFFFFFFFFFFFFFFFFFFFFFFFFFAC
:10E48000FFFFFFFFFFFFFFFFFFFFFFFFFFFFFFFF9C
:10E49000FFFFFFFFFFFFFFFFFFFFFFFFFFFFFFFF8C
:10E4A000FFFFFFFFFFFFFFFFFFFFFFFFFFFFFFFF7C
:10E4B000FFFFFFFFFFFFFFFFFFFFFFFFFFFFFFFF6C
:10E4C000FFFFFFFFFFFFFFFFFFFFFFFFFFFFFFFF5C
:10E4D000FFFFFFFFFFFFFFFFFFFFFFFFFFFFFFFF4C
:10E4E000FFFFFFFFFFFFFFFFFFFFFFFFFFFFFFFF3C
:10E4F000FFFFFFFFFFFFFFFFFFFFFFFFFFFFFFFF2C
:10E50000FFFFFFFFFFFFFFFFFFFFFFFFFFFFFFFF1B
:10E51000FFFFFFFFFFFFFFFFFFFFFFFFFFFFFFFF0B
:10E52000FFFFFFFFFFFFFFFFFFFFFFFFFFFFFFFFFB
:10E53000FFFFFFFFFFFFFFFFFFFFFFFFFFFFFFFFEB
:10E54000FFFFFFFFFFFFFFFFFFFFFFFFFFFFFFFFDB
:10E55000FFFFFFFFFFFFFFFFFFFFFFFFFFFFFFFFCB
:10E56000FFFFFFFFFFFFFFFFFFFFFFFFFFFFFFFFBB
:10E57000FFFFFFFFFFFFFFFFFFFFFFFFFFFFFFFFAB
:10E58000FFFFFFFFFFFFFFFFFFFFFFFFFFFFFFFF9B
:10E59000FFFFFFFFFFFFFFFFFFFFFFFFFFFFFFFF8B
:10E5A000FFFFFFFFFFFFFFFFFFFFFFFFFFFFFFFF7B
:10E5B000FFFFFFFFFFFFFFFFFFFFFFFFFFFFFFFF6B
:10E5C000FFFFFFFFFFFFFFFFFFFFFFFFFFFFFFFF5B
:10E5D000FFFFFFFFFFFFFFFFFFFFFFFFFFFFFFFF4B
:10E5E000FFFFFFFFFFFFFFFFFFFFFFFFFFFFFFFF3B
:10E5F000FFFFFFFFFFFFFFFFFFFFFFFFFFFFFFFF2B
:10E60000FFFFFFFFFFFFFFFFFFFFFFFFFFFFFFFF1A
:10E61000FFFFFFFFFFFFFFFFFFFFFFFFFFFFFFFF0A
:10E62000FFFFFFFFFFFFFFFFFFFFFFFFFFFFFFFFFA
:10E63000FFFFFFFFFFFFFFFFFFFFFFFFFFFFFFFFEA
:10E64000FFFFFFFFFFFFFFFFFFFFFFFFFFFFFFFFDA
:10E65000FFFFFFFFFFFFFFFFFFFFFFFFFFFFFFFFCA
:10E66000FFFFFFFFFFFFFFFFFFFFFFFFFFFFFFFFBA
:10E67000FFFFFFFFFFFFFFFFFFFFFFFFFFFFFFFFAA
:10E68000FFFFFFFFFFFFFFFFFFFFFFFFFFFFFFFF9A
:10E69000FFFFFFFFFFFFFFFFFFFFFFFFFFFFFFFF8A
:10E6A000FFFFFFFFFFFFFFFFFFFFFFFFFFFFFFFF7A
:10E6B000FFFFFFFFFFFFFFFFFFFFFFFFFFFFFFFF6A
:10E6C000FFFFFFFFFFFFFFFFFFFFFFFFFFFFFFFF5A
:10E6D000FFFFFFFFFFFFFFFFFFFFFFFFFFFFFFFF4A
:10E6E000FFFFFFFFFFFFFFFFFFFFFFFFFFFFFFFF3A
:10E6F000FFFFFFFFFFFFFFFFFFFFFFFFFFFFFFFF2A
:10E70000FFFFFFFFFFFFFFFFFFFFFFFFFFFFFFFF19
:10E71000FFFFFFFFFFFFFFFFFFFFFFFFFFFFFFFF09
:10E72000FFFFFFFFFFFFFFFFFFFFFFFFFFFFFFFFF9
:10E73000FFFFFFFFFFFFFFFFFFFFFFFFFFFFFFFFE9
:10E74000FFFFFFFFFFFFFFFFFFFFFFFFFFFFFFFFD9
:10E75000FFFFFFFFFFFFFFFFFFFFFFFFFFFFFFFFC9
:10E76000FFFFFFFFFFFFFFFFFFFFFFFFFFFFFFFFB9
:10E77000FFFFFFFFFFFFFFFFFFFFFFFFFFFFFFFFA9
:10E78000FFFFFFFFFFFFFFFFFFFFFFFFFFFFFFFF99
:10E79000FFFFFFFFFFFFFFFFFFFFFFFFFFFFFFFF89
:10E7A000FFFFFFFFFFFFFFFFFFFFFFFFFFFFFFFF79
:10E7B000FFFFFFFFFFFFFFFFFFFFFFFFFFFFFFFF69
:10E7C000FFFFFFFFFFFFFFFFFFFFFFFFFFFFFFFF59
:10E7D000FFFFFFFFFFFFFFFFFFFFFFFFFFFFFFFF49
:10E7E000FFFFFFFFFFFFFFFFFFFFFFFFFFFFFFFF39
:10E7F000FFFFFFFFFFFFFFFFFFFFFFFFFFFFFFFF29
:10E80000FFFFFFFFFFFFFFFFFFFFFFFFFFFFFFFF18
:10E81000FFFFFFFFFFFFFFFFFFFFFFFFFFFFFFFF08
:10E82000FFFFFFFFFFFFFFFFFFFFFFFFFFFFFFFFF8
:10E83000FFFFFFFFFFFFFFFFFFFFFFFFFFFFFFFFE8
:10E84000FFFFFFFFFFFFFFFFFFFFFFFFFFFFFFFFD8
:10E85000FFFFFFFFFFFFFFFFFFFFFFFFFFFFFFFFC8
:10E86000FFFFFFFFFFFFFFFFFFFFFFFFFFFFFFFFB8
:10E87000FFFFFFFFFFFFFFFFFFFFFFFFFFFFFFFFA8
:10E88000FFFFFFFFFFFFFFFFFFFFFFFFFFFFFFFF98
:10E89000FFFFFFFFFFFFFFFFFFFFFFFFFFFFFFFF88
:10E8A000FFFFFFFFFFFFFFFFFFFFFFFFFFFFFFFF78
:10E8B000FFFFFFFFFFFFFFFFFFFFFFFFFFFFFFFF68
:10E8C000FFFFFFFFFFFFFFFFFFFFFFFFFFFFFFFF58
:10E8D000FFFFFFFFFFFFFFFFFFFFFFFFFFFFFFFF48
:10E8E000FFFFFFFFFFFFFFFFFFFFFFFFFFFFFFFF38
:10E8F000FFFFFFFFFFFFFFFFFFFFFFFFFFFFFFFF28
:10E90000FFFFFFFFFFFFFFFFFFFFFFFFFFFFFFFF17
:10E91000FFFFFFFFFFFFFFFFFFFFFFFFFFFFFFFF07
:10E92000FFFFFFFFFFFFFFFFFFFFFFFFFFFFFFFFF7
:10E93000FFFFFFFFFFFFFFFFFFFFFFFFFFFFFFFFE7
:10E94000FFFFFFFFFFFFFFFFFFFFFFFFFFFFFFFFD7
:10E95000FFFFFFFFFFFFFFFFFFFFFFFFFFFFFFFFC7
:10E96000FFFFFFFFFFFFFFFFFFFFFFFFFFFFFFFFB7
:10E97000FFFFFFFFFFFFFFFFFFFFFFFFFFFFFFFFA7
:10E98000FFFFFFFFFFFFFFFFFFFFFFFFFFFFFFFF97
:10E99000FFFFFFFFFFFFFFFFFFFFFFFFFFFFFFFF87
:10E9A000FFFFFFFFFFFFFFFFFFFFFFFFFFFFFFFF77
:10E9B000FFFFFFFFFFFFFFFFFFFFFFFFFFFFFFFF67
:10E9C000FFFFFFFFFFFFFFFFFFFFFFFFFFFFFFFF57
:10E9D000FFFFFFFFFFFFFFFFFFFFFFFFFFFFFFFF47
:10E9E000FFFFFFFFFFFFFFFFFFFFFFFFFFFFFFFF37
:10E9F000FFFFFFFFFFFFFFFFFFFFFFFFFFFFFFFF27
:10EA0000FFFFFFFFFFFFFFFFFFFFFFFFFFFFFFFF16
:10EA1000FFFFFFFFFFFFFFFFFFFFFFFFFFFFFFFF06
:10EA2000FFFFFFFFFFFFFFFFFFFFFFFFFFFFFFFFF6
:10EA3000FFFFFFFFFFFFFFFFFFFFFFFFFFFFFFFFE6
:10EA4000FFFFFFFFFFFFFFFFFFFFFFFFFFFFFFFFD6
:10EA5000FFFFFFFFFFFFFFFFFFFFFFFFFFFFFFFFC6
:10EA6000FFFFFFFFFFFFFFFFFFFFFFFFFFFFFFFFB6
:10EA7000FFFFFFFFFFFFFFFFFFFFFFFFFFFFFFFFA6
:10EA8000FFFFFFFFFFFFFFFFFFFFFFFFFFFFFFFF96
:10EA9000FFFFFFFFFFFFFFFFFFFFFFFFFFFFFFFF86
:10EAA000FFFFFFFFFFFFFFFFFFFFFFFFFFFFFFFF76
:10EAB000FFFFFFFFFFFFFFFFFFFFFFFFFFFFFFFF66
:10EAC000FFFFFFFFFFFFFFFFFFFFFFFFFFFFFFFF56
:10EAD000FFFFFFFFFFFFFFFFFFFFFFFFFFFFFFFF46
:10EAE000FFFFFFFFFFFFFFFFFFFFFFFFFFFFFFFF36
:10EAF000FFFFFFFFFFFFFFFFFFFFFFFFFFFFFFFF26
:10EB0000FFFFFFFFFFFFFFFFFFFFFFFFFFFFFFFF15
:10EB1000FFFFFFFFFFFFFFFFFFFFFFFFFFFFFFFF05
:10EB2000FFFFFFFFFFFFFFFFFFFFFFFFFFFFFFFFF5
:10EB3000FFFFFFFFFFFFFFFFFFFFFFFFFFFFFFFFE5
:10EB4000FFFFFFFFFFFFFFFFFFFFFFFFFFFFFFFFD5
:10EB5000FFFFFFFFFFFFFFFFFFFFFFFFFFFFFFFFC5
:10EB6000FFFFFFFFFFFFFFFFFFFFFFFFFFFFFFFFB5
:10EB7000FFFFFFFFFFFFFFFFFFFFFFFFFFFFFFFFA5
:10EB8000FFFFFFFFFFFFFFFFFFFFFFFFFFFFFFFF95
:10EB9000FFFFFFFFFFFFFFFFFFFFFFFFFFFFFFFF85
:10EBA000FFFFFFFFFFFFFFFFFFFFFFFFFFFFFFFF75
:10EBB000FFFFFFFFFFFFFFFFFFFFFFFFFFFFFFFF65
:10EBC000FFFFFFFFFFFFFFFFFFFFFFFFFFFFFFFF55
:10EBD000FFFFFFFFFFFFFFFFFFFFFFFFFFFFFFFF45
:10EBE000FFFFFFFFFFFFFFFFFFFFFFFFFFFFFFFF35
:10EBF000FFFFFFFFFFFFFFFFFFFFFFFFFFFFFFFF25
:10EC0000FFFFFFFFFFFFFFFFFFFFFFFFFFFFFFFF14
:10EC1000FFFFFFFFFFFFFFFFFFFFFFFFFFFFFFFF04
:10EC2000FFFFFFFFFFFFFFFFFFFFFFFFFFFFFFFFF4
:10EC3000FFFFFFFFFFFFFFFFFFFFFFFFFFFFFFFFE4
:10EC4000FFFFFFFFFFFFFFFFFFFFFFFFFFFFFFFFD4
:10EC5000FFFFFFFFFFFFFFFFFFFFFFFFFFFFFFFFC4
:10EC6000FFFFFFFFFFFFFFFFFFFFFFFFFFFFFFFFB4
:10EC7000FFFFFFFFFFFFFFFFFFFFFFFFFFFFFFFFA4
:10EC8000FFFFFFFFFFFFFFFFFFFFFFFFFFFFFFFF94
:10EC9000FFFFFFFFFFFFFFFFFFFFFFFFFFFFFFFF84
:10ECA000FFFFFFFFFFFFFFFFFFFFFFFFFFFFFFFF74
:10ECB000FFFFFFFFFFFFFFFFFFFFFFFFFFFFFFFF64
:10ECC000FFFFFFFFFFFFFFFFFFFFFFFFFFFFFFFF54
:10ECD000FFFFFFFFFFFFFFFFFFFFFFFFFFFFFFFF44
:10ECE000FFFFFFFFFFFFFFFFFFFFFFFFFFFFFFFF34
:10ECF000FFFFFFFFFFFFFFFFFFFFFFFFFFFFFFFF24
:10ED0000FFFFFFFFFFFFFFFFFFFFFFFFFFFFFFFF13
:10ED1000FFFFFFFFFFFFFFFFFFFFFFFFFFFFFFFF03
:10ED2000FFFFFFFFFFFFFFFFFFFFFFFFFFFFFFFFF3
:10ED3000FFFFFFFFFFFFFFFFFFFFFFFFFFFFFFFFE3
:10ED4000FFFFFFFFFFFFFFFFFFFFFFFFFFFFFFFFD3
:10ED5000FFFFFFFFFFFFFFFFFFFFFFFFFFFFFFFFC3
:10ED6000FFFFFFFFFFFFFFFFFFFFFFFFFFFFFFFFB3
:10ED7000FFFFFFFFFFFFFFFFFFFFFFFFFFFFFFFFA3
:10ED8000FFFFFFFFFFFFFFFFFFFFFFFFFFFFFFFF93
:10ED9000FFFFFFFFFFFFFFFFFFFFFFFFFFFFFFFF83
:10EDA000FFFFFFFFFFFFFFFFFFFFFFFFFFFFFFFF73
:10EDB000FFFFFFFFFFFFFFFFFFFFFFFFFFFFFFFF63
:10EDC000FFFFFFFFFFFFFFFFFFFFFFFFFFFFFFFF53
:10EDD000FFFFFFFFFFFFFFFFFFFFFFFFFFFFFFFF43
:10EDE000FFFFFFFFFFFFFFFFFFFFFFFFFFFFFFFF33
:10EDF000FFFFFFFFFFFFFFFFFFFFFFFFFFFFFFFF23
:10EE0000FFFFFFFFFFFFFFFFFFFFFFFFFFFFFFFF12
:10EE1000FFFFFFFFFFFFFFFFFFFFFFFFFFFFFFFF02
:10EE2000FFFFFFFFFFFFFFFFFFFFFFFFFFFFFFFFF2
:10EE3000FFFFFFFFFFFFFFFFFFFFFFFFFFFFFFFFE2
:10EE4000FFFFFFFFFFFFFFFFFFFFFFFFFFFFFFFFD2
:10EE5000FFFFFFFFFFFFFFFFFFFFFFFFFFFFFFFFC2
:10EE6000FFFFFFFFFFFFFFFFFFFFFFFFFFFFFFFFB2
:10EE7000FFFFFFFFFFFFFFFFFFFFFFFFFFFFFFFFA2
:10EE8000FFFFFFFFFFFFFFFFFFFFFFFFFFFFFFFF92
:10EE9000FFFFFFFFFFFFFFFFFFFFFFFFFFFFFFFF82
:10EEA000FFFFFFFFFFFFFFFFFFFFFFFFFFFFFFFF72
:10EEB000FFFFFFFFFFFFFFFFFFFFFFFFFFFFFFFF62
:10EEC000FFFFFFFFFFFFFFFFFFFFFFFFFFFFFFFF52
:10EED000FFFFFFFFFFFFFFFFFFFFFFFFFFFFFFFF42
:10EEE000FFFFFFFFFFFFFFFFFFFFFFFFFFFFFFFF32
:10EEF000FFFFFFFFFFFFFFFFFFFFFFFFFFFFFFFF22
:10EF0000FFFFFFFFFFFFFFFFFFFFFFFFFFFFFFFF11
:10EF1000FFFFFFFFFFFFFFFFFFFFFFFFFFFFFFFF01
:10EF2000FFFFFFFFFFFFFFFFFFFFFFFFFFFFFFFFF1
:10EF3000FFFFFFFFFFFFFFFFFFFFFFFFFFFFFFFFE1
:10EF4000FFFFFFFFFFFFFFFFFFFFFFFFFFFFFFFFD1
:10EF5000FFFFFFFFFFFFFFFFFFFFFFFFFFFFFFFFC1
:10EF6000FFFFFFFFFFFFFFFFFFFFFFFFFFFFFFFFB1
:10EF7000FFFFFFFFFFFFFFFFFFFFFFFFFFFFFFFFA1
:10EF8000FFFFFFFFFFFFFFFFFFFFFFFFFFFFFFFF91
:10EF9000FFFFFFFFFFFFFFFFFFFFFFFFFFFFFFFF81
:10EFA000FFFFFFFFFFFFFFFFFFFFFFFFFFFFFFFF71
:10EFB000FFFFFFFFFFFFFFFFFFFFFFFFFFFFFFFF61
:10EFC000FFFFFFFFFFFFFFFFFFFFFFFFFFFFFFFF51
:10EFD000FFFFFFFFFFFFFFFFFFFFFFFFFFFFFFFF41
:10EFE000FFFFFFFFFFFFFFFFFFFFFFFFFFFFFFFF31
:10EFF000FFFFFFFFFFFFFFFFFFFFFFFFFFFFFFFF21
:10F00000FFFFFFFFFFFFFFFFFFFFFFFFFFFFFFFF10
:10F01000FFFFFFFFFFFFFFFFFFFFFFFFFFFFFFFF00
:10F02000FFFFFFFFFFFFFFFFFFFFFFFFFFFFFFFFF0
:10F03000FFFFFFFFFFFFFFFFFFFFFFFFFFFFFFFFE0
:10F04000FFFFFFFFFFFFFFFFFFFFFFFFFFFFFFFFD0
:10F05000FFFFFFFFFFFFFFFFFFFFFFFFFFFFFFFFC0
:10F06000FFFFFFFFFFFFFFFFFFFFFFFFFFFFFFFFB0
:10F07000FFFFFFFFFFFFFFFFFFFFFFFFFFFFFFFFA0
:10F08000FFFFFFFFFFFFFFFFFFFFFFFFFFFFFFFF90
:10F09000FFFFFFFFFFFFFFFFFFFFFFFFFFFFFFFF80
:10F0A000FFFFFFFFFFFFFFFFFFFFFFFFFFFFFFFF70
:10F0B000FFFFFFFFFFFFFFFFFFFFFFFFFFFFFFFF60
:10F0C000FFFFFFFFFFFFFFFFFFFFFFFFFFFFFFFF50
:10F0D000FFFFFFFFFFFFFFFFFFFFFFFFFFFFFFFF40
:10F0E000FFFFFFFFFFFFFFFFFFFFFFFFFFFFFFFF30
:10F0F000FFFFFFFFFFFFFFFFFFFFFFFFFFFFFFFF20
:10F10000FFFFFFFFFFFFFFFFFFFFFFFFFFFFFFFF0F
:10F11000FFFFFFFFFFFFFFFFFFFFFFFFFFFFFFFFFF
:10F12000FFFFFFFFFFFFFFFFFFFFFFFFFFFFFFFFEF
:10F13000FFFFFFFFFFFFFFFFFFFFFFFFFFFFFFFFDF
:10F14000FFFFFFFFFFFFFFFFFFFFFFFFFFFFFFFFCF
:10F15000FFFFFFFFFFFFFFFFFFFFFFFFFFFFFFFFBF
:10F16000FFFFFFFFFFFFFFFFFFFFFFFFFFFFFFFFAF
:10F17000FFFFFFFFFFFFFFFFFFFFFFFFFFFFFFFF9F
:10F18000FFFFFFFFFFFFFFFFFFFFFFFFFFFFFFFF8F
:10F19000FFFFFFFFFFFFFFFFFFFFFFFFFFFFFFFF7F
:10F1A000FFFFFFFFFFFFFFFFFFFFFFFFFFFFFFFF6F
:10F1B000FFFFFFFFFFFFFFFFFFFFFFFFFFFFFFFF5F
:10F1C000FFFFFFFFFFFFFFFFFFFFFFFFFFFFFFFF4F
:10F1D000FFFFFFFFFFFFFFFFFFFFFFFFFFFFFFFF3F
:10F1E000FFFFFFFFFFFFFFFFFFFFFFFFFFFFFFFF2F
:10F1F000FFFFFFFFFFFFFFFFFFFFFFFFFFFFFFFF1F
:10F20000FFFFFFFFFFFFFFFFFFFFFFFFFFFFFFFF0E
:10F21000FFFFFFFFFFFFFFFFFFFFFFFFFFFFFFFFFE
:10F22000FFFFFFFFFFFFFFFFFFFFFFFFFFFFFFFFEE
:10F23000FFFFFFFFFFFFFFFFFFFFFFFFFFFFFFFFDE
:10F24000FFFFFFFFFFFFFFFFFFFFFFFFFFFFFFFFCE
:10F25000FFFFFFFFFFFFFFFFFFFFFFFFFFFFFFFFBE
:10F26000FFFFFFFFFFFFFFFFFFFFFFFFFFFFFFFFAE
:10F27000FFFFFFFFFFFFFFFFFFFFFFFFFFFFFFFF9E
:10F28000FFFFFFFFFFFFFFFFFFFFFFFFFFFFFFFF8E
:10F29000FFFFFFFFFFFFFFFFFFFFFFFFFFFFFFFF7E
:10F2A000FFFFFFFFFFFFFFFFFFFFFFFFFFFFFFFF6E
:10F2B000FFFFFFFFFFFFFFFFFFFFFFFFFFFFFFFF5E
:10F2C000FFFFFFFFFFFFFFFFFFFFFFFFFFFFFFFF4E
:10F2D000FFFFFFFFFFFFFFFFFFFFFFFFFFFFFFFF3E
:10F2E000FFFFFFFFFFFFFFFFFFFFFFFFFFFFFFFF2E
:10F2F000FFFFFFFFFFFFFFFFFFFFFFFFFFFFFFFF1E
:10F30000FFFFFFFFFFFFFFFFFFFFFFFFFFFFFFFF0D
:10F31000FFFFFFFFFFFFFFFFFFFFFFFFFFFFFFFFFD
:10F32000FFFFFFFFFFFFFFFFFFFFFFFFFFFFFFFFED
:10F33000FFFFFFFFFFFFFFFFFFFFFFFFFFFFFFFFDD
:10F34000FFFFFFFFFFFFFFFFFFFFFFFFFFFFFFFFCD
:10F35000FFFFFFFFFFFFFFFFFFFFFFFFFFFFFFFFBD
:10F36000FFFFFFFFFFFFFFFFFFFFFFFFFFFFFFFFAD
:10F37000FFFFFFFFFFFFFFFFFFFFFFFFFFFFFFFF9D
:10F38000FFFFFFFFFFFFFFFFFFFFFFFFFFFFFFFF8D
:10F39000FFFFFFFFFFFFFFFFFFFFFFFFFFFFFFFF7D
:10F3A000FFFFFFFFFFFFFFFFFFFFFFFFFFFFFFFF6D
:10F3B000FFFFFFFFFFFFFFFFFFFFFFFFFFFFFFFF5D
:10F3C000FFFFFFFFFFFFFFFFFFFFFFFFFFFFFFFF4D
:10F3D000FFFFFFFFFFFFFFFFFFFFFFFFFFFFFFFF3D
:10F3E000FFFFFFFFFFFFFFFFFFFFFFFFFFFFFFFF2D
:10F3F000FFFFFFFFFFFFFFFFFFFFFFFFFFFFFFFF1D
:10F40000FFFFFFFFFFFFFFFFFFFFFFFFFFFFFFFF0C
:10F41000FFFFFFFFFFFFFFFFFFFFFFFFFFFFFFFFFC
:10F42000FFFFFFFFFFFFFFFFFFFFFFFFFFFFFFFFEC
:10F43000FFFFFFFFFFFFFFFFFFFFFFFFFFFFFFFFDC
:10F44000FFFFFFFFFFFFFFFFFFFFFFFFFFFFFFFFCC
:10F45000FFFFFFFFFFFFFFFFFFFFFFFFFFFFFFFFBC
:10F46000FFFFFFFFFFFFFFFFFFFFFFFFFFFFFFFFAC
:10F47000FFFFFFFFFFFFFFFFFFFFFFFFFFFFFFFF9C
:10F48000FFFFFFFFFFFFFFFFFFFFFFFFFFFFFFFF8C
:10F49000FFFFFFFFFFFFFFFFFFFFFFFFFFFFFFFF7C
:10F4A000FFFFFFFFFFFFFFFFFFFFFFFFFFFFFFFF6C
:10F4B000FFFFFFFFFFFFFFFFFFFFFFFFFFFFFFFF5C
:10F4C000FFFFFFFFFFFFFFFFFFFFFFFFFFFFFFFF4C
:10F4D000FFFFFFFFFFFFFFFFFFFFFFFFFFFFFFFF3C
:10F4E000FFFFFFFFFFFFFFFFFFFFFFFFFFFFFFFF2C
:10F4F000FFFFFFFFFFFFFFFFFFFFFFFFFFFFFFFF1C
:10F50000FFFFFFFFFFFFFFFFFFFFFFFFFFFFFFFF0B
:10F51000FFFFFFFFFFFFFFFFFFFFFFFFFFFFFFFFFB
:10F52000FFFFFFFFFFFFFFFFFFFFFFFFFFFFFFFFEB
:10F53000FFFFFFFFFFFFFFFFFFFFFFFFFFFFFFFFDB
:10F54000FFFFFFFFFFFFFFFFFFFFFFFFFFFFFFFFCB
:10F55000FFFFFFFFFFFFFFFFFFFFFFFFFFFFFFFFBB
:10F56000FFFFFFFFFFFFFFFFFFFFFFFFFFFFFFFFAB
:10F57000FFFFFFFFFFFFFFFFFFFFFFFFFFFFFFFF9B
:10F58000FFFFFFFFFFFFFFFFFFFFFFFFFFFFFFFF8B
:10F59000FFFFFFFFFFFFFFFFFFFFFFFFFFFFFFFF7B
:10F5A000FFFFFFFFFFFFFFFFFFFFFFFFFFFFFFFF6B
:10F5B000FFFFFFFFFFFFFFFFFFFFFFFFFFFFFFFF5B
:10F5C000FFFFFFFFFFFFFFFFFFFFFFFFFFFFFFFF4B
:10F5D000FFFFFFFFFFFFFFFFFFFFFFFFFFFFFFFF3B
:10F5E000FFFFFFFFFFFFFFFFFFFFFFFFFFFFFFFF2B
:10F5F000FFFFFFFFFFFFFFFFFFFFFFFFFFFFFFFF1B
:10F60000FFFFFFFFFFFFFFFFFFFFFFFFFFFFFFFF0A
:10F61000FFFFFFFFFFFFFFFFFFFFFFFFFFFFFFFFFA
:10F62000FFFFFFFFFFFFFFFFFFFFFFFFFFFFFFFFEA
:10F63000FFFFFFFFFFFFFFFFFFFFFFFFFFFFFFFFDA
:10F64000FFFFFFFFFFFFFFFFFFFFFFFFFFFFFFFFCA
:10F65000FFFFFFFFFFFFFFFFFFFFFFFFFFFFFFFFBA
:10F66000FFFFFFFFFFFFFFFFFFFFFFFFFFFFFFFFAA
:10F67000FFFFFFFFFFFFFFFFFFFFFFFFFFFFFFFF9A
:10F68000FFFFFFFFFFFFFFFFFFFFFFFFFFFFFFFF8A
:10F69000FFFFFFFFFFFFFFFFFFFFFFFFFFFFFFFF7A
:10F6A000FFFFFFFFFFFFFFFFFFFFFFFFFFFFFFFF6A
:10F6B000FFFFFFFFFFFFFFFFFFFFFFFFFFFFFFFF5A
:10F6C000FFFFFFFFFFFFFFFFFFFFFFFFFFFFFFFF4A
:10F6D000FFFFFFFFFFFFFFFFFFFFFFFFFFFFFFFF3A
:10F6E000FFFFFFFFFFFFFFFFFFFFFFFFFFFFFFFF2A
:10F6F000FFFFFFFFFFFFFFFFFFFFFFFFFFFFFFFF1A
:10F70000FFFFFFFFFFFFFFFFFFFFFFFFFFFFFFFF09
:10F71000FFFFFFFFFFFFFFFFFFFFFFFFFFFFFFFFF9
:10F72000FFFFFFFFFFFFFFFFFFFFFFFFFFFFFFFFE9
:10F73000FFFFFFFFFFFFFFFFFFFFFFFFFFFFFFFFD9
:10F74000FFFFFFFFFFFFFFFFFFFFFFFFFFFFFFFFC9
:10F75000FFFFFFFFFFFFFFFFFFFFFFFFFFFFFFFFB9
:10F76000FFFFFFFFFFFFFFFFFFFFFFFFFFFFFFFFA9
:10F77000FFFFFFFFFFFFFFFFFFFFFFFFFFFFFFFF99
:10F78000FFFFFFFFFFFFFFFFFFFFFFFFFFFFFFFF89
:10F79000FFFFFFFFFFFFFFFFFFFFFFFFFFFFFFFF79
:10F7A000FFFFFFFFFFFFFFFFFFFFFFFFFFFFFFFF69
:10F7B000FFFFFFFFFFFFFFFFFFFFFFFFFFFFFFFF59
:10F7C000FFFFFFFFFFFFFFFFFFFFFFFFFFFFFFFF49
:10F7D000FFFFFFFFFFFFFFFFFFFFFFFFFFFFFFFF39
:10F7E000FFFFFFFFFFFFFFFFFFFFFFFFFFFFFFFF29
:10F7F000FFFFFFFFFFFFFFFFFFFFFFFFFFFFFFFF19
:10F80000FFFFFFFFFFFFFFFFFFFFFFFFFFFFFFFF08
:10F81000FFFFFFFFFFFFFFFFFFFFFFFFFFFFFFFFF8
:10F82000FFFFFFFFFFFFFFFFFFFFFFFFFFFFFFFFE8
:10F83000FFFFFFFFFFFFFFFFFFFFFFFFFFFFFFFFD8
:10F84000FFFFFFFFFFFFFFFFFFFFFFFFFFFFFFFFC8
:10F85000FFFFFFFFFFFFFFFFFFFFFFFFFFFFFFFFB8
:10F86000FFFFFFFFFFFFFFFFFFFFFFFFFFFFFFFFA8
:10F87000FFFFFFFFFFFFFFFFFFFFFFFFFFFFFFFF98
:10F88000FFFFFFFFFFFFFFFFFFFFFFFFFFFFFFFF88
:10F89000FFFFFFFFFFFFFFFFFFFFFFFFFFFFFFFF78
:10F8A000FFFFFFFFFFFFFFFFFFFFFFFFFFFFFFFF68
:10F8B000FFFFFFFFFFFFFFFFFFFFFFFFFFFFFFFF58
:10F8C000FFFFFFFFFFFFFFFFFFFFFFFFFFFFFFFF48
:10F8D000FFFFFFFFFFFFFFFFFFFFFFFFFFFFFFFF38
:10F8E000FFFFFFFFFFFFFFFFFFFFFFFFFFFFFFFF28
:10F8F000FFFFFFFFFFFFFFFFFFFFFFFFFFFFFFFF18
:10F90000FFFFFFFFFFFFFFFFFFFFFFFFFFFFFFFF07
:10F91000FFFFFFFFFFFFFFFFFFFFFFFFFFFFFFFFF7
:10F92000FFFFFFFFFFFFFFFFFFFFFFFFFFFFFFFFE7
:10F93000FFFFFFFFFFFFFFFFFFFFFFFFFFFFFFFFD7
:10F94000FFFFFFFFFFFFFFFFFFFFFFFFFFFFFFFFC7
:10F95000FFFFFFFFFFFFFFFFFFFFFFFFFFFFFFFFB7
:10F96000FFFFFFFFFFFFFFFFFFFFFFFFFFFFFFFFA7
:10F97000FFFFFFFFFFFFFFFFFFFFFFFFFFFFFFFF97
:10F98000FFFFFFFFFFFFFFFFFFFFFFFFFFFFFFFF87
:10F99000FFFFFFFFFFFFFFFFFFFFFFFFFFFFFFFF77
:10F9A000FFFFFFFFFFFFFFFFFFFFFFFFFFFFFFFF67
:10F9B000FFFFFFFFFFFFFFFFFFFFFFFFFFFFFFFF57
:10F9C000FFFFFFFFFFFFFFFFFFFFFFFFFFFFFFFF47
:10F9D000FFFFFFFFFFFFFFFFFFFFFFFFFFFFFFFF37
:10F9E000FFFFFFFFFFFFFFFFFFFFFFFFFFFFFFFF27
:10F9F000FFFFFFFFFFFFFFFFFFFFFFFFFFFFFFFF17
:10FA0000FFFFFFFFFFFFFFFFFFFFFFFFFFFFFFFF06
:10FA1000FFFFFFFFFFFFFFFFFFFFFFFFFFFFFFFFF6
:10FA2000FFFFFFFFFFFFFFFFFFFFFFFFFFFFFFFFE6
:10FA3000FFFFFFFFFFFFFFFFFFFFFFFFFFFFFFFFD6
:10FA4000FFFFFFFFFFFFFFFFFFFFFFFFFFFFFFFFC6
:10FA5000FFFFFFFFFFFFFFFFFFFFFFFFFFFFFFFFB6
:10FA6000FFFFFFFFFFFFFFFFFFFFFFFFFFFFFFFFA6
:10FA7000FFFFFFFFFFFFFFFFFFFFFFFFFFFFFFFF96
:10FA8000FFFFFFFFFFFFFFFFFFFFFFFFFFFFFFFF86
:10FA9000FFFFFFFFFFFFFFFFFFFFFFFFFFFFFFFF76
:10FAA000FFFFFFFFFFFFFFFFFFFFFFFFFFFFFFFF66
:10FAB000FFFFFFFFFFFFFFFFFFFFFFFFFFFFFFFF56
:10FAC000FFFFFFFFFFFFFFFFFFFFFFFFFFFFFFFF46
:10FAD000FFFFFFFFFFFFFFFFFFFFFFFFFFFFFFFF36
:10FAE000FFFFFFFFFFFFFFFFFFFFFFFFFFFFFFFF26
:10FAF000FFFFFFFFFFFFFFFFFFFFFFFFFFFFFFFF16
:10FB0000FFFFFFFFFFFFFFFFFFFFFFFFFFFFFFFF05
:10FB1000FFFFFFFFFFFFFFFFFFFFFFFFFFFFFFFFF5
:10FB2000FFFFFFFFFFFFFFFFFFFFFFFFFFFFFFFFE5
:10FB3000FFFFFFFFFFFFFFFFFFFFFFFFFFFFFFFFD5
:10FB4000FFFFFFFFFFFFFFFFFFFFFFFFFFFFFFFFC5
:10FB5000FFFFFFFFFFFFFFFFFFFFFFFFFFFFFFFFB5
:10FB6000FFFFFFFFFFFFFFFFFFFFFFFFFFFFFFFFA5
:10FB7000FFFFFFFFFFFFFFFFFFFFFFFFFFFFFFFF95
:10FB8000FFFFFFFFFFFFFFFFFFFFFFFFFFFFFFFF85
:10FB9000FFFFFFFFFFFFFFFFFFFFFFFFFFFFFFFF75
:10FBA000FFFFFFFFFFFFFFFFFFFFFFFFFFFFFFFF65
:10FBB000FFFFFFFFFFFFFFFFFFFFFFFFFFFFFFFF55
:10FBC000FFFFFFFFFFFFFFFFFFFFFFFFFFFFFFFF45
:10FBD000FFFFFFFFFFFFFFFFFFFFFFFFFFFFFFFF35
:10FBE000FFFFFFFFFFFFFFFFFFFFFFFFFFFFFFFF25
:10FBF000FFFFFFFFFFFFFFFFFFFFFFFFFFFFFFFF15
:10FC0000FFFFFFFFFFFFFFFFFFFFFFFFFFFFFFFF04
:10FC1000FFFFFFFFFFFFFFFFFFFFFFFFFFFFFFFFF4
:10FC2000FFFFFFFFFFFFFFFFFFFFFFFFFFFFFFFFE4
:10FC3000FFFFFFFFFFFFFFFFFFFFFFFFFFFFFFFFD4
:10FC4000FFFFFFFFFFFFFFFFFFFFFFFFFFFFFFFFC4
:10FC5000FFFFFFFFFFFFFFFFFFFFFFFFFFFFFFFFB4
:10FC6000FFFFFFFFFFFFFFFFFFFFFFFFFFFFFFFFA4
:10FC7000FFFFFFFFFFFFFFFFFFFFFFFFFFFFFFFF94
:10FC8000FFFFFFFFFFFFFFFFFFFFFFFFFFFFFFFF84
:10FC9000FFFFFFFFFFFFFFFFFFFFFFFFFFFFFFFF74
:10FCA000FFFFFFFFFFFFFFFFFFFFFFFFFFFFFFFF64
:10FCB000FFFFFFFFFFFFFFFFFFFFFFFFFFFFFFFF54
:10FCC000FFFFFFFFFFFFFFFFFFFFFFFFFFFFFFFF44
:10FCD000FFFFFFFFFFFFFFFFFFFFFFFFFFFFFFFF34
:10FCE000FFFFFFFFFFFFFFFFFFFFFFFFFFFFFFFF24
:10FCF000FFFFFFFFFFFFFFFFFFFFFFFFFFFFFFFF14
:10FD0000FFFFFFFFFFFFFFFFFFFFFFFFFFFFFFFF03
:10FD1000FFFFFFFFFFFFFFFFFFFFFFFFFFFFFFFFF3
:10FD2000FFFFFFFFFFFFFFFFFFFFFFFFFFFFFFFFE3
:10FD3000FFFFFFFFFFFFFFFFFFFFFFFFFFFFFFFFD3
:10FD4000FFFFFFFFFFFFFFFFFFFFFFFFFFFFFFFFC3
:10FD5000FFFFFFFFFFFFFFFFFFFFFFFFFFFFFFFFB3
:10FD6000FFFFFFFFFFFFFFFFFFFFFFFFFFFFFFFFA3
:10FD7000FFFFFFFFFFFFFFFFFFFFFFFFFFFFFFFF93
:10FD8000FFFFFFFFFFFFFFFFFFFFFFFFFFFFFFFF83
:10FD9000FFFFFFFFFFFFFFFFFFFFFFFFFFFFFFFF73
:10FDA000FFFFFFFFFFFFFFFFFFFFFFFFFFFFFFFF63
:10FDB000FFFFFFFFFFFFFFFFFFFFFFFFFFFFFFFF53
:10FDC000FFFFFFFFFFFFFFFFFFFFFFFFFFFFFFFF43
:10FDD000FFFFFFFFFFFFFFFFFFFFFFFFFFFFFFFF33
:10FDE000FFFFFFFFFFFFFFFFFFFFFFFFFFFFFFFF23
:10FDF000FFFFFFFFFFFFFFFFFFFFFFFFFFFFFFFF13
:10FE0000FFFFFFFFFFFFFFFFFFFFFFFFFFFFFFFF02
:10FE1000FFFFFFFFFFFFFFFFFFFFFFFFFFFFFFFFF2
:10FE2000FFFFFFFFFFFFFFFFFFFFFFFFFFFFFFFFE2
:10FE3000FFFFFFFFFFFFFFFFFFFFFFFFFFFFFFFFD2
:10FE4000FFFFFFFFFFFFFFFFFFFFFFFFFFFFFFFFC2
:10FE5000FFFFFFFFFFFFFFFFFFFFFFFFFFFFFFFFB2
:10FE6000FFFFFFFFFFFFFFFFFFFFFFFFFFFFFFFFA2
:10FE7000FFFFFFFFFFFFFFFFFFFFFFFFFFFFFFFF92
:10FE8000FFFFFFFFFFFFFFFFFFFFFFFFFFFFFFFF82
:10FE9000FFFFFFFFFFFFFFFFFFFFFFFFFFFFFFFF72
:10FEA000FFFFFFFFFFFFFFFFFFFFFFFFFFFFFFFF62
:10FEB000FFFFFFFFFFFFFFFFFFFFFFFFFFFFFFFF52
:10FEC000FFFFFFFFFFFFFFFFFFFFFFFFFFFFFFFF42
:10FED000FFFFFFFFFFFFFFFFFFFFFFFFFFFFFFFF32
:10FEE000FFFFFFFFFFFFFFFFFFFFFFFFFFFFFFFF22
:10FEF000FFFFFFFFFFFFFFFFFFFFFFFFFFFFFFFF12
:10FF0000FFFFFFFFFFFFFFFFFFFFFFFFFFFFFFFF01
:10FF1000FFFFFFFFFFFFFFFFFFFFFFFFFFFFFFFFF1
:10FF2000FFFFFFFFFFFFFFFFFFFFFFFFFFFFFFFFE1
:10FF3000FFFFFFFFFFFFFFFFFFFFFFFFFFFFFFFFD1
:10FF4000FFFFFFFFFFFFFFFFFFFFFFFFFFFFFFFFC1
:10FF5000FFFFFFFFFFFFFFFFFFFFFFFFFFFFFFFFB1
:10FF6000FFFFFFFFFFFFFFFFFFFFFFFFFFFFFFFFA1
:10FF7000FFFFFFFFFFFFFFFFFFFFFFFFFFFFFFFF91
:10FF8000FFFFFFFFFFFFFFFFFFFFFFFFFFFFFFFF81
:10FF9000FFFFFFFFFFFFFFFFFFFFFFFFFFFFFFFF71
:10FFA000FFFFFFFFFFFFFFFFFFFFFFFFFFFFFFFF61
:10FFB000FFFFFFFFFFFFFFFFFFFFFFFFFFFFFFFF51
:10FFC000FFFFFFFFFFFFFFFFFFFFFFFFFFFFFFFF41
:10FFD000FFFFFFFFFFFFFFFFFFFFFFFFFFFFFFFF31
:10FFE000FFFFFFFFFFFFFFFFFFFFFFFFFFFFFFFF21
:10FFF000FFFFFFFFFFFFFFFFFFFFFFFFFFFFFFFF11
:020000040001F9
:10000000FFFFFFFFFFFFFFFFFFFFFFFFFFFFFFFF00
:10001000FFFFFFFFFFFFFFFFFFFFFFFFFFFFFFFFF0
:10002000FFFFFFFFFFFFFFFFFFFFFFFFFFFFFFFFE0
:10003000FFFFFFFFFFFFFFFFFFFFFFFFFFFFFFFFD0
:10004000FFFFFFFFFFFFFFFFFFFFFFFFFFFFFFFFC0
:10005000FFFFFFFFFFFFFFFFFFFFFFFFFFFFFFFFB0
:10006000FFFFFFFFFFFFFFFFFFFFFFFFFFFFFFFFA0
:10007000FFFFFFFFFFFFFFFFFFFFFFFFFFFFFFFF90
:10008000FFFFFFFFFFFFFFFFFFFFFFFFFFFFFFFF80
:10009000FFFFFFFFFFFFFFFFFFFFFFFFFFFFFFFF70
:1000A000FFFFFFFFFFFFFFFFFFFFFFFFFFFFFFFF60
:1000B000FFFFFFFFFFFFFFFFFFFFFFFFFFFFFFFF50
:1000C000FFFFFFFFFFFFFFFFFFFFFFFFFFFFFFFF40
:1000D000FFFFFFFFFFFFFFFFFFFFFFFFFFFFFFFF30
:1000E000FFFFFFFFFFFFFFFFFFFFFFFFFFFFFFFF20
:1000F000FFFFFFFFFFFFFFFFFFFFFFFFFFFFFFFF10
:10010000FFFFFFFFFFFFFFFFFFFFFFFFFFFFFFFFFF
:10011000FFFFFFFFFFFFFFFFFFFFFFFFFFFFFFFFEF
:10012000FFFFFFFFFFFFFFFFFFFFFFFFFFFFFFFFDF
:10013000FFFFFFFFFFFFFFFFFFFFFFFFFFFFFFFFCF
:10014000FFFFFFFFFFFFFFFFFFFFFFFFFFFFFFFFBF
:10015000FFFFFFFFFFFFFFFFFFFFFFFFFFFFFFFFAF
:10016000FFFFFFFFFFFFFFFFFFFFFFFFFFFFFFFF9F
:10017000FFFFFFFFFFFFFFFFFFFFFFFFFFFFFFFF8F
:10018000FFFFFFFFFFFFFFFFFFFFFFFFFFFFFFFF7F
:10019000FFFFFFFFFFFFFFFFFFFFFFFFFFFFFFFF6F
:1001A000FFFFFFFFFFFFFFFFFFFFFFFFFFFFFFFF5F
:1001B000FFFFFFFFFFFFFFFFFFFFFFFFFFFFFFFF4F
:1001C000FFFFFFFFFFFFFFFFFFFFFFFFFFFFFFFF3F
:1001D000FFFFFFFFFFFFFFFFFFFFFFFFFFFFFFFF2F
:1001E000FFFFFFFFFFFFFFFFFFFFFFFFFFFFFFFF1F
:1001F000FFFFFFFFFFFFFFFFFFFFFFFFFFFFFFFF0F
:10020000FFFFFFFFFFFFFFFFFFFFFFFFFFFFFFFFFE
:10021000FFFFFFFFFFFFFFFFFFFFFFFFFFFFFFFFEE
:10022000FFFFFFFFFFFFFFFFFFFFFFFFFFFFFFFFDE
:10023000FFFFFFFFFFFFFFFFFFFFFFFFFFFFFFFFCE
:10024000FFFFFFFFFFFFFFFFFFFFFFFFFFFFFFFFBE
:10025000FFFFFFFFFFFFFFFFFFFFFFFFFFFFFFFFAE
:10026000FFFFFFFFFFFFFFFFFFFFFFFFFFFFFFFF9E
:10027000FFFFFFFFFFFFFFFFFFFFFFFFFFFFFFFF8E
:10028000FFFFFFFFFFFFFFFFFFFFFFFFFFFFFFFF7E
:10029000FFFFFFFFFFFFFFFFFFFFFFFFFFFFFFFF6E
:1002A000FFFFFFFFFFFFFFFFFFFFFFFFFFFFFFFF5E
:1002B000FFFFFFFFFFFFFFFFFFFFFFFFFFFFFFFF4E
:1002C000FFFFFFFFFFFFFFFFFFFFFFFFFFFFFFFF3E
:1002D000FFFFFFFFFFFFFFFFFFFFFFFFFFFFFFFF2E
:1002E000FFFFFFFFFFFFFFFFFFFFFFFFFFFFFFFF1E
:1002F000FFFFFFFFFFFFFFFFFFFFFFFFFFFFFFFF0E
:10030000FFFFFFFFFFFFFFFFFFFFFFFFFFFFFFFFFD
:10031000FFFFFFFFFFFFFFFFFFFFFFFFFFFFFFFFED
:10032000FFFFFFFFFFFFFFFFFFFFFFFFFFFFFFFFDD
:10033000FFFFFFFFFFFFFFFFFFFFFFFFFFFFFFFFCD
:10034000FFFFFFFFFFFFFFFFFFFFFFFFFFFFFFFFBD
:10035000FFFFFFFFFFFFFFFFFFFFFFFFFFFFFFFFAD
:10036000FFFFFFFFFFFFFFFFFFFFFFFFFFFFFFFF9D
:10037000FFFFFFFFFFFFFFFFFFFFFFFFFFFFFFFF8D
:10038000FFFFFFFFFFFFFFFFFFFFFFFFFFFFFFFF7D
:10039000FFFFFFFFFFFFFFFFFFFFFFFFFFFFFFFF6D
:1003A000FFFFFFFFFFFFFFFFFFFFFFFFFFFFFFFF5D
:1003B000FFFFFFFFFFFFFFFFFFFFFFFFFFFFFFFF4D
:1003C000FFFFFFFFFFFFFFFFFFFFFFFFFFFFFFFF3D
:1003D000FFFFFFFFFFFFFFFFFFFFFFFFFFFFFFFF2D
:1003E000FFFFFFFFFFFFFFFFFFFFFFFFFFFFFFFF1D
:1003F000FFFFFFFFFFFFFFFFFFFFFFFFFFFFFFFF0D
:10040000FFFFFFFFFFFFFFFFFFFFFFFFFFFFFFFFFC
:10041000FFFFFFFFFFFFFFFFFFFFFFFFFFFFFFFFEC
:10042000FFFFFFFFFFFFFFFFFFFFFFFFFFFFFFFFDC
:10043000FFFFFFFFFFFFFFFFFFFFFFFFFFFFFFFFCC
:10044000FFFFFFFFFFFFFFFFFFFFFFFFFFFFFFFFBC
:10045000FFFFFFFFFFFFFFFFFFFFFFFFFFFFFFFFAC
:10046000FFFFFFFFFFFFFFFFFFFFFFFFFFFFFFFF9C
:10047000FFFFFFFFFFFFFFFFFFFFFFFFFFFFFFFF8C
:10048000FFFFFFFFFFFFFFFFFFFFFFFFFFFFFFFF7C
:10049000FFFFFFFFFFFFFFFFFFFFFFFFFFFFFFFF6C
:1004A000FFFFFFFFFFFFFFFFFFFFFFFFFFFFFFFF5C
:1004B000FFFFFFFFFFFFFFFFFFFFFFFFFFFFFFFF4C
:1004C000FFFFFFFFFFFFFFFFFFFFFFFFFFFFFFFF3C
:1004D000FFFFFFFFFFFFFFFFFFFFFFFFFFFFFFFF2C
:1004E000FFFFFFFFFFFFFFFFFFFFFFFFFFFFFFFF1C
:1004F000FFFFFFFFFFFFFFFFFFFFFFFFFFFFFFFF0C
:10050000FFFFFFFFFFFFFFFFFFFFFFFFFFFFFFFFFB
:10051000FFFFFFFFFFFFFFFFFFFFFFFFFFFFFFFFEB
:10052000FFFFFFFFFFFFFFFFFFFFFFFFFFFFFFFFDB
:10053000FFFFFFFFFFFFFFFFFFFFFFFFFFFFFFFFCB
:10054000FFFFFFFFFFFFFFFFFFFFFFFFFFFFFFFFBB
:10055000FFFFFFFFFFFFFFFFFFFFFFFFFFFFFFFFAB
:10056000FFFFFFFFFFFFFFFFFFFFFFFFFFFFFFFF9B
:10057000FFFFFFFFFFFFFFFFFFFFFFFFFFFFFFFF8B
:10058000FFFFFFFFFFFFFFFFFFFFFFFFFFFFFFFF7B
:10059000FFFFFFFFFFFFFFFFFFFFFFFFFFFFFFFF6B
:1005A000FFFFFFFFFFFFFFFFFFFFFFFFFFFFFFFF5B
:1005B000FFFFFFFFFFFFFFFFFFFFFFFFFFFFFFFF4B
:1005C000FFFFFFFFFFFFFFFFFFFFFFFFFFFFFFFF3B
:1005D000FFFFFFFFFFFFFFFFFFFFFFFFFFFFFFFF2B
:1005E000FFFFFFFFFFFFFFFFFFFFFFFFFFFFFFFF1B
:1005F000FFFFFFFFFFFFFFFFFFFFFFFFFFFFFFFF0B
:10060000FFFFFFFFFFFFFFFFFFFFFFFFFFFFFFFFFA
:10061000FFFFFFFFFFFFFFFFFFFFFFFFFFFFFFFFEA
:10062000FFFFFFFFFFFFFFFFFFFFFFFFFFFFFFFFDA
:10063000FFFFFFFFFFFFFFFFFFFFFFFFFFFFFFFFCA
:10064000FFFFFFFFFFFFFFFFFFFFFFFFFFFFFFFFBA
:10065000FFFFFFFFFFFFFFFFFFFFFFFFFFFFFFFFAA
:10066000FFFFFFFFFFFFFFFFFFFFFFFFFFFFFFFF9A
:10067000FFFFFFFFFFFFFFFFFFFFFFFFFFFFFFFF8A
:10068000FFFFFFFFFFFFFFFFFFFFFFFFFFFFFFFF7A
:10069000FFFFFFFFFFFFFFFFFFFFFFFFFFFFFFFF6A
:1006A000FFFFFFFFFFFFFFFFFFFFFFFFFFFFFFFF5A
:1006B000FFFFFFFFFFFFFFFFFFFFFFFFFFFFFFFF4A
:1006C000FFFFFFFFFFFFFFFFFFFFFFFFFFFFFFFF3A
:1006D000FFFFFFFFFFFFFFFFFFFFFFFFFFFFFFFF2A
:1006E000FFFFFFFFFFFFFFFFFFFFFFFFFFFFFFFF1A
:1006F000FFFFFFFFFFFFFFFFFFFFFFFFFFFFFFFF0A
:10070000FFFFFFFFFFFFFFFFFFFFFFFFFFFFFFFFF9
:10071000FFFFFFFFFFFFFFFFFFFFFFFFFFFFFFFFE9
:10072000FFFFFFFFFFFFFFFFFFFFFFFFFFFFFFFFD9
:10073000FFFFFFFFFFFFFFFFFFFFFFFFFFFFFFFFC9
:10074000FFFFFFFFFFFFFFFFFFFFFFFFFFFFFFFFB9
:10075000FFFFFFFFFFFFFFFFFFFFFFFFFFFFFFFFA9
:10076000FFFFFFFFFFFFFFFFFFFFFFFFFFFFFFFF99
:10077000FFFFFFFFFFFFFFFFFFFFFFFFFFFFFFFF89
:10078000FFFFFFFFFFFFFFFFFFFFFFFFFFFFFFFF79
:10079000FFFFFFFFFFFFFFFFFFFFFFFFFFFFFFFF69
:1007A000FFFFFFFFFFFFFFFFFFFFFFFFFFFFFFFF59
:1007B000FFFFFFFFFFFFFFFFFFFFFFFFFFFFFFFF49
:1007C000FFFFFFFFFFFFFFFFFFFFFFFFFFFFFFFF39
:1007D000FFFFFFFFFFFFFFFFFFFFFFFFFFFFFFFF29
:1007E000FFFFFFFFFFFFFFFFFFFFFFFFFFFFFFFF19
:1007F000FFFFFFFFFFFFFFFFFFFFFFFFFFFFFFFF09
:10080000617069693A2041505241594F0A00206194
:10081000707273744F0A2061707273744649450A8E
:1008200041504552526169202F29206163206F0A8F
:1008300041504552526169202F2920616461650051
:1008400041504552526169202F29206F7461650023
:1008500041504552526169202F29206E74616965AB
:10086000000041504552526169202F2920616320C8
:100870006F0A41504552526169202F2920616461FD
:10088000650041504552526169202F29206F7461E3
:10089000650041504552526169202F29206E7461D4
:1008A0006965000020787325203A412072767264D1
:1008B000642720756E746573726F6F0A20787325D4
:1008C000203A637265746C6D7465727200002078F2
:1008D0007325203A766C637420696920726F0A0070
:1008E00020787325203A73667772206872612072CF
:1008F0006F0A20787325203A6563647255577061DA
:100900006573676120726F0A20787325203A494D1C
:100910006572720020787325203A542061657973DE
:10092000696320726F0A20787325203A5020616530
:100930007973696320726F0A20787325203A627296
:1009400069727367612073647463650A2078732524
:10095000203A726773652068726120726F0A20788E
:100960007325203A41207276727774686467746DDB
:1009700072657272000020787325203A6D69206FCD
:1009800065207672766C6165666120736474636558
:100990000A0020787325203A6565676E79736F20A9
:1009A000696E6C6920656574640020787325203A4F
:1009B00068732050206163206F20696520726F0A80
:1009C00020787325203A7365646474636F20726FB6
:1009D0000A0020787325203A75616C206F747220AC
:1009E000657620660A0020787325203A636C75616D
:1009F000696E746D20786564647465736D6C6E20C7
:100A00006965000020787325203A74727520696941
:100A100020726F0A20787325203A68732050206F67
:100A20006D6E63746F20726F0A0020787325203A10
:100A300041504420696E6C647463650A20787325A4
:100A4000203A6F65206F646572720000207873250C
:100A5000203A52506572720020787325203A6D69F1
:100A6000206F65206F746720726F0A0020787325ED
:100A7000203A6D747274656D6C736E6F20726F0ABC
:100A800020787325203A736F6B6572726F2068202F
:100A9000626F756565636472000020787325203A83
:100AA0006C77627465796572726F206820626F7509
:100AB00065656364720020787325203A746F6267FD
:100AC000636167206674657266726E657073746FB9
:100AD0000A0020787325203A6C6D7473696320696D
:100AE0006E6C647463650A0020787325203A707216
:100AF0006C652F65696C69747261656261646572A9
:100B0000720020787325203A61736C74206F6E65D3
:100B1000206E74616961696E657272002078732558
:100B2000203A6E6E61736765206E65727020726F19
:100B30000A0020787325203A6F65207520726F2097
:100B4000666F69692065756E0000484C2020202082
:100B50002020202D2059455449204555565220200B
:100B600020202020202D2059455652494E00442057
:100B7000202864292020202D2055504D4D52204200
:100B800054294420202864292020202D2055504D10
:100B90004D5220484C204F4400004C412020202042
:100BA0002020202D204F44464C20205247412045F4
:100BB0004F59434345284E4F4620202D204F544F38
:100BC000204148004420286820766C29202D2050A0
:100BD0005254204100004120202020202020202DA0
:100BE0002050525420440000522028642920202004
:100BF000202D20454442540057202864296474293C
:100C0000202D205254205945524828642920202064
:100C1000202D204544484C204F44574828642964DF
:100C20007429202D2052542041465752000056521C
:100C300046204F2F4629202D2052542041465752FE
:100C40000000434E455420202020202D204F4E43AD
:100C5000204F4150534F202020202020202D20487D
:100C60005743524554564C45000042454B284E4F81
:100C70004620202D204F4F20524100005356287807
:100C800073284E4F462D2054522F5450434E524CF1
:100C90004D56206169297073202D204F45542048FE
:100CA000204F49494E005345442878732865292D23
:100CB000205045204F544F005452206169297472CE
:100CC000292D204F5145434E524C4D544F206E2EEE
:100CD0002020202D20504346204F544F204548448B
:100CE0004C57287873286F29202D20504346204FD9
:100CF000544F20410000534D2878732869296D789E
:100D0000203E53545346575220494900484D2878B5
:100D100073284E4F462D2049492057544853564C6E
:100D2000446169294F2F46293E53454959564C4441
:100D3000414900004D44204C52202020202D2050BD
:100D40004346204F412F454F454D4400434D202001
:100D500020202020202D204857434C5541494E54F7
:100D60004D004352542020202020202D204C412093
:100D700041204143544D000052544D20202020205A
:100D8000202D20485743524554524D54204F4D4E2C
:100D900000004C47585328787320202D205043469C
:100DA000204820585354204F00005443206C6F2992
:100DB0002020202D204154544D20584549455400B1
:100DC0005052206169292020202D20452041414595
:100DD00045534D444C2878732020202D204F45202A
:100DE000204F45265A52204500005641412878732D
:100DF0002020202D2045204952544F204141454577
:100E000053005020616929202020202D2045205AA0
:100E100050524D5452004D206D6529202020202D28
:100E200020504C202D4549535756000041534F59EF
:100E300028787320202D2050414543555452464F69
:100E40002045494C41535453202020202020202D60
:100E5000206963747300074F4D4E20524F2E20506F
:100E600045532053204550434D41440A0A2A2A53F2
:100E7000726F4261644D6E74722F43707267744377
:100E8000203935536E206F70202A0A0070737772F4
:100E90003F0007524F20206C6561206472730A0086
:100EA00020206420202020312020332020352020C5
:100EB00037203820204120204320204520000A30C0
:100EC0006C2000002020202020286E65646265616F
:100ED000652907524F20206C6561206472730A00F7
:100EE0002020642020202020322020202036202096
:100EF000382020202043202000000A306C200000F1
:100F00002020202020286E656462656165292020EC
:100F100020730000287568727472290044206F20C5
:100F2000454C59776E206F6C612020652072676197
:100F30003F5B2F5D00004D6420736C636C00447355
:100F40006F6E746474656469650A4541494746413A
:100F5000484D4D52202E20004F0A50455320454405
:100F6000534652412049454E570007524F3A31747B
:100F7000636161747269206F20530A0007524F2029
:100F8000206C6561207965637574000007524F20FD
:100F9000206C6561206472732030780007524F2006
:100FA0002064206472730A0007524F202079656E16
:100FB0006D6520736F64504F524D46494528307817
:100FC00025382030780A07524F3A63656B736D6598
:100FD00072720A646C6E73726369652E252079657E
:100FE00020726E6672640A004343454920007561B1
:100FF000653A522061720A0007524F20206C6561E9
:10100000206472730A007561653A5720617220642A
:101010007429000007524F20206C656120647273B0
:101020000A0007524F20206C65612061610025385D
:1010300020203058000007525420524F0A000773F6
:10104000672020442061720A07524F20206C65619E
:10105000206472730A000773672020522061722097
:101060006474290007524F20206C656120647273FC
:101070000A0007524F20206C65612061610025380D
:1010800020203058000007525420524F0A000752C7
:101090004F202041566E74636E6574640000756164
:1010A000653A6463286820766C290A0007524F204D
:1010B000206C656120686E650A0007524F20206C25
:1010C0006561206F74670A004443632520206656DB
:1010D0000A0007524F202041566E74636E65746497
:1010E000000041436325202066560000C8024800E6
:1010F0009402C402C800B802BF026000DC02BC0255
:101100001C000402D002F8003402D8023400640249
:10111000B90238008802B6023C00AC02B3025000AB
:10112000D002B002D000F002AC02C4001002A8024B
:1011300044003402E002C0005C02E802B80084020D
:10114000F0020000A802F8022000D402A402D80095
:10115000F8020002B80020020802A0004C021002AF
:101160000C007002180218009402A0026C00C00269
:101170002002B000EC0228026C0018023002440089
:101180003C023802140068029C02F00098024002FF
:10119000A800C40248021400F002500240002402D9
:1011A0005802B000540260026C0080026802B00075
:1011B000A4027002F800D4029702BC000402940258
:1011C00044002C02780250005802800200008C0279
:1011D00007414C440000636C7561696E746D3A257B
:1011E000206D6529000020202861697529203A2595
:1011F000206D65290000415049204F204E5441493F
:10120000452E545020434E4554204F4D4E2E000045
:101210004D442073524D540A455252204C2058538D
:1012200041454E54564C440A28644F20000028641F
:101230004F46000007736720206F65287873207081
:1012400073746F290000455252204C454120585379
:10125000000007524F2020494C474C5053544F0A2E
:101260004149206420455620534F4600414920649F
:10127000204F4F20534E574D564E0A00414920648F
:10128000204F49494E49204F20490A0041492064D6
:10129000204F49494E49204F204D4C0A49564C4455
:1012A0004C574E4D450049564C44414920554252F9
:1012B00049564C444C574E4D4500636E726C6C77EA
:1012C0006920000028642064200007736720206FD5
:1012D000746D206169292869206F69696E206D78B5
:1012E0007073746F290007524F2020494C474C41BE
:1012F000490A07524F2020494C474C4D4E564C4509
:10130000000007524F2020494C474C4D58564C4541
:10131000000007524F202041204155205353414C9B
:1013200052544120492041550A0053465752204902
:10133000492041470A0061692020206D6E2020204D
:10134000610A256420203820380A4D4420730000AB
:10135000434E45544F2020006969696C7A6E0A003B
:1013600077696967000065746269686400000A4F04
:10137000544F204F4D4E20002864203058200A4101
:10138000414545204F4D4E20000028642030582014
:1013900007524F2020494C474C4E4D450A000752FA
:1013A0004F20205544464E444D544F0A636E726C94
:1013B0006D746F202064000020535836300A20538B
:1013C00058363046422900006C202020203A3164F3
:1013D000253320316425330A6C642020203A31649F
:1013E000253320316425330A71647420203A312E6C
:1013F0006525333520312E652533350A715F6F2021
:10140000203A312E6525333520312E652533350AB6
:1014100074752020203A3164253320316425330A45
:1014200007524F20206C65612075627200002A2AE5
:10143000414920642A2A00006B20202020202031EE
:101440002E652D006B202020202020312E652D00C0
:101450006B202020202020312E652D006B5F652021
:10146000202020312E652D006B5F6520202020314B
:101470002E652D006B5F6520202020312E652D000C
:101480006B202020202020312E652D006B20202075
:10149000202020312E652D006B202020202020319F
:1014A0002E652D006B202020202020312E652D0060
:1014B0006B202020202020312E652D006B5F7320B3
:1014C000202020312E652D006B5F732020202031DD
:1014D0002E652D006B736120202020312E652D009C
:1014E00073706F20202020312E652D00616C20202C
:1014F000202020312E652D00766C202020202031E8
:101500002E652D00766C7364746C20312E652D0071
:1015100074756D20202020312E652D0044676920D0
:10152000202020312E652D004F476F666520203129
:10153000642D0000077367202070652061692928E9
:10154000656F697970732900455252204C454120DE
:101550005853000007524F2020494C474C564C43EB
:10156000540A4149206420455620534F46000773D2
:101570006720206F7128787320766C63745B705DD0
:101580000A00455252204C45412058530000075252
:101590004F2020494C474C564C43540A4149206443
:1015A00020455620534F46004D442073524D540A57
:1015B0004154204F544F204549545200286425344B
:1015C0002000534F20696E6C69200A4D5F4544200E
:1015D000696E6C6920000A4F4F2052410A00455243
:1015E000522009092020204C4541205853004266D2
:1015F00072206F790A0069636565746C282931640B
:101600002829316428293164282931640000617354
:101610006C742020282931642829316428293164F8
:1016200028293164000041747263703A00006963D4
:101630006565746C2829316428293164282931644E
:1016400028293164000061736C74202028293164DA
:101650002829316428293164282931640000072AA7
:101660002A65727269207873642A2A2A00004D4420
:101670002073524D540A564C444149204549545216
:10168000200049564C4441474D4E00004149202519
:1016900029692070636665206F6C672F6D6E7472A8
:1016A000000007524F20206C6561207562720000B7
:1016B0002A2A414920642A2A00004A20202020208A
:1016C000312E652D0000442020202020312E652D54
:1016D00000004B7020202020312E652D00004A2074
:1016E00020202020312E652D0000442020202020A5
:1016F000312E652D00004E2020202020312E652D1A
:1017000000004B2020202020312E652D00004B2092
:1017100020202020312E652D00006F73706C20205A
:10172000312E652D0000662D6F652020312E652D30
:101730000000662D656F2020312E652D00002A2ABD
:10174000616920642A2A00004B312020203A312E82
:1017500065004B322020203A312E65004B3320208B
:10176000203A312E65004B342020203A312E65007E
:101770004B312020203A312E65004B322020203A78
:10178000312E65004B332020203A312E65004B343A
:101790002020203A312E65004B352020203A312E72
:1017A000650007524F20206C656120756272000051
:1017B0002A2A414920642A2A00004B312020203A5D
:1017C000253436203E004B322020203A2534362066
:1017D0003E004B332020203A253436203E004B3447
:1017E0002020203A253436203E004B312020203A5C
:1017F000253436203E004B322020203A2534362036
:101800003E004B332020203A253436203E004B3416
:101810002020203A253436203E004B352020203A27
:10182000253436203E0007524F20206C656120751C
:10183000627200002A2A414920642A2A00007A653F
:101840002020203A253436203E007A6D2020203A90
:10185000253436203E0070652020203A253436207D
:101860003E00706D2020203A253436203E004A206C
:101870002020203A253436203E004A202536380ADA
:1018800044202536380A4A202536380A4420253691
:10189000380A4B702536380A07524F2020494C47EA
:1018A0004C4C4F205542520007455620534F46009E
:1018B000074F4F20534E574D564E0A00076F657421
:1018C00020252C2529000773672020732873630ABD
:1018D00007524F2020494C474C544D0A4552522044
:1018E000455620534F46000061736C742020282910
:1018F00031642829316428293164282931640000A1
:101900000100000000002F652F7400002F652F7468
:1019100000002F652F7400001F001C001F001E0018
:101920001F001E001F001F001E001F001E001F00C2
:10193000303234363861636567696B6D6F7173750A
:101940000000000000000000000000000000000097
:101950000000000000000000000000000000000087
:101960000100010001000100010001000100000070
:101970000000000001000100010001000000000063
:10198000303234363861636530323436384143455D
:1019900064000A00010000007D94ADB200005F0207
:1019A0000000002412833D5B004E6DAB0000849765
:1019B000308E2E2BBBD7DFDB9A9999B9B7F7F7D4C6
:1019C0007BAEE184000000F00020202020282828A1
:1019D0002020202020202020201010101010101077
:1019E00010040404040410101041414101010101DC
:1019F0000101010101011010904242420202020263
:101A000002020202020210102020202020202020AA
:101A100020202020202020202020202020202020C6
:101A200020202020202020202020202020202020B6
:101A300020202020202020202020202020202020A6
:101A40002020202020202020200000000000000076
:101A50000000000000000000010000000000000085
:101A60000200000000000000000000000000000074
:101A70000000000000000000000000000000000066
:101A80000000000000000000000000000000000056
:101A90000000000000000000000000000000000046
:101AA0000000000000000000000000000000000036
:101AB0000000000000000000000000000000000026
:101AC0000000000000000000000000000000000016
:101AD0000000000000000000000000000000000006
:101AE00000000000000000000000000000000000F6
:101AF00000000000000000000000000000000000E6
:101B000000000000000000000000000000000000D5
:101B100000000000000000000000000000000000C5
:101B200000000000000000000000000000000000B5
:101B300000000000000000000000000000000000A5
:101B40000000000000000000000000000000000095
:101B50000000000000000000000000000000000085
:101B60000000000000000000000000000000000075
:101B70000000000000000000000000000000000065
:101B80000000000000000000000000000000000055
:101B90000000000000000000000000000000000045
:101BA0000000000000000000000000000000000035
:101BB0000000000000000000000000000000000025
:101BC0000000000000000000000000000000000015
:101BD0000000000000000000000000000000000005
:101BE00000000000000000000000000000000000F5
:101BF00000000000000000000000000000000000E5
:101C000000000000000000000000000000000000D4
:101C100000000000000000000000000000000000C4
:101C200000000000000000000000000000000000B4
:101C300000000000000000000000000000000000A4
:101C40000000000000000000000000000000000094
:101C50000000000000000000000000000000000084
:101C60000000000000000000000000000000000074
:101C70000000000000000000000000000000000064
:101C80000000000000000000000000000000000054
:101C90000000000000000000000000000000000044
:101CA0000000000000000000000000000000000034
:101CB0000000000000000000000000000000000024
:101CC0000000000000000000000000000000000014
:101CD0000000000000000000000000000000000004
:101CE00000000000000000000000000000000000F4
:101CF00000000000000000000000000000000000E4
:101D000000000000000000000000000000000000D3
:101D100000000000000000000000000000000000C3
:101D200000000000000000000000000000000000B3
:101D300000000000000000000000000000000000A3
:101D40000000000000000000000000000000000093
:101D50000000000000000000000000000000000083
:101D60000000000000000000000000000000000073
:101D700000000000FF0000C00000000000000000A4
:101D80000000000000000000000000000000000053
:101D900000000000000000000000FEFEFEFE000A41
:101DA000000000408040044084404240C240444023
:101DB000C4407E40FE4012401640924096404C4047
:101DC0004E4054405640CC40CE40D440D6404A408D
:101DD000000000006F83008000A000708BFE73B5D0
:101DE00085708DB70E32FA5266D021B27B2DA6FADD
:101DF0002915A9695C42F712AE9F00A00048008C2B
:101E000000F0EAC5F20560CD0069E98F00CE4F070A
:101E10002FB5CF6C529D002000C800C000706C1F11
:101E200007469AC24F08EF3730E00048000C8DA8F3
:101E30004D0F8F1EA626906600439AE1009566A579
:101E400000BA2B2755E70F2EDABA2C2E009D4A5ADE
:101E5000F98A328FB31F00CC50991DE7B3393EBBCE
:101E6000E83300000040002000FA00C3007400378F
:101E7000AC270A23CDCC0080000000FF00FF0080CB
:101E8000001C0000008000C0008000000080008076
:101E90000080008000400080000000800000000002
:101EA00002082080010410400000000000000037FC
:101EB000006A00C80AA34353390000000000000074
:101EC00000746F836F8300000A004D005A00434D79
:101ED0004C5753565748524857004441004144001C
:101EE00000005652484C00004C410000434345005E
:101EF00056524600434E4554534F000042454B0056
:101F00004D56000053454400545200004D544F00BC
:101F1000534D0000484D0000564C44004D44000015
:101F20004352540052544D004C4758535443000000
:101F3000505200004D444C005641410041534F590E
:101F40005453000020204E5300006E730A00435388
:101F50003900250020002030580020305800203063
:101F600058000A00435339004649450A4F0A4F4674
:101F70004F004F4600004F0A4F464F005652462032
:101F80004F460000253258002534580000A000A01C
:101F90004F0A0A004F464F004F464F0033004F464E
:101FA0004F0034004F464F0032004F464F000000B4
:101FB0004F464F0000004F464F0000004F464F0075
:101FC000000053524F00414C343332310A00414C2F
:101FD0004C52524D54004C434C00524D540A4C4309
:101FE0004C000A00657272002053410A414C3433A0
:101FF0003231414C343332310A004F464F00330006
:102000004F464F0034004F464F0032004F464F00BE
:1020100000004F464F0000004F464F0000004F4663
:102020004F0000004F464F0000002A204F204F462F
:102030004F00484720004C570000484720004C57AD
:102040000000286400004F460000414C3433323118
:102050000A004F464F0033004F464F0034004F46B2
:102060004F0032004F464F0000004F464F00000027
:102070004F464F0000004F464F0000004F464F00B4
:102080002534000001006F830000000008080A43A7
:102090003E0000000000ABAA00000080000000002D
:1020A00000C000C8001C010040025450000058024B
:1020B0000000000064020000CF9F00A0CDCCCF9FA5
:1020C00000A0CDCC00A000A028756C0069666E6EE3
:1020D0002D6E00000000000069666E6E2D6E00001F
:1020E00069666E6E2D6E0000250028756C0000007C
:1020F00000F0FFFFFFEFBBD7DFDB999999B9FFFF36
:10210000FFEF0000000000000024000000000000BD
:10211000000000F0000084979402A402B402C00101
:10212000D001E00143430000000000000000000077
:102130000402000600000000000018311831008081
:10214000B7405F1F4C2B1DFF4780FF7FF9193BB83D
:1021500000009E7F00FC008005F606132364D47502
:102160007B31FF7F00000080008000000000000045
:102170009E7FF335008026654E544DD418319E7FE6
:10218000D9DEFFFFFFFFFFFFFFFFFFFFFFFFFFFFA6
:10219000FFFFFFFFFFFFFFFFFFFFFFFFFFFFFFFF4F
:1021A000FFFFFFFFFFFFFFFFFFFFFFFFFFFFFFFF3F
:1021B000FFFFFFFFFFFFFFFFFFFFFFFFFFFFFFFF2F
:1021C000FFFFFFFFFFFFFFFFFFFFFFFFFFFFFFFF1F
:1021D000FFFFFFFFFFFFFFFFFFFFFFFFFFFFFFFF0F
:1021E000FFFFFFFFFFFFFFFFFFFFFFFFFFFFFFFFFF
:1021F000FFFFFFFFFFFFFFFFFFFFFFFFFFFFFFFFEF
:10220000FFFFFFFFFFFFFFFFFFFFFFFFFFFFFFFFDE
:10221000FFFFFFFFFFFFFFFFFFFFFFFFFFFFFFFFCE
:10222000FFFFFFFFFFFFFFFFFFFFFFFFFFFFFFFFBE
:10223000FFFFFFFFFFFFFFFFFFFFFFFFFFFFFFFFAE
:10224000FFFFFFFFFFFFFFFFFFFFFFFFFFFFFFFF9E
:10225000FFFFFFFFFFFFFFFFFFFFFFFFFFFFFFFF8E
:10226000FFFFFFFFFFFFFFFFFFFFFFFFFFFFFFFF7E
:10227000FFFFFFFFFFFFFFFFFFFFFFFFFFFFFFFF6E
:10228000FFFFFFFFFFFFFFFFFFFFFFFFFFFFFFFF5E
:10229000FFFFFFFFFFFFFFFFFFFFFFFFFFFFFFFF4E
:1022A000FFFFFFFFFFFFFFFFFFFFFFFFFFFFFFFF3E
:1022B000FFFFFFFFFFFFFFFFFFFFFFFFFFFFFFFF2E
:1022C000FFFFFFFFFFFFFFFFFFFFFFFFFFFFFFFF1E
:1022D000FFFFFFFFFFFFFFFFFFFFFFFFFFFFFFFF0E
:1022E000FFFFFFFFFFFFFFFFFFFFFFFFFFFFFFFFFE
:1022F000FFFFFFFFFFFFFFFFFFFFFFFFFFFFFFFFEE
:10230000FFFFFFFFFFFFFFFFFFFFFFFFFFFFFFFFDD
:10231000FFFFFFFFFFFFFFFFFFFFFFFFFFFFFFFFCD
:10232000FFFFFFFFFFFFFFFFFFFFFFFFFFFFFFFFBD
:10233000FFFFFFFFFFFFFFFFFFFFFFFFFFFFFFFFAD
:10234000FFFFFFFFFFFFFFFFFFFFFFFFFFFFFFFF9D
:10235000FFFFFFFFFFFFFFFFFFFFFFFFFFFFFFFF8D
:10236000FFFFFFFFFFFFFFFFFFFFFFFFFFFFFFFF7D
:10237000FFFFFFFFFFFFFFFFFFFFFFFFFFFFFFFF6D
:10238000FFFFFFFFFFFFFFFFFFFFFFFFFFFFFFFF5D
:10239000FFFFFFFFFFFFFFFFFFFFFFFFFFFFFFFF4D
:1023A000FFFFFFFFFFFFFFFFFFFFFFFFFFFFFFFF3D
:1023B000FFFFFFFFFFFFFFFFFFFFFFFFFFFFFFFF2D
:1023C000FFFFFFFFFFFFFFFFFFFFFFFFFFFFFFFF1D
:1023D000FFFFFFFFFFFFFFFFFFFFFFFFFFFFFFFF0D
:1023E000FFFFFFFFFFFFFFFFFFFFFFFFFFFFFFFFFD
:1023F000FFFFFFFFFFFFFFFFFFFFFFFFFFFFFFFFED
:10240000FFFFFFFFFFFFFFFFFFFFFFFFFFFFFFFFDC
:10241000FFFFFFFFFFFFFFFFFFFFFFFFFFFFFFFFCC
:10242000FFFFFFFFFFFFFFFFFFFFFFFFFFFFFFFFBC
:10243000FFFFFFFFFFFFFFFFFFFFFFFFFFFFFFFFAC
:10244000FFFFFFFFFFFFFFFFFFFFFFFFFFFFFFFF9C
:10245000FFFFFFFFFFFFFFFFFFFFFFFFFFFFFFFF8C
:10246000FFFFFFFFFFFFFFFFFFFFFFFFFFFFFFFF7C
:10247000FFFFFFFFFFFFFFFFFFFFFFFFFFFFFFFF6C
:10248000FFFFFFFFFFFFFFFFFFFFFFFFFFFFFFFF5C
:10249000FFFFFFFFFFFFFFFFFFFFFFFFFFFFFFFF4C
:1024A000FFFFFFFFFFFFFFFFFFFFFFFFFFFFFFFF3C
:1024B000FFFFFFFFFFFFFFFFFFFFFFFFFFFFFFFF2C
:1024C000FFFFFFFFFFFFFFFFFFFFFFFFFFFFFFFF1C
:1024D000FFFFFFFFFFFFFFFFFFFFFFFFFFFFFFFF0C
:1024E000FFFFFFFFFFFFFFFFFFFFFFFFFFFFFFFFFC
:1024F000FFFFFFFFFFFFFFFFFFFFFFFFFFFFFFFFEC
:10250000FFFFFFFFFFFFFFFFFFFFFFFFFFFFFFFFDB
:10251000FFFFFFFFFFFFFFFFFFFFFFFFFFFFFFFFCB
:10252000FFFFFFFFFFFFFFFFFFFFFFFFFFFFFFFFBB
:10253000FFFFFFFFFFFFFFFFFFFFFFFFFFFFFFFFAB
:10254000FFFFFFFFFFFFFFFFFFFFFFFFFFFFFFFF9B
:10255000FFFFFFFFFFFFFFFFFFFFFFFFFFFFFFFF8B
:10256000FFFFFFFFFFFFFFFFFFFFFFFFFFFFFFFF7B
:10257000FFFFFFFFFFFFFFFFFFFFFFFFFFFFFFFF6B
:10258000FFFFFFFFFFFFFFFFFFFFFFFFFFFFFFFF5B
:10259000FFFFFFFFFFFFFFFFFFFFFFFFFFFFFFFF4B
:1025A000FFFFFFFFFFFFFFFFFFFFFFFFFFFFFFFF3B
:1025B000FFFFFFFFFFFFFFFFFFFFFFFFFFFFFFFF2B
:1025C000FFFFFFFFFFFFFFFFFFFFFFFFFFFFFFFF1B
:1025D000FFFFFFFFFFFFFFFFFFFFFFFFFFFFFFFF0B
:1025E000FFFFFFFFFFFFFFFFFFFFFFFFFFFFFFFFFB
:1025F000FFFFFFFFFFFFFFFFFFFFFFFFFFFFFFFFEB
:10260000FFFFFFFFFFFFFFFFFFFFFFFFFFFFFFFFDA
:10261000FFFFFFFFFFFFFFFFFFFFFFFFFFFFFFFFCA
:10262000FFFFFFFFFFFFFFFFFFFFFFFFFFFFFFFFBA
:10263000FFFFFFFFFFFFFFFFFFFFFFFFFFFFFFFFAA
:10264000FFFFFFFFFFFFFFFFFFFFFFFFFFFFFFFF9A
:10265000FFFFFFFFFFFFFFFFFFFFFFFFFFFFFFFF8A
:10266000FFFFFFFFFFFFFFFFFFFFFFFFFFFFFFFF7A
:10267000FFFFFFFFFFFFFFFFFFFFFFFFFFFFFFFF6A
:10268000FFFFFFFFFFFFFFFFFFFFFFFFFFFFFFFF5A
:10269000FFFFFFFFFFFFFFFFFFFFFFFFFFFFFFFF4A
:1026A000FFFFFFFFFFFFFFFFFFFFFFFFFFFFFFFF3A
:1026B000FFFFFFFFFFFFFFFFFFFFFFFFFFFFFFFF2A
:1026C000FFFFFFFFFFFFFFFFFFFFFFFFFFFFFFFF1A
:1026D000FFFFFFFFFFFFFFFFFFFFFFFFFFFFFFFF0A
:1026E000FFFFFFFFFFFFFFFFFFFFFFFFFFFFFFFFFA
:1026F000FFFFFFFFFFFFFFFFFFFFFFFFFFFFFFFFEA
:10270000FFFFFFFFFFFFFFFFFFFFFFFFFFFFFFFFD9
:10271000FFFFFFFFFFFFFFFFFFFFFFFFFFFFFFFFC9
:10272000FFFFFFFFFFFFFFFFFFFFFFFFFFFFFFFFB9
:10273000FFFFFFFFFFFFFFFFFFFFFFFFFFFFFFFFA9
:10274000FFFFFFFFFFFFFFFFFFFFFFFFFFFFFFFF99
:10275000FFFFFFFFFFFFFFFFFFFFFFFFFFFFFFFF89
:10276000FFFFFFFFFFFFFFFFFFFFFFFFFFFFFFFF79
:10277000FFFFFFFFFFFFFFFFFFFFFFFFFFFFFFFF69
:10278000FFFFFFFFFFFFFFFFFFFFFFFFFFFFFFFF59
:10279000FFFFFFFFFFFFFFFFFFFFFFFFFFFFFFFF49
:1027A000FFFFFFFFFFFFFFFFFFFFFFFFFFFFFFFF39
:1027B000FFFFFFFFFFFFFFFFFFFFFFFFFFFFFFFF29
:1027C000FFFFFFFFFFFFFFFFFFFFFFFFFFFFFFFF19
:1027D000FFFFFFFFFFFFFFFFFFFFFFFFFFFFFFFF09
:1027E000FFFFFFFFFFFFFFFFFFFFFFFFFFFFFFFFF9
:1027F000FFFFFFFFFFFFFFFFFFFFFFFFFFFFFFFFE9
:10280000FFFFFFFFFFFFFFFFFFFFFFFFFFFFFFFFD8
:10281000FFFFFFFFFFFFFFFFFFFFFFFFFFFFFFFFC8
:10282000FFFFFFFFFFFFFFFFFFFFFFFFFFFFFFFFB8
:10283000FFFFFFFFFFFFFFFFFFFFFFFFFFFFFFFFA8
:10284000FFFFFFFFFFFFFFFFFFFFFFFFFFFFFFFF98
:10285000FFFFFFFFFFFFFFFFFFFFFFFFFFFFFFFF88
:10286000FFFFFFFFFFFFFFFFFFFFFFFFFFFFFFFF78
:10287000FFFFFFFFFFFFFFFFFFFFFFFFFFFFFFFF68
:10288000FFFFFFFFFFFFFFFFFFFFFFFFFFFFFFFF58
:10289000FFFFFFFFFFFFFFFFFFFFFFFFFFFFFFFF48
:1028A000FFFFFFFFFFFFFFFFFFFFFFFFFFFFFFFF38
:1028B000FFFFFFFFFFFFFFFFFFFFFFFFFFFFFFFF28
:1028C000FFFFFFFFFFFFFFFFFFFFFFFFFFFFFFFF18
:1028D000FFFFFFFFFFFFFFFFFFFFFFFFFFFFFFFF08
:1028E000FFFFFFFFFFFFFFFFFFFFFFFFFFFFFFFFF8
:1028F000FFFFFFFFFFFFFFFFFFFFFFFFFFFFFFFFE8
:10290000FFFFFFFFFFFFFFFFFFFFFFFFFFFFFFFFD7
:10291000FFFFFFFFFFFFFFFFFFFFFFFFFFFFFFFFC7
:10292000FFFFFFFFFFFFFFFFFFFFFFFFFFFFFFFFB7
:10293000FFFFFFFFFFFFFFFFFFFFFFFFFFFFFFFFA7
:10294000FFFFFFFFFFFFFFFFFFFFFFFFFFFFFFFF97
:10295000FFFFFFFFFFFFFFFFFFFFFFFFFFFFFFFF87
:10296000FFFFFFFFFFFFFFFFFFFFFFFFFFFFFFFF77
:10297000FFFFFFFFFFFFFFFFFFFFFFFFFFFFFFFF67
:10298000FFFFFFFFFFFFFFFFFFFFFFFFFFFFFFFF57
:10299000FFFFFFFFFFFFFFFFFFFFFFFFFFFFFFFF47
:1029A000FFFFFFFFFFFFFFFFFFFFFFFFFFFFFFFF37
:1029B000FFFFFFFFFFFFFFFFFFFFFFFFFFFFFFFF27
:1029C000FFFFFFFFFFFFFFFFFFFFFFFFFFFFFFFF17
:1029D000FFFFFFFFFFFFFFFFFFFFFFFFFFFFFFFF07
:1029E000FFFFFFFFFFFFFFFFFFFFFFFFFFFFFFFFF7
:1029F000FFFFFFFFFFFFFFFFFFFFFFFFFFFFFFFFE7
:102A0000FFFFFFFFFFFFFFFFFFFFFFFFFFFFFFFFD6
:102A1000FFFFFFFFFFFFFFFFFFFFFFFFFFFFFFFFC6
:102A2000FFFFFFFFFFFFFFFFFFFFFFFFFFFFFFFFB6
:102A3000FFFFFFFFFFFFFFFFFFFFFFFFFFFFFFFFA6
:102A4000FFFFFFFFFFFFFFFFFFFFFFFFFFFFFFFF96
:102A5000FFFFFFFFFFFFFFFFFFFFFFFFFFFFFFFF86
:102A6000FFFFFFFFFFFFFFFFFFFFFFFFFFFFFFFF76
:102A7000FFFFFFFFFFFFFFFFFFFFFFFFFFFFFFFF66
:102A8000FFFFFFFFFFFFFFFFFFFFFFFFFFFFFFFF56
:102A9000FFFFFFFFFFFFFFFFFFFFFFFFFFFFFFFF46
:102AA000FFFFFFFFFFFFFFFFFFFFFFFFFFFFFFFF36
:102AB000FFFFFFFFFFFFFFFFFFFFFFFFFFFFFFFF26
:102AC000FFFFFFFFFFFFFFFFFFFFFFFFFFFFFFFF16
:102AD000FFFFFFFFFFFFFFFFFFFFFFFFFFFFFFFF06
:102AE000FFFFFFFFFFFFFFFFFFFFFFFFFFFFFFFFF6
:102AF000FFFFFFFFFFFFFFFFFFFFFFFFFFFFFFFFE6
:102B0000FFFFFFFFFFFFFFFFFFFFFFFFFFFFFFFFD5
:102B1000FFFFFFFFFFFFFFFFFFFFFFFFFFFFFFFFC5
:102B2000FFFFFFFFFFFFFFFFFFFFFFFFFFFFFFFFB5
:102B3000FFFFFFFFFFFFFFFFFFFFFFFFFFFFFFFFA5
:102B4000FFFFFFFFFFFFFFFFFFFFFFFFFFFFFFFF95
:102B5000FFFFFFFFFFFFFFFFFFFFFFFFFFFFFFFF85
:102B6000FFFFFFFFFFFFFFFFFFFFFFFFFFFFFFFF75
:102B7000FFFFFFFFFFFFFFFFFFFFFFFFFFFFFFFF65
:102B8000FFFFFFFFFFFFFFFFFFFFFFFFFFFFFFFF55
:102B9000FFFFFFFFFFFFFFFFFFFFFFFFFFFFFFFF45
:102BA000FFFFFFFFFFFFFFFFFFFFFFFFFFFFFFFF35
:102BB000FFFFFFFFFFFFFFFFFFFFFFFFFFFFFFFF25
:102BC000FFFFFFFFFFFFFFFFFFFFFFFFFFFFFFFF15
:102BD000FFFFFFFFFFFFFFFFFFFFFFFFFFFFFFFF05
:102BE000FFFFFFFFFFFFFFFFFFFFFFFFFFFFFFFFF5
:102BF000FFFFFFFFFFFFFFFFFFFFFFFFFFFFFFFFE5
:102C0000FFFFFFFFFFFFFFFFFFFFFFFFFFFFFFFFD4
:102C1000FFFFFFFFFFFFFFFFFFFFFFFFFFFFFFFFC4
:102C2000FFFFFFFFFFFFFFFFFFFFFFFFFFFFFFFFB4
:102C3000FFFFFFFFFFFFFFFFFFFFFFFFFFFFFFFFA4
:102C4000FFFFFFFFFFFFFFFFFFFFFFFFFFFFFFFF94
:102C5000FFFFFFFFFFFFFFFFFFFFFFFFFFFFFFFF84
:102C6000FFFFFFFFFFFFFFFFFFFFFFFFFFFFFFFF74
:102C7000FFFFFFFFFFFFFFFFFFFFFFFFFFFFFFFF64
:102C8000FFFFFFFFFFFFFFFFFFFFFFFFFFFFFFFF54
:102C9000FFFFFFFFFFFFFFFFFFFFFFFFFFFFFFFF44
:102CA000FFFFFFFFFFFFFFFFFFFFFFFFFFFFFFFF34
:102CB000FFFFFFFFFFFFFFFFFFFFFFFFFFFFFFFF24
:102CC000FFFFFFFFFFFFFFFFFFFFFFFFFFFFFFFF14
:102CD000FFFFFFFFFFFFFFFFFFFFFFFFFFFFFFFF04
:102CE000FFFFFFFFFFFFFFFFFFFFFFFFFFFFFFFFF4
:102CF000FFFFFFFFFFFFFFFFFFFFFFFFFFFFFFFFE4
:102D0000FFFFFFFFFFFFFFFFFFFFFFFFFFFFFFFFD3
:102D1000FFFFFFFFFFFFFFFFFFFFFFFFFFFFFFFFC3
:102D2000FFFFFFFFFFFFFFFFFFFFFFFFFFFFFFFFB3
:102D3000FFFFFFFFFFFFFFFFFFFFFFFFFFFFFFFFA3
:102D4000FFFFFFFFFFFFFFFFFFFFFFFFFFFFFFFF93
:102D5000FFFFFFFFFFFFFFFFFFFFFFFFFFFFFFFF83
:102D6000FFFFFFFFFFFFFFFFFFFFFFFFFFFFFFFF73
:102D7000FFFFFFFFFFFFFFFFFFFFFFFFFFFFFFFF63
:102D8000FFFFFFFFFFFFFFFFFFFFFFFFFFFFFFFF53
:102D9000FFFFFFFFFFFFFFFFFFFFFFFFFFFFFFFF43
:102DA000FFFFFFFFFFFFFFFFFFFFFFFFFFFFFFFF33
:102DB000FFFFFFFFFFFFFFFFFFFFFFFFFFFFFFFF23
:102DC000FFFFFFFFFFFFFFFFFFFFFFFFFFFFFFFF13
:102DD000FFFFFFFFFFFFFFFFFFFFFFFFFFFFFFFF03
:102DE000FFFFFFFFFFFFFFFFFFFFFFFFFFFFFFFFF3
:102DF000FFFFFFFFFFFFFFFFFFFFFFFFFFFFFFFFE3
:102E0000FFFFFFFFFFFFFFFFFFFFFFFFFFFFFFFFD2
:102E1000FFFFFFFFFFFFFFFFFFFFFFFFFFFFFFFFC2
:102E2000FFFFFFFFFFFFFFFFFFFFFFFFFFFFFFFFB2
:102E3000FFFFFFFFFFFFFFFFFFFFFFFFFFFFFFFFA2
:102E4000FFFFFFFFFFFFFFFFFFFFFFFFFFFFFFFF92
:102E5000FFFFFFFFFFFFFFFFFFFFFFFFFFFFFFFF82
:102E6000FFFFFFFFFFFFFFFFFFFFFFFFFFFFFFFF72
:102E7000FFFFFFFFFFFFFFFFFFFFFFFFFFFFFFFF62
:102E8000FFFFFFFFFFFFFFFFFFFFFFFFFFFFFFFF52
:102E9000FFFFFFFFFFFFFFFFFFFFFFFFFFFFFFFF42
:102EA000FFFFFFFFFFFFFFFFFFFFFFFFFFFFFFFF32
:102EB000FFFFFFFFFFFFFFFFFFFFFFFFFFFFFFFF22
:102EC000FFFFFFFFFFFFFFFFFFFFFFFFFFFFFFFF12
:102ED000FFFFFFFFFFFFFFFFFFFFFFFFFFFFFFFF02
:102EE000FFFFFFFFFFFFFFFFFFFFFFFFFFFFFFFFF2
:102EF000FFFFFFFFFFFFFFFFFFFFFFFFFFFFFFFFE2
:102F0000FFFFFFFFFFFFFFFFFFFFFFFFFFFFFFFFD1
:102F1000FFFFFFFFFFFFFFFFFFFFFFFFFFFFFFFFC1
:102F2000FFFFFFFFFFFFFFFFFFFFFFFFFFFFFFFFB1
:102F3000FFFFFFFFFFFFFFFFFFFFFFFFFFFFFFFFA1
:102F4000FFFFFFFFFFFFFFFFFFFFFFFFFFFFFFFF91
:102F5000FFFFFFFFFFFFFFFFFFFFFFFFFFFFFFFF81
:102F6000FFFFFFFFFFFFFFFFFFFFFFFFFFFFFFFF71
:102F7000FFFFFFFFFFFFFFFFFFFFFFFFFFFFFFFF61
:102F8000FFFFFFFFFFFFFFFFFFFFFFFFFFFFFFFF51
:102F9000FFFFFFFFFFFFFFFFFFFFFFFFFFFFFFFF41
:102FA000FFFFFFFFFFFFFFFFFFFFFFFFFFFFFFFF31
:102FB000FFFFFFFFFFFFFFFFFFFFFFFFFFFFFFFF21
:102FC000FFFFFFFFFFFFFFFFFFFFFFFFFFFFFFFF11
:102FD000FFFFFFFFFFFFFFFFFFFFFFFFFFFFFFFF01
:102FE000FFFFFFFFFFFFFFFFFFFFFFFFFFFFFFFFF1
:102FF000FFFFFFFFFFFFFFFFFFFFFFFFFFFFFFFFE1
:10300000FFFFFFFFFFFFFFFFFFFFFFFFFFFFFFFFD0
:10301000FFFFFFFFFFFFFFFFFFFFFFFFFFFFFFFFC0
:10302000FFFFFFFFFFFFFFFFFFFFFFFFFFFFFFFFB0
:10303000FFFFFFFFFFFFFFFFFFFFFFFFFFFFFFFFA0
:10304000FFFFFFFFFFFFFFFFFFFFFFFFFFFFFFFF90
:10305000FFFFFFFFFFFFFFFFFFFFFFFFFFFFFFFF80
:10306000FFFFFFFFFFFFFFFFFFFFFFFFFFFFFFFF70
:10307000FFFFFFFFFFFFFFFFFFFFFFFFFFFFFFFF60
:10308000FFFFFFFFFFFFFFFFFFFFFFFFFFFFFFFF50
:10309000FFFFFFFFFFFFFFFFFFFFFFFFFFFFFFFF40
:1030A000FFFFFFFFFFFFFFFFFFFFFFFFFFFFFFFF30
:1030B000FFFFFFFFFFFFFFFFFFFFFFFFFFFFFFFF20
:1030C000FFFFFFFFFFFFFFFFFFFFFFFFFFFFFFFF10
:1030D000FFFFFFFFFFFFFFFFFFFFFFFFFFFFFFFF00
:1030E000FFFFFFFFFFFFFFFFFFFFFFFFFFFFFFFFF0
:1030F000FFFFFFFFFFFFFFFFFFFFFFFFFFFFFFFFE0
:10310000FFFFFFFFFFFFFFFFFFFFFFFFFFFFFFFFCF
:10311000FFFFFFFFFFFFFFFFFFFFFFFFFFFFFFFFBF
:10312000FFFFFFFFFFFFFFFFFFFFFFFFFFFFFFFFAF
:10313000FFFFFFFFFFFFFFFFFFFFFFFFFFFFFFFF9F
:10314000FFFFFFFFFFFFFFFFFFFFFFFFFFFFFFFF8F
:10315000FFFFFFFFFFFFFFFFFFFFFFFFFFFFFFFF7F
:10316000FFFFFFFFFFFFFFFFFFFFFFFFFFFFFFFF6F
:10317000FFFFFFFFFFFFFFFFFFFFFFFFFFFFFFFF5F
:10318000FFFFFFFFFFFFFFFFFFFFFFFFFFFFFFFF4F
:10319000FFFFFFFFFFFFFFFFFFFFFFFFFFFFFFFF3F
:1031A000FFFFFFFFFFFFFFFFFFFFFFFFFFFFFFFF2F
:1031B000FFFFFFFFFFFFFFFFFFFFFFFFFFFFFFFF1F
:1031C000FFFFFFFFFFFFFFFFFFFFFFFFFFFFFFFF0F
:1031D000FFFFFFFFFFFFFFFFFFFFFFFFFFFFFFFFFF
:1031E000FFFFFFFFFFFFFFFFFFFFFFFFFFFFFFFFEF
:1031F000FFFFFFFFFFFFFFFFFFFFFFFFFFFFFFFFDF
:10320000FFFFFFFFFFFFFFFFFFFFFFFFFFFFFFFFCE
:10321000FFFFFFFFFFFFFFFFFFFFFFFFFFFFFFFFBE
:10322000FFFFFFFFFFFFFFFFFFFFFFFFFFFFFFFFAE
:10323000FFFFFFFFFFFFFFFFFFFFFFFFFFFFFFFF9E
:10324000FFFFFFFFFFFFFFFFFFFFFFFFFFFFFFFF8E
:10325000FFFFFFFFFFFFFFFFFFFFFFFFFFFFFFFF7E
:10326000FFFFFFFFFFFFFFFFFFFFFFFFFFFFFFFF6E
:10327000FFFFFFFFFFFFFFFFFFFFFFFFFFFFFFFF5E
:10328000FFFFFFFFFFFFFFFFFFFFFFFFFFFFFFFF4E
:10329000FFFFFFFFFFFFFFFFFFFFFFFFFFFFFFFF3E
:1032A000FFFFFFFFFFFFFFFFFFFFFFFFFFFFFFFF2E
:1032B000FFFFFFFFFFFFFFFFFFFFFFFFFFFFFFFF1E
:1032C000FFFFFFFFFFFFFFFFFFFFFFFFFFFFFFFF0E
:1032D000FFFFFFFFFFFFFFFFFFFFFFFFFFFFFFFFFE
:1032E000FFFFFFFFFFFFFFFFFFFFFFFFFFFFFFFFEE
:1032F000FFFFFFFFFFFFFFFFFFFFFFFFFFFFFFFFDE
:10330000FFFFFFFFFFFFFFFFFFFFFFFFFFFFFFFFCD
:10331000FFFFFFFFFFFFFFFFFFFFFFFFFFFFFFFFBD
:10332000FFFFFFFFFFFFFFFFFFFFFFFFFFFFFFFFAD
:10333000FFFFFFFFFFFFFFFFFFFFFFFFFFFFFFFF9D
:10334000FFFFFFFFFFFFFFFFFFFFFFFFFFFFFFFF8D
:10335000FFFFFFFFFFFFFFFFFFFFFFFFFFFFFFFF7D
:10336000FFFFFFFFFFFFFFFFFFFFFFFFFFFFFFFF6D
:10337000FFFFFFFFFFFFFFFFFFFFFFFFFFFFFFFF5D
:10338000FFFFFFFFFFFFFFFFFFFFFFFFFFFFFFFF4D
:10339000FFFFFFFFFFFFFFFFFFFFFFFFFFFFFFFF3D
:1033A000FFFFFFFFFFFFFFFFFFFFFFFFFFFFFFFF2D
:1033B000FFFFFFFFFFFFFFFFFFFFFFFFFFFFFFFF1D
:1033C000FFFFFFFFFFFFFFFFFFFFFFFFFFFFFFFF0D
:1033D000FFFFFFFFFFFFFFFFFFFFFFFFFFFFFFFFFD
:1033E000FFFFFFFFFFFFFFFFFFFFFFFFFFFFFFFFED
:1033F000FFFFFFFFFFFFFFFFFFFFFFFFFFFFFFFFDD
:10340000FFFFFFFFFFFFFFFFFFFFFFFFFFFFFFFFCC
:10341000FFFFFFFFFFFFFFFFFFFFFFFFFFFFFFFFBC
:10342000FFFFFFFFFFFFFFFFFFFFFFFFFFFFFFFFAC
:10343000FFFFFFFFFFFFFFFFFFFFFFFFFFFFFFFF9C
:10344000FFFFFFFFFFFFFFFFFFFFFFFFFFFFFFFF8C
:10345000FFFFFFFFFFFFFFFFFFFFFFFFFFFFFFFF7C
:10346000FFFFFFFFFFFFFFFFFFFFFFFFFFFFFFFF6C
:10347000FFFFFFFFFFFFFFFFFFFFFFFFFFFFFFFF5C
:10348000FFFFFFFFFFFFFFFFFFFFFFFFFFFFFFFF4C
:10349000FFFFFFFFFFFFFFFFFFFFFFFFFFFFFFFF3C
:1034A000FFFFFFFFFFFFFFFFFFFFFFFFFFFFFFFF2C
:1034B000FFFFFFFFFFFFFFFFFFFFFFFFFFFFFFFF1C
:1034C000FFFFFFFFFFFFFFFFFFFFFFFFFFFFFFFF0C
:1034D000FFFFFFFFFFFFFFFFFFFFFFFFFFFFFFFFFC
:1034E000FFFFFFFFFFFFFFFFFFFFFFFFFFFFFFFFEC
:1034F000FFFFFFFFFFFFFFFFFFFFFFFFFFFFFFFFDC
:10350000FFFFFFFFFFFFFFFFFFFFFFFFFFFFFFFFCB
:10351000FFFFFFFFFFFFFFFFFFFFFFFFFFFFFFFFBB
:10352000FFFFFFFFFFFFFFFFFFFFFFFFFFFFFFFFAB
:10353000FFFFFFFFFFFFFFFFFFFFFFFFFFFFFFFF9B
:10354000FFFFFFFFFFFFFFFFFFFFFFFFFFFFFFFF8B
:10355000FFFFFFFFFFFFFFFFFFFFFFFFFFFFFFFF7B
:10356000FFFFFFFFFFFFFFFFFFFFFFFFFFFFFFFF6B
:10357000FFFFFFFFFFFFFFFFFFFFFFFFFFFFFFFF5B
:10358000FFFFFFFFFFFFFFFFFFFFFFFFFFFFFFFF4B
:10359000FFFFFFFFFFFFFFFFFFFFFFFFFFFFFFFF3B
:1035A000FFFFFFFFFFFFFFFFFFFFFFFFFFFFFFFF2B
:1035B000FFFFFFFFFFFFFFFFFFFFFFFFFFFFFFFF1B
:1035C000FFFFFFFFFFFFFFFFFFFFFFFFFFFFFFFF0B
:1035D000FFFFFFFFFFFFFFFFFFFFFFFFFFFFFFFFFB
:1035E000FFFFFFFFFFFFFFFFFFFFFFFFFFFFFFFFEB
:1035F000FFFFFFFFFFFFFFFFFFFFFFFFFFFFFFFFDB
:10360000FFFFFFFFFFFFFFFFFFFFFFFFFFFFFFFFCA
:10361000FFFFFFFFFFFFFFFFFFFFFFFFFFFFFFFFBA
:10362000FFFFFFFFFFFFFFFFFFFFFFFFFFFFFFFFAA
:10363000FFFFFFFFFFFFFFFFFFFFFFFFFFFFFFFF9A
:10364000FFFFFFFFFFFFFFFFFFFFFFFFFFFFFFFF8A
:10365000FFFFFFFFFFFFFFFFFFFFFFFFFFFFFFFF7A
:10366000FFFFFFFFFFFFFFFFFFFFFFFFFFFFFFFF6A
:10367000FFFFFFFFFFFFFFFFFFFFFFFFFFFFFFFF5A
:10368000FFFFFFFFFFFFFFFFFFFFFFFFFFFFFFFF4A
:10369000FFFFFFFFFFFFFFFFFFFFFFFFFFFFFFFF3A
:1036A000FFFFFFFFFFFFFFFFFFFFFFFFFFFFFFFF2A
:1036B000FFFFFFFFFFFFFFFFFFFFFFFFFFFFFFFF1A
:1036C000FFFFFFFFFFFFFFFFFFFFFFFFFFFFFFFF0A
:1036D000FFFFFFFFFFFFFFFFFFFFFFFFFFFFFFFFFA
:1036E000FFFFFFFFFFFFFFFFFFFFFFFFFFFFFFFFEA
:1036F000FFFFFFFFFFFFFFFFFFFFFFFFFFFFFFFFDA
:10370000FFFFFFFFFFFFFFFFFFFFFFFFFFFFFFFFC9
:10371000FFFFFFFFFFFFFFFFFFFFFFFFFFFFFFFFB9
:10372000FFFFFFFFFFFFFFFFFFFFFFFFFFFFFFFFA9
:10373000FFFFFFFFFFFFFFFFFFFFFFFFFFFFFFFF99
:10374000FFFFFFFFFFFFFFFFFFFFFFFFFFFFFFFF89
:10375000FFFFFFFFFFFFFFFFFFFFFFFFFFFFFFFF79
:10376000FFFFFFFFFFFFFFFFFFFFFFFFFFFFFFFF69
:10377000FFFFFFFFFFFFFFFFFFFFFFFFFFFFFFFF59
:10378000FFFFFFFFFFFFFFFFFFFFFFFFFFFFFFFF49
:10379000FFFFFFFFFFFFFFFFFFFFFFFFFFFFFFFF39
:1037A000FFFFFFFFFFFFFFFFFFFFFFFFFFFFFFFF29
:1037B000FFFFFFFFFFFFFFFFFFFFFFFFFFFFFFFF19
:1037C000FFFFFFFFFFFFFFFFFFFFFFFFFFFFFFFF09
:1037D000FFFFFFFFFFFFFFFFFFFFFFFFFFFFFFFFF9
:1037E000FFFFFFFFFFFFFFFFFFFFFFFFFFFFFFFFE9
:1037F000FFFFFFFFFFFFFFFFFFFFFFFFFFFFFFFFD9
:10380000FFFFFFFFFFFFFFFFFFFFFFFFFFFFFFFFC8
:10381000FFFFFFFFFFFFFFFFFFFFFFFFFFFFFFFFB8
:10382000FFFFFFFFFFFFFFFFFFFFFFFFFFFFFFFFA8
:10383000FFFFFFFFFFFFFFFFFFFFFFFFFFFFFFFF98
:10384000FFFFFFFFFFFFFFFFFFFFFFFFFFFFFFFF88
:10385000FFFFFFFFFFFFFFFFFFFFFFFFFFFFFFFF78
:10386000FFFFFFFFFFFFFFFFFFFFFFFFFFFFFFFF68
:10387000FFFFFFFFFFFFFFFFFFFFFFFFFFFFFFFF58
:10388000FFFFFFFFFFFFFFFFFFFFFFFFFFFFFFFF48
:10389000FFFFFFFFFFFFFFFFFFFFFFFFFFFFFFFF38
:1038A000FFFFFFFFFFFFFFFFFFFFFFFFFFFFFFFF28
:1038B000FFFFFFFFFFFFFFFFFFFFFFFFFFFFFFFF18
:1038C000FFFFFFFFFFFFFFFFFFFFFFFFFFFFFFFF08
:1038D000FFFFFFFFFFFFFFFFFFFFFFFFFFFFFFFFF8
:1038E000FFFFFFFFFFFFFFFFFFFFFFFFFFFFFFFFE8
:1038F000FFFFFFFFFFFFFFFFFFFFFFFFFFFFFFFFD8
:10390000FFFFFFFFFFFFFFFFFFFFFFFFFFFFFFFFC7
:10391000FFFFFFFFFFFFFFFFFFFFFFFFFFFFFFFFB7
:10392000FFFFFFFFFFFFFFFFFFFFFFFFFFFFFFFFA7
:10393000FFFFFFFFFFFFFFFFFFFFFFFFFFFFFFFF97
:10394000FFFFFFFFFFFFFFFFFFFFFFFFFFFFFFFF87
:10395000FFFFFFFFFFFFFFFFFFFFFFFFFFFFFFFF77
:10396000FFFFFFFFFFFFFFFFFFFFFFFFFFFFFFFF67
:10397000FFFFFFFFFFFFFFFFFFFFFFFFFFFFFFFF57
:10398000FFFFFFFFFFFFFFFFFFFFFFFFFFFFFFFF47
:10399000FFFFFFFFFFFFFFFFFFFFFFFFFFFFFFFF37
:1039A000FFFFFFFFFFFFFFFFFFFFFFFFFFFFFFFF27
:1039B000FFFFFFFFFFFFFFFFFFFFFFFFFFFFFFFF17
:1039C000FFFFFFFFFFFFFFFFFFFFFFFFFFFFFFFF07
:1039D000FFFFFFFFFFFFFFFFFFFFFFFFFFFFFFFFF7
:1039E000FFFFFFFFFFFFFFFFFFFFFFFFFFFFFFFFE7
:1039F000FFFFFFFFFFFFFFFFFFFFFFFFFFFFFFFFD7
:103A0000FFFFFFFFFFFFFFFFFFFFFFFFFFFFFFFFC6
:103A1000FFFFFFFFFFFFFFFFFFFFFFFFFFFFFFFFB6
:103A2000FFFFFFFFFFFFFFFFFFFFFFFFFFFFFFFFA6
:103A3000FFFFFFFFFFFFFFFFFFFFFFFFFFFFFFFF96
:103A4000FFFFFFFFFFFFFFFFFFFFFFFFFFFFFFFF86
:103A5000FFFFFFFFFFFFFFFFFFFFFFFFFFFFFFFF76
:103A6000FFFFFFFFFFFFFFFFFFFFFFFFFFFFFFFF66
:103A7000FFFFFFFFFFFFFFFFFFFFFFFFFFFFFFFF56
:103A8000FFFFFFFFFFFFFFFFFFFFFFFFFFFFFFFF46
:103A9000FFFFFFFFFFFFFFFFFFFFFFFFFFFFFFFF36
:103AA000FFFFFFFFFFFFFFFFFFFFFFFFFFFFFFFF26
:103AB000FFFFFFFFFFFFFFFFFFFFFFFFFFFFFFFF16
:103AC000FFFFFFFFFFFFFFFFFFFFFFFFFFFFFFFF06
:103AD000FFFFFFFFFFFFFFFFFFFFFFFFFFFFFFFFF6
:103AE000FFFFFFFFFFFFFFFFFFFFFFFFFFFFFFFFE6
:103AF000FFFFFFFFFFFFFFFFFFFFFFFFFFFFFFFFD6
:103B0000FFFFFFFFFFFFFFFFFFFFFFFFFFFFFFFFC5
:103B1000FFFFFFFFFFFFFFFFFFFFFFFFFFFFFFFFB5
:103B2000FFFFFFFFFFFFFFFFFFFFFFFFFFFFFFFFA5
:103B3000FFFFFFFFFFFFFFFFFFFFFFFFFFFFFFFF95
:103B4000FFFFFFFFFFFFFFFFFFFFFFFFFFFFFFFF85
:103B5000FFFFFFFFFFFFFFFFFFFFFFFFFFFFFFFF75
:103B6000FFFFFFFFFFFFFFFFFFFFFFFFFFFFFFFF65
:103B7000FFFFFFFFFFFFFFFFFFFFFFFFFFFFFFFF55
:103B8000FFFFFFFFFFFFFFFFFFFFFFFFFFFFFFFF45
:103B9000FFFFFFFFFFFFFFFFFFFFFFFFFFFFFFFF35
:103BA000FFFFFFFFFFFFFFFFFFFFFFFFFFFFFFFF25
:103BB000FFFFFFFFFFFFFFFFFFFFFFFFFFFFFFFF15
:103BC000FFFFFFFFFFFFFFFFFFFFFFFFFFFFFFFF05
:103BD000FFFFFFFFFFFFFFFFFFFFFFFFFFFFFFFFF5
:103BE000FFFFFFFFFFFFFFFFFFFFFFFFFFFFFFFFE5
:103BF000FFFFFFFFFFFFFFFFFFFFFFFFFFFFFFFFD5
:103C0000FFFFFFFFFFFFFFFFFFFFFFFFFFFFFFFFC4
:103C1000FFFFFFFFFFFFFFFFFFFFFFFFFFFFFFFFB4
:103C2000FFFFFFFFFFFFFFFFFFFFFFFFFFFFFFFFA4
:103C3000FFFFFFFFFFFFFFFFFFFFFFFFFFFFFFFF94
:103C4000FFFFFFFFFFFFFFFFFFFFFFFFFFFFFFFF84
:103C5000FFFFFFFFFFFFFFFFFFFFFFFFFFFFFFFF74
:103C6000FFFFFFFFFFFFFFFFFFFFFFFFFFFFFFFF64
:103C7000FFFFFFFFFFFFFFFFFFFFFFFFFFFFFFFF54
:103C8000FFFFFFFFFFFFFFFFFFFFFFFFFFFFFFFF44
:103C9000FFFFFFFFFFFFFFFFFFFFFFFFFFFFFFFF34
:103CA000FFFFFFFFFFFFFFFFFFFFFFFFFFFFFFFF24
:103CB000FFFFFFFFFFFFFFFFFFFFFFFFFFFFFFFF14
:103CC000FFFFFFFFFFFFFFFFFFFFFFFFFFFFFFFF04
:103CD000FFFFFFFFFFFFFFFFFFFFFFFFFFFFFFFFF4
:103CE000FFFFFFFFFFFFFFFFFFFFFFFFFFFFFFFFE4
:103CF000FFFFFFFFFFFFFFFFFFFFFFFFFFFFFFFFD4
:103D0000FFFFFFFFFFFFFFFFFFFFFFFFFFFFFFFFC3
:103D1000FFFFFFFFFFFFFFFFFFFFFFFFFFFFFFFFB3
:103D2000FFFFFFFFFFFFFFFFFFFFFFFFFFFFFFFFA3
:103D3000FFFFFFFFFFFFFFFFFFFFFFFFFFFFFFFF93
:103D4000FFFFFFFFFFFFFFFFFFFFFFFFFFFFFFFF83
:103D5000FFFFFFFFFFFFFFFFFFFFFFFFFFFFFFFF73
:103D6000FFFFFFFFFFFFFFFFFFFFFFFFFFFFFFFF63
:103D7000FFFFFFFFFFFFFFFFFFFFFFFFFFFFFFFF53
:103D8000FFFFFFFFFFFFFFFFFFFFFFFFFFFFFFFF43
:103D9000FFFFFFFFFFFFFFFFFFFFFFFFFFFFFFFF33
:103DA000FFFFFFFFFFFFFFFFFFFFFFFFFFFFFFFF23
:103DB000FFFFFFFFFFFFFFFFFFFFFFFFFFFFFFFF13
:103DC000FFFFFFFFFFFFFFFFFFFFFFFFFFFFFFFF03
:103DD000FFFFFFFFFFFFFFFFFFFFFFFFFFFFFFFFF3
:103DE000FFFFFFFFFFFFFFFFFFFFFFFFFFFFFFFFE3
:103DF000FFFFFFFFFFFFFFFFFFFFFFFFFFFFFFFFD3
:103E0000FFFFFFFFFFFFFFFFFFFFFFFFFFFFFFFFC2
:103E1000FFFFFFFFFFFFFFFFFFFFFFFFFFFFFFFFB2
:103E2000FFFFFFFFFFFFFFFFFFFFFFFFFFFFFFFFA2
:103E3000FFFFFFFFFFFFFFFFFFFFFFFFFFFFFFFF92
:103E4000FFFFFFFFFFFFFFFFFFFFFFFFFFFFFFFF82
:103E5000FFFFFFFFFFFFFFFFFFFFFFFFFFFFFFFF72
:103E6000FFFFFFFFFFFFFFFFFFFFFFFFFFFFFFFF62
:103E7000FFFFFFFFFFFFFFFFFFFFFFFFFFFFFFFF52
:103E8000FFFFFFFFFFFFFFFFFFFFFFFFFFFFFFFF42
:103E9000FFFFFFFFFFFFFFFFFFFFFFFFFFFFFFFF32
:103EA000FFFFFFFFFFFFFFFFFFFFFFFFFFFFFFFF22
:103EB000FFFFFFFFFFFFFFFFFFFFFFFFFFFFFFFF12
:103EC000FFFFFFFFFFFFFFFFFFFFFFFFFFFFFFFF02
:103ED000FFFFFFFFFFFFFFFFFFFFFFFFFFFFFFFFF2
:103EE000FFFFFFFFFFFFFFFFFFFFFFFFFFFFFFFFE2
:103EF000FFFFFFFFFFFFFFFFFFFFFFFFFFFFFFFFD2
:103F0000FFFFFFFFFFFFFFFFFFFFFFFFFFFFFFFFC1
:103F1000FFFFFFFFFFFFFFFFFFFFFFFFFFFFFFFFB1
:103F2000FFFFFFFFFFFFFFFFFFFFFFFFFFFFFFFFA1
:103F3000FFFFFFFFFFFFFFFFFFFFFFFFFFFFFFFF91
:103F4000FFFFFFFFFFFFFFFFFFFFFFFFFFFFFFFF81
:103F5000FFFFFFFFFFFFFFFFFFFFFFFFFFFFFFFF71
:103F6000FFFFFFFFFFFFFFFFFFFFFFFFFFFFFFFF61
:103F7000FFFFFFFFFFFFFFFFFFFFFFFFFFFFFFFF51
:103F8000FFFFFFFFFFFFFFFFFFFFFFFFFFFFFFFF41
:103F9000FFFFFFFFFFFFFFFFFFFFFFFFFFFFFFFF31
:103FA000FFFFFFFFFFFFFFFFFFFFFFFFFFFFFFFF21
:103FB000FFFFFFFFFFFFFFFFFFFFFFFFFFFFFFFF11
:103FC000FFFFFFFFFFFFFFFFFFFFFFFFFFFFFFFF01
:103FD000FFFFFFFFFFFFFFFFFFFFFFFFFFFFFFFFF1
:103FE000FFFFFFFFFFFFFFFFFFFFFFFFFFFFFFFFE1
:103FF000FFFFFFFFFFFFFFFFFFFFFFFFFFFFFFFFD1
:10400000FFFFFFFFFFFFFFFFFFFFFFFFFFFFFFFFC0
:10401000FFFFFFFFFFFFFFFFFFFFFFFFFFFFFFFFB0
:10402000FFFFFFFFFFFFFFFFFFFFFFFFFFFFFFFFA0
:10403000FFFFFFFFFFFFFFFFFFFFFFFFFFFFFFFF90
:10404000FFFFFFFFFFFFFFFFFFFFFFFFFFFFFFFF80
:10405000FFFFFFFFFFFFFFFFFFFFFFFFFFFFFFFF70
:10406000FFFFFFFFFFFFFFFFFFFFFFFFFFFFFFFF60
:10407000FFFFFFFFFFFFFFFFFFFFFFFFFFFFFFFF50
:10408000FFFFFFFFFFFFFFFFFFFFFFFFFFFFFFFF40
:10409000FFFFFFFFFFFFFFFFFFFFFFFFFFFFFFFF30
:1040A000FFFFFFFFFFFFFFFFFFFFFFFFFFFFFFFF20
:1040B000FFFFFFFFFFFFFFFFFFFFFFFFFFFFFFFF10
:1040C000FFFFFFFFFFFFFFFFFFFFFFFFFFFFFFFF00
:1040D000FFFFFFFFFFFFFFFFFFFFFFFFFFFFFFFFF0
:1040E000FFFFFFFFFFFFFFFFFFFFFFFFFFFFFFFFE0
:1040F000FFFFFFFFFFFFFFFFFFFFFFFFFFFFFFFFD0
:10410000FFFFFFFFFFFFFFFFFFFFFFFFFFFFFFFFBF
:10411000FFFFFFFFFFFFFFFFFFFFFFFFFFFFFFFFAF
:10412000FFFFFFFFFFFFFFFFFFFFFFFFFFFFFFFF9F
:10413000FFFFFFFFFFFFFFFFFFFFFFFFFFFFFFFF8F
:10414000FFFFFFFFFFFFFFFFFFFFFFFFFFFFFFFF7F
:10415000FFFFFFFFFFFFFFFFFFFFFFFFFFFFFFFF6F
:10416000FFFFFFFFFFFFFFFFFFFFFFFFFFFFFFFF5F
:10417000FFFFFFFFFFFFFFFFFFFFFFFFFFFFFFFF4F
:10418000FFFFFFFFFFFFFFFFFFFFFFFFFFFFFFFF3F
:10419000FFFFFFFFFFFFFFFFFFFFFFFFFFFFFFFF2F
:1041A000FFFFFFFFFFFFFFFFFFFFFFFFFFFFFFFF1F
:1041B000FFFFFFFFFFFFFFFFFFFFFFFFFFFFFFFF0F
:1041C000FFFFFFFFFFFFFFFFFFFFFFFFFFFFFFFFFF
:1041D000FFFFFFFFFFFFFFFFFFFFFFFFFFFFFFFFEF
:1041E000FFFFFFFFFFFFFFFFFFFFFFFFFFFFFFFFDF
:1041F000FFFFFFFFFFFFFFFFFFFFFFFFFFFFFFFFCF
:10420000FFFFFFFFFFFFFFFFFFFFFFFFFFFFFFFFBE
:10421000FFFFFFFFFFFFFFFFFFFFFFFFFFFFFFFFAE
:10422000FFFFFFFFFFFFFFFFFFFFFFFFFFFFFFFF9E
:10423000FFFFFFFFFFFFFFFFFFFFFFFFFFFFFFFF8E
:10424000FFFFFFFFFFFFFFFFFFFFFFFFFFFFFFFF7E
:10425000FFFFFFFFFFFFFFFFFFFFFFFFFFFFFFFF6E
:10426000FFFFFFFFFFFFFFFFFFFFFFFFFFFFFFFF5E
:10427000FFFFFFFFFFFFFFFFFFFFFFFFFFFFFFFF4E
:10428000FFFFFFFFFFFFFFFFFFFFFFFFFFFFFFFF3E
:10429000FFFFFFFFFFFFFFFFFFFFFFFFFFFFFFFF2E
:1042A000FFFFFFFFFFFFFFFFFFFFFFFFFFFFFFFF1E
:1042B000FFFFFFFFFFFFFFFFFFFFFFFFFFFFFFFF0E
:1042C000FFFFFFFFFFFFFFFFFFFFFFFFFFFFFFFFFE
:1042D000FFFFFFFFFFFFFFFFFFFFFFFFFFFFFFFFEE
:1042E000FFFFFFFFFFFFFFFFFFFFFFFFFFFFFFFFDE
:1042F000FFFFFFFFFFFFFFFFFFFFFFFFFFFFFFFFCE
:10430000FFFFFFFFFFFFFFFFFFFFFFFFFFFFFFFFBD
:10431000FFFFFFFFFFFFFFFFFFFFFFFFFFFFFFFFAD
:10432000FFFFFFFFFFFFFFFFFFFFFFFFFFFFFFFF9D
:10433000FFFFFFFFFFFFFFFFFFFFFFFFFFFFFFFF8D
:10434000FFFFFFFFFFFFFFFFFFFFFFFFFFFFFFFF7D
:10435000FFFFFFFFFFFFFFFFFFFFFFFFFFFFFFFF6D
:10436000FFFFFFFFFFFFFFFFFFFFFFFFFFFFFFFF5D
:10437000FFFFFFFFFFFFFFFFFFFFFFFFFFFFFFFF4D
:10438000FFFFFFFFFFFFFFFFFFFFFFFFFFFFFFFF3D
:10439000FFFFFFFFFFFFFFFFFFFFFFFFFFFFFFFF2D
:1043A000FFFFFFFFFFFFFFFFFFFFFFFFFFFFFFFF1D
:1043B000FFFFFFFFFFFFFFFFFFFFFFFFFFFFFFFF0D
:1043C000FFFFFFFFFFFFFFFFFFFFFFFFFFFFFFFFFD
:1043D000FFFFFFFFFFFFFFFFFFFFFFFFFFFFFFFFED
:1043E000FFFFFFFFFFFFFFFFFFFFFFFFFFFFFFFFDD
:1043F000FFFFFFFFFFFFFFFFFFFFFFFFFFFFFFFFCD
:10440000FFFFFFFFFFFFFFFFFFFFFFFFFFFFFFFFBC
:10441000FFFFFFFFFFFFFFFFFFFFFFFFFFFFFFFFAC
:10442000FFFFFFFFFFFFFFFFFFFFFFFFFFFFFFFF9C
:10443000FFFFFFFFFFFFFFFFFFFFFFFFFFFFFFFF8C
:10444000FFFFFFFFFFFFFFFFFFFFFFFFFFFFFFFF7C
:10445000FFFFFFFFFFFFFFFFFFFFFFFFFFFFFFFF6C
:10446000FFFFFFFFFFFFFFFFFFFFFFFFFFFFFFFF5C
:10447000FFFFFFFFFFFFFFFFFFFFFFFFFFFFFFFF4C
:10448000FFFFFFFFFFFFFFFFFFFFFFFFFFFFFFFF3C
:10449000FFFFFFFFFFFFFFFFFFFFFFFFFFFFFFFF2C
:1044A000FFFFFFFFFFFFFFFFFFFFFFFFFFFFFFFF1C
:1044B000FFFFFFFFFFFFFFFFFFFFFFFFFFFFFFFF0C
:1044C000FFFFFFFFFFFFFFFFFFFFFFFFFFFFFFFFFC
:1044D000FFFFFFFFFFFFFFFFFFFFFFFFFFFFFFFFEC
:1044E000FFFFFFFFFFFFFFFFFFFFFFFFFFFFFFFFDC
:1044F000FFFFFFFFFFFFFFFFFFFFFFFFFFFFFFFFCC
:10450000FFFFFFFFFFFFFFFFFFFFFFFFFFFFFFFFBB
:10451000FFFFFFFFFFFFFFFFFFFFFFFFFFFFFFFFAB
:10452000FFFFFFFFFFFFFFFFFFFFFFFFFFFFFFFF9B
:10453000FFFFFFFFFFFFFFFFFFFFFFFFFFFFFFFF8B
:10454000FFFFFFFFFFFFFFFFFFFFFFFFFFFFFFFF7B
:10455000FFFFFFFFFFFFFFFFFFFFFFFFFFFFFFFF6B
:10456000FFFFFFFFFFFFFFFFFFFFFFFFFFFFFFFF5B
:10457000FFFFFFFFFFFFFFFFFFFFFFFFFFFFFFFF4B
:10458000FFFFFFFFFFFFFFFFFFFFFFFFFFFFFFFF3B
:10459000FFFFFFFFFFFFFFFFFFFFFFFFFFFFFFFF2B
:1045A000FFFFFFFFFFFFFFFFFFFFFFFFFFFFFFFF1B
:1045B000FFFFFFFFFFFFFFFFFFFFFFFFFFFFFFFF0B
:1045C000FFFFFFFFFFFFFFFFFFFFFFFFFFFFFFFFFB
:1045D000FFFFFFFFFFFFFFFFFFFFFFFFFFFFFFFFEB
:1045E000FFFFFFFFFFFFFFFFFFFFFFFFFFFFFFFFDB
:1045F000FFFFFFFFFFFFFFFFFFFFFFFFFFFFFFFFCB
:10460000FFFFFFFFFFFFFFFFFFFFFFFFFFFFFFFFBA
:10461000FFFFFFFFFFFFFFFFFFFFFFFFFFFFFFFFAA
:10462000FFFFFFFFFFFFFFFFFFFFFFFFFFFFFFFF9A
:10463000FFFFFFFFFFFFFFFFFFFFFFFFFFFFFFFF8A
:10464000FFFFFFFFFFFFFFFFFFFFFFFFFFFFFFFF7A
:10465000FFFFFFFFFFFFFFFFFFFFFFFFFFFFFFFF6A
:10466000FFFFFFFFFFFFFFFFFFFFFFFFFFFFFFFF5A
:10467000FFFFFFFFFFFFFFFFFFFFFFFFFFFFFFFF4A
:10468000FFFFFFFFFFFFFFFFFFFFFFFFFFFFFFFF3A
:10469000FFFFFFFFFFFFFFFFFFFFFFFFFFFFFFFF2A
:1046A000FFFFFFFFFFFFFFFFFFFFFFFFFFFFFFFF1A
:1046B000FFFFFFFFFFFFFFFFFFFFFFFFFFFFFFFF0A
:1046C000FFFFFFFFFFFFFFFFFFFFFFFFFFFFFFFFFA
:1046D000FFFFFFFFFFFFFFFFFFFFFFFFFFFFFFFFEA
:1046E000FFFFFFFFFFFFFFFFFFFFFFFFFFFFFFFFDA
:1046F000FFFFFFFFFFFFFFFFFFFFFFFFFFFFFFFFCA
:10470000FFFFFFFFFFFFFFFFFFFFFFFFFFFFFFFFB9
:10471000FFFFFFFFFFFFFFFFFFFFFFFFFFFFFFFFA9
:10472000FFFFFFFFFFFFFFFFFFFFFFFFFFFFFFFF99
:10473000FFFFFFFFFFFFFFFFFFFFFFFFFFFFFFFF89
:10474000FFFFFFFFFFFFFFFFFFFFFFFFFFFFFFFF79
:10475000FFFFFFFFFFFFFFFFFFFFFFFFFFFFFFFF69
:10476000FFFFFFFFFFFFFFFFFFFFFFFFFFFFFFFF59
:10477000FFFFFFFFFFFFFFFFFFFFFFFFFFFFFFFF49
:10478000FFFFFFFFFFFFFFFFFFFFFFFFFFFFFFFF39
:10479000FFFFFFFFFFFFFFFFFFFFFFFFFFFFFFFF29
:1047A000FFFFFFFFFFFFFFFFFFFFFFFFFFFFFFFF19
:1047B000FFFFFFFFFFFFFFFFFFFFFFFFFFFFFFFF09
:1047C000FFFFFFFFFFFFFFFFFFFFFFFFFFFFFFFFF9
:1047D000FFFFFFFFFFFFFFFFFFFFFFFFFFFFFFFFE9
:1047E000FFFFFFFFFFFFFFFFFFFFFFFFFFFFFFFFD9
:1047F000FFFFFFFFFFFFFFFFFFFFFFFFFFFFFFFFC9
:10480000FFFFFFFFFFFFFFFFFFFFFFFFFFFFFFFFB8
:10481000FFFFFFFFFFFFFFFFFFFFFFFFFFFFFFFFA8
:10482000FFFFFFFFFFFFFFFFFFFFFFFFFFFFFFFF98
:10483000FFFFFFFFFFFFFFFFFFFFFFFFFFFFFFFF88
:10484000FFFFFFFFFFFFFFFFFFFFFFFFFFFFFFFF78
:10485000FFFFFFFFFFFFFFFFFFFFFFFFFFFFFFFF68
:10486000FFFFFFFFFFFFFFFFFFFFFFFFFFFFFFFF58
:10487000FFFFFFFFFFFFFFFFFFFFFFFFFFFFFFFF48
:10488000FFFFFFFFFFFFFFFFFFFFFFFFFFFFFFFF38
:10489000FFFFFFFFFFFFFFFFFFFFFFFFFFFFFFFF28
:1048A000FFFFFFFFFFFFFFFFFFFFFFFFFFFFFFFF18
:1048B000FFFFFFFFFFFFFFFFFFFFFFFFFFFFFFFF08
:1048C000FFFFFFFFFFFFFFFFFFFFFFFFFFFFFFFFF8
:1048D000FFFFFFFFFFFFFFFFFFFFFFFFFFFFFFFFE8
:1048E000FFFFFFFFFFFFFFFFFFFFFFFFFFFFFFFFD8
:1048F000FFFFFFFFFFFFFFFFFFFFFFFFFFFFFFFFC8
:10490000FFFFFFFFFFFFFFFFFFFFFFFFFFFFFFFFB7
:10491000FFFFFFFFFFFFFFFFFFFFFFFFFFFFFFFFA7
:10492000FFFFFFFFFFFFFFFFFFFFFFFFFFFFFFFF97
:10493000FFFFFFFFFFFFFFFFFFFFFFFFFFFFFFFF87
:10494000FFFFFFFFFFFFFFFFFFFFFFFFFFFFFFFF77
:10495000FFFFFFFFFFFFFFFFFFFFFFFFFFFFFFFF67
:10496000FFFFFFFFFFFFFFFFFFFFFFFFFFFFFFFF57
:10497000FFFFFFFFFFFFFFFFFFFFFFFFFFFFFFFF47
:10498000FFFFFFFFFFFFFFFFFFFFFFFFFFFFFFFF37
:10499000FFFFFFFFFFFFFFFFFFFFFFFFFFFFFFFF27
:1049A000FFFFFFFFFFFFFFFFFFFFFFFFFFFFFFFF17
:1049B000FFFFFFFFFFFFFFFFFFFFFFFFFFFFFFFF07
:1049C000FFFFFFFFFFFFFFFFFFFFFFFFFFFFFFFFF7
:1049D000FFFFFFFFFFFFFFFFFFFFFFFFFFFFFFFFE7
:1049E000FFFFFFFFFFFFFFFFFFFFFFFFFFFFFFFFD7
:1049F000FFFFFFFFFFFFFFFFFFFFFFFFFFFFFFFFC7
:104A0000FFFFFFFFFFFFFFFFFFFFFFFFFFFFFFFFB6
:104A1000FFFFFFFFFFFFFFFFFFFFFFFFFFFFFFFFA6
:104A2000FFFFFFFFFFFFFFFFFFFFFFFFFFFFFFFF96
:104A3000FFFFFFFFFFFFFFFFFFFFFFFFFFFFFFFF86
:104A4000FFFFFFFFFFFFFFFFFFFFFFFFFFFFFFFF76
:104A5000FFFFFFFFFFFFFFFFFFFFFFFFFFFFFFFF66
:104A6000FFFFFFFFFFFFFFFFFFFFFFFFFFFFFFFF56
:104A7000FFFFFFFFFFFFFFFFFFFFFFFFFFFFFFFF46
:104A8000FFFFFFFFFFFFFFFFFFFFFFFFFFFFFFFF36
:104A9000FFFFFFFFFFFFFFFFFFFFFFFFFFFFFFFF26
:104AA000FFFFFFFFFFFFFFFFFFFFFFFFFFFFFFFF16
:104AB000FFFFFFFFFFFFFFFFFFFFFFFFFFFFFFFF06
:104AC000FFFFFFFFFFFFFFFFFFFFFFFFFFFFFFFFF6
:104AD000FFFFFFFFFFFFFFFFFFFFFFFFFFFFFFFFE6
:104AE000FFFFFFFFFFFFFFFFFFFFFFFFFFFFFFFFD6
:104AF000FFFFFFFFFFFFFFFFFFFFFFFFFFFFFFFFC6
:104B0000FFFFFFFFFFFFFFFFFFFFFFFFFFFFFFFFB5
:104B1000FFFFFFFFFFFFFFFFFFFFFFFFFFFFFFFFA5
:104B2000FFFFFFFFFFFFFFFFFFFFFFFFFFFFFFFF95
:104B3000FFFFFFFFFFFFFFFFFFFFFFFFFFFFFFFF85
:104B4000FFFFFFFFFFFFFFFFFFFFFFFFFFFFFFFF75
:104B5000FFFFFFFFFFFFFFFFFFFFFFFFFFFFFFFF65
:104B6000FFFFFFFFFFFFFFFFFFFFFFFFFFFFFFFF55
:104B7000FFFFFFFFFFFFFFFFFFFFFFFFFFFFFFFF45
:104B8000FFFFFFFFFFFFFFFFFFFFFFFFFFFFFFFF35
:104B9000FFFFFFFFFFFFFFFFFFFFFFFFFFFFFFFF25
:104BA000FFFFFFFFFFFFFFFFFFFFFFFFFFFFFFFF15
:104BB000FFFFFFFFFFFFFFFFFFFFFFFFFFFFFFFF05
:104BC000FFFFFFFFFFFFFFFFFFFFFFFFFFFFFFFFF5
:104BD000FFFFFFFFFFFFFFFFFFFFFFFFFFFFFFFFE5
:104BE000FFFFFFFFFFFFFFFFFFFFFFFFFFFFFFFFD5
:104BF000FFFFFFFFFFFFFFFFFFFFFFFFFFFFFFFFC5
:104C0000FFFFFFFFFFFFFFFFFFFFFFFFFFFFFFFFB4
:104C1000FFFFFFFFFFFFFFFFFFFFFFFFFFFFFFFFA4
:104C2000FFFFFFFFFFFFFFFFFFFFFFFFFFFFFFFF94
:104C3000FFFFFFFFFFFFFFFFFFFFFFFFFFFFFFFF84
:104C4000FFFFFFFFFFFFFFFFFFFFFFFFFFFFFFFF74
:104C5000FFFFFFFFFFFFFFFFFFFFFFFFFFFFFFFF64
:104C6000FFFFFFFFFFFFFFFFFFFFFFFFFFFFFFFF54
:104C7000FFFFFFFFFFFFFFFFFFFFFFFFFFFFFFFF44
:104C8000FFFFFFFFFFFFFFFFFFFFFFFFFFFFFFFF34
:104C9000FFFFFFFFFFFFFFFFFFFFFFFFFFFFFFFF24
:104CA000FFFFFFFFFFFFFFFFFFFFFFFFFFFFFFFF14
:104CB000FFFFFFFFFFFFFFFFFFFFFFFFFFFFFFFF04
:104CC000FFFFFFFFFFFFFFFFFFFFFFFFFFFFFFFFF4
:104CD000FFFFFFFFFFFFFFFFFFFFFFFFFFFFFFFFE4
:104CE000FFFFFFFFFFFFFFFFFFFFFFFFFFFFFFFFD4
:104CF000FFFFFFFFFFFFFFFFFFFFFFFFFFFFFFFFC4
:104D0000FFFFFFFFFFFFFFFFFFFFFFFFFFFFFFFFB3
:104D1000FFFFFFFFFFFFFFFFFFFFFFFFFFFFFFFFA3
:104D2000FFFFFFFFFFFFFFFFFFFFFFFFFFFFFFFF93
:104D3000FFFFFFFFFFFFFFFFFFFFFFFFFFFFFFFF83
:104D4000FFFFFFFFFFFFFFFFFFFFFFFFFFFFFFFF73
:104D5000FFFFFFFFFFFFFFFFFFFFFFFFFFFFFFFF63
:104D6000FFFFFFFFFFFFFFFFFFFFFFFFFFFFFFFF53
:104D7000FFFFFFFFFFFFFFFFFFFFFFFFFFFFFFFF43
:104D8000FFFFFFFFFFFFFFFFFFFFFFFFFFFFFFFF33
:104D9000FFFFFFFFFFFFFFFFFFFFFFFFFFFFFFFF23
:104DA000FFFFFFFFFFFFFFFFFFFFFFFFFFFFFFFF13
:104DB000FFFFFFFFFFFFFFFFFFFFFFFFFFFFFFFF03
:104DC000FFFFFFFFFFFFFFFFFFFFFFFFFFFFFFFFF3
:104DD000FFFFFFFFFFFFFFFFFFFFFFFFFFFFFFFFE3
:104DE000FFFFFFFFFFFFFFFFFFFFFFFFFFFFFFFFD3
:104DF000FFFFFFFFFFFFFFFFFFFFFFFFFFFFFFFFC3
:104E0000FFFFFFFFFFFFFFFFFFFFFFFFFFFFFFFFB2
:104E1000FFFFFFFFFFFFFFFFFFFFFFFFFFFFFFFFA2
:104E2000FFFFFFFFFFFFFFFFFFFFFFFFFFFFFFFF92
:104E3000FFFFFFFFFFFFFFFFFFFFFFFFFFFFFFFF82
:104E4000FFFFFFFFFFFFFFFFFFFFFFFFFFFFFFFF72
:104E5000FFFFFFFFFFFFFFFFFFFFFFFFFFFFFFFF62
:104E6000FFFFFFFFFFFFFFFFFFFFFFFFFFFFFFFF52
:104E7000FFFFFFFFFFFFFFFFFFFFFFFFFFFFFFFF42
:104E8000FFFFFFFFFFFFFFFFFFFFFFFFFFFFFFFF32
:104E9000FFFFFFFFFFFFFFFFFFFFFFFFFFFFFFFF22
:104EA000FFFFFFFFFFFFFFFFFFFFFFFFFFFFFFFF12
:104EB000FFFFFFFFFFFFFFFFFFFFFFFFFFFFFFFF02
:104EC000FFFFFFFFFFFFFFFFFFFFFFFFFFFFFFFFF2
:104ED000FFFFFFFFFFFFFFFFFFFFFFFFFFFFFFFFE2
:104EE000FFFFFFFFFFFFFFFFFFFFFFFFFFFFFFFFD2
:104EF000FFFFFFFFFFFFFFFFFFFFFFFFFFFFFFFFC2
:104F0000FFFFFFFFFFFFFFFFFFFFFFFFFFFFFFFFB1
:104F1000FFFFFFFFFFFFFFFFFFFFFFFFFFFFFFFFA1
:104F2000FFFFFFFFFFFFFFFFFFFFFFFFFFFFFFFF91
:104F3000FFFFFFFFFFFFFFFFFFFFFFFFFFFFFFFF81
:104F4000FFFFFFFFFFFFFFFFFFFFFFFFFFFFFFFF71
:104F5000FFFFFFFFFFFFFFFFFFFFFFFFFFFFFFFF61
:104F6000FFFFFFFFFFFFFFFFFFFFFFFFFFFFFFFF51
:104F7000FFFFFFFFFFFFFFFFFFFFFFFFFFFFFFFF41
:104F8000FFFFFFFFFFFFFFFFFFFFFFFFFFFFFFFF31
:104F9000FFFFFFFFFFFFFFFFFFFFFFFFFFFFFFFF21
:104FA000FFFFFFFFFFFFFFFFFFFFFFFFFFFFFFFF11
:104FB000FFFFFFFFFFFFFFFFFFFFFFFFFFFFFFFF01
:104FC000FFFFFFFFFFFFFFFFFFFFFFFFFFFFFFFFF1
:104FD000FFFFFFFFFFFFFFFFFFFFFFFFFFFFFFFFE1
:104FE000FFFFFFFFFFFFFFFFFFFFFFFFFFFFFFFFD1
:104FF000FFFFFFFFFFFFFFFFFFFFFFFFFFFFFFFFC1
:10500000FFFFFFFFFFFFFFFFFFFFFFFFFFFFFFFFB0
:10501000FFFFFFFFFFFFFFFFFFFFFFFFFFFFFFFFA0
:10502000FFFFFFFFFFFFFFFFFFFFFFFFFFFFFFFF90
:10503000FFFFFFFFFFFFFFFFFFFFFFFFFFFFFFFF80
:10504000FFFFFFFFFFFFFFFFFFFFFFFFFFFFFFFF70
:10505000FFFFFFFFFFFFFFFFFFFFFFFFFFFFFFFF60
:10506000FFFFFFFFFFFFFFFFFFFFFFFFFFFFFFFF50
:10507000FFFFFFFFFFFFFFFFFFFFFFFFFFFFFFFF40
:10508000FFFFFFFFFFFFFFFFFFFFFFFFFFFFFFFF30
:10509000FFFFFFFFFFFFFFFFFFFFFFFFFFFFFFFF20
:1050A000FFFFFFFFFFFFFFFFFFFFFFFFFFFFFFFF10
:1050B000FFFFFFFFFFFFFFFFFFFFFFFFFFFFFFFF00
:1050C000FFFFFFFFFFFFFFFFFFFFFFFFFFFFFFFFF0
:1050D000FFFFFFFFFFFFFFFFFFFFFFFFFFFFFFFFE0
:1050E000FFFFFFFFFFFFFFFFFFFFFFFFFFFFFFFFD0
:1050F000FFFFFFFFFFFFFFFFFFFFFFFFFFFFFFFFC0
:10510000FFFFFFFFFFFFFFFFFFFFFFFFFFFFFFFFAF
:10511000FFFFFFFFFFFFFFFFFFFFFFFFFFFFFFFF9F
:10512000FFFFFFFFFFFFFFFFFFFFFFFFFFFFFFFF8F
:10513000FFFFFFFFFFFFFFFFFFFFFFFFFFFFFFFF7F
:10514000FFFFFFFFFFFFFFFFFFFFFFFFFFFFFFFF6F
:10515000FFFFFFFFFFFFFFFFFFFFFFFFFFFFFFFF5F
:10516000FFFFFFFFFFFFFFFFFFFFFFFFFFFFFFFF4F
:10517000FFFFFFFFFFFFFFFFFFFFFFFFFFFFFFFF3F
:10518000FFFFFFFFFFFFFFFFFFFFFFFFFFFFFFFF2F
:10519000FFFFFFFFFFFFFFFFFFFFFFFFFFFFFFFF1F
:1051A000FFFFFFFFFFFFFFFFFFFFFFFFFFFFFFFF0F
:1051B000FFFFFFFFFFFFFFFFFFFFFFFFFFFFFFFFFF
:1051C000FFFFFFFFFFFFFFFFFFFFFFFFFFFFFFFFEF
:1051D000FFFFFFFFFFFFFFFFFFFFFFFFFFFFFFFFDF
:1051E000FFFFFFFFFFFFFFFFFFFFFFFFFFFFFFFFCF
:1051F000FFFFFFFFFFFFFFFFFFFFFFFFFFFFFFFFBF
:10520000FFFFFFFFFFFFFFFFFFFFFFFFFFFFFFFFAE
:10521000FFFFFFFFFFFFFFFFFFFFFFFFFFFFFFFF9E
:10522000FFFFFFFFFFFFFFFFFFFFFFFFFFFFFFFF8E
:10523000FFFFFFFFFFFFFFFFFFFFFFFFFFFFFFFF7E
:10524000FFFFFFFFFFFFFFFFFFFFFFFFFFFFFFFF6E
:10525000FFFFFFFFFFFFFFFFFFFFFFFFFFFFFFFF5E
:10526000FFFFFFFFFFFFFFFFFFFFFFFFFFFFFFFF4E
:10527000FFFFFFFFFFFFFFFFFFFFFFFFFFFFFFFF3E
:10528000FFFFFFFFFFFFFFFFFFFFFFFFFFFFFFFF2E
:10529000FFFFFFFFFFFFFFFFFFFFFFFFFFFFFFFF1E
:1052A000FFFFFFFFFFFFFFFFFFFFFFFFFFFFFFFF0E
:1052B000FFFFFFFFFFFFFFFFFFFFFFFFFFFFFFFFFE
:1052C000FFFFFFFFFFFFFFFFFFFFFFFFFFFFFFFFEE
:1052D000FFFFFFFFFFFFFFFFFFFFFFFFFFFFFFFFDE
:1052E000FFFFFFFFFFFFFFFFFFFFFFFFFFFFFFFFCE
:1052F000FFFFFFFFFFFFFFFFFFFFFFFFFFFFFFFFBE
:10530000FFFFFFFFFFFFFFFFFFFFFFFFFFFFFFFFAD
:10531000FFFFFFFFFFFFFFFFFFFFFFFFFFFFFFFF9D
:10532000FFFFFFFFFFFFFFFFFFFFFFFFFFFFFFFF8D
:10533000FFFFFFFFFFFFFFFFFFFFFFFFFFFFFFFF7D
:10534000FFFFFFFFFFFFFFFFFFFFFFFFFFFFFFFF6D
:10535000FFFFFFFFFFFFFFFFFFFFFFFFFFFFFFFF5D
:10536000FFFFFFFFFFFFFFFFFFFFFFFFFFFFFFFF4D
:10537000FFFFFFFFFFFFFFFFFFFFFFFFFFFFFFFF3D
:10538000FFFFFFFFFFFFFFFFFFFFFFFFFFFFFFFF2D
:10539000FFFFFFFFFFFFFFFFFFFFFFFFFFFFFFFF1D
:1053A000FFFFFFFFFFFFFFFFFFFFFFFFFFFFFFFF0D
:1053B000FFFFFFFFFFFFFFFFFFFFFFFFFFFFFFFFFD
:1053C000FFFFFFFFFFFFFFFFFFFFFFFFFFFFFFFFED
:1053D000FFFFFFFFFFFFFFFFFFFFFFFFFFFFFFFFDD
:1053E000FFFFFFFFFFFFFFFFFFFFFFFFFFFFFFFFCD
:1053F000FFFFFFFFFFFFFFFFFFFFFFFFFFFFFFFFBD
:10540000FFFFFFFFFFFFFFFFFFFFFFFFFFFFFFFFAC
:10541000FFFFFFFFFFFFFFFFFFFFFFFFFFFFFFFF9C
:10542000FFFFFFFFFFFFFFFFFFFFFFFFFFFFFFFF8C
:10543000FFFFFFFFFFFFFFFFFFFFFFFFFFFFFFFF7C
:10544000FFFFFFFFFFFFFFFFFFFFFFFFFFFFFFFF6C
:10545000FFFFFFFFFFFFFFFFFFFFFFFFFFFFFFFF5C
:10546000FFFFFFFFFFFFFFFFFFFFFFFFFFFFFFFF4C
:10547000FFFFFFFFFFFFFFFFFFFFFFFFFFFFFFFF3C
:10548000FFFFFFFFFFFFFFFFFFFFFFFFFFFFFFFF2C
:10549000FFFFFFFFFFFFFFFFFFFFFFFFFFFFFFFF1C
:1054A000FFFFFFFFFFFFFFFFFFFFFFFFFFFFFFFF0C
:1054B000FFFFFFFFFFFFFFFFFFFFFFFFFFFFFFFFFC
:1054C000FFFFFFFFFFFFFFFFFFFFFFFFFFFFFFFFEC
:1054D000FFFFFFFFFFFFFFFFFFFFFFFFFFFFFFFFDC
:1054E000FFFFFFFFFFFFFFFFFFFFFFFFFFFFFFFFCC
:1054F000FFFFFFFFFFFFFFFFFFFFFFFFFFFFFFFFBC
:10550000FFFFFFFFFFFFFFFFFFFFFFFFFFFFFFFFAB
:10551000FFFFFFFFFFFFFFFFFFFFFFFFFFFFFFFF9B
:10552000FFFFFFFFFFFFFFFFFFFFFFFFFFFFFFFF8B
:10553000FFFFFFFFFFFFFFFFFFFFFFFFFFFFFFFF7B
:10554000FFFFFFFFFFFFFFFFFFFFFFFFFFFFFFFF6B
:10555000FFFFFFFFFFFFFFFFFFFFFFFFFFFFFFFF5B
:10556000FFFFFFFFFFFFFFFFFFFFFFFFFFFFFFFF4B
:10557000FFFFFFFFFFFFFFFFFFFFFFFFFFFFFFFF3B
:10558000FFFFFFFFFFFFFFFFFFFFFFFFFFFFFFFF2B
:10559000FFFFFFFFFFFFFFFFFFFFFFFFFFFFFFFF1B
:1055A000FFFFFFFFFFFFFFFFFFFFFFFFFFFFFFFF0B
:1055B000FFFFFFFFFFFFFFFFFFFFFFFFFFFFFFFFFB
:1055C000FFFFFFFFFFFFFFFFFFFFFFFFFFFFFFFFEB
:1055D000FFFFFFFFFFFFFFFFFFFFFFFFFFFFFFFFDB
:1055E000FFFFFFFFFFFFFFFFFFFFFFFFFFFFFFFFCB
:1055F000FFFFFFFFFFFFFFFFFFFFFFFFFFFFFFFFBB
:10560000FFFFFFFFFFFFFFFFFFFFFFFFFFFFFFFFAA
:10561000FFFFFFFFFFFFFFFFFFFFFFFFFFFFFFFF9A
:10562000FFFFFFFFFFFFFFFFFFFFFFFFFFFFFFFF8A
:10563000FFFFFFFFFFFFFFFFFFFFFFFFFFFFFFFF7A
:10564000FFFFFFFFFFFFFFFFFFFFFFFFFFFFFFFF6A
:10565000FFFFFFFFFFFFFFFFFFFFFFFFFFFFFFFF5A
:10566000FFFFFFFFFFFFFFFFFFFFFFFFFFFFFFFF4A
:10567000FFFFFFFFFFFFFFFFFFFFFFFFFFFFFFFF3A
:10568000FFFFFFFFFFFFFFFFFFFFFFFFFFFFFFFF2A
:10569000FFFFFFFFFFFFFFFFFFFFFFFFFFFFFFFF1A
:1056A000FFFFFFFFFFFFFFFFFFFFFFFFFFFFFFFF0A
:1056B000FFFFFFFFFFFFFFFFFFFFFFFFFFFFFFFFFA
:1056C000FFFFFFFFFFFFFFFFFFFFFFFFFFFFFFFFEA
:1056D000FFFFFFFFFFFFFFFFFFFFFFFFFFFFFFFFDA
:1056E000FFFFFFFFFFFFFFFFFFFFFFFFFFFFFFFFCA
:1056F000FFFFFFFFFFFFFFFFFFFFFFFFFFFFFFFFBA
:10570000FFFFFFFFFFFFFFFFFFFFFFFFFFFFFFFFA9
:10571000FFFFFFFFFFFFFFFFFFFFFFFFFFFFFFFF99
:10572000FFFFFFFFFFFFFFFFFFFFFFFFFFFFFFFF89
:10573000FFFFFFFFFFFFFFFFFFFFFFFFFFFFFFFF79
:10574000FFFFFFFFFFFFFFFFFFFFFFFFFFFFFFFF69
:10575000FFFFFFFFFFFFFFFFFFFFFFFFFFFFFFFF59
:10576000FFFFFFFFFFFFFFFFFFFFFFFFFFFFFFFF49
:10577000FFFFFFFFFFFFFFFFFFFFFFFFFFFFFFFF39
:10578000FFFFFFFFFFFFFFFFFFFFFFFFFFFFFFFF29
:10579000FFFFFFFFFFFFFFFFFFFFFFFFFFFFFFFF19
:1057A000FFFFFFFFFFFFFFFFFFFFFFFFFFFFFFFF09
:1057B000FFFFFFFFFFFFFFFFFFFFFFFFFFFFFFFFF9
:1057C000FFFFFFFFFFFFFFFFFFFFFFFFFFFFFFFFE9
:1057D000FFFFFFFFFFFFFFFFFFFFFFFFFFFFFFFFD9
:1057E000FFFFFFFFFFFFFFFFFFFFFFFFFFFFFFFFC9
:1057F000FFFFFFFFFFFFFFFFFFFFFFFFFFFFFFFFB9
:10580000FFFFFFFFFFFFFFFFFFFFFFFFFFFFFFFFA8
:10581000FFFFFFFFFFFFFFFFFFFFFFFFFFFFFFFF98
:10582000FFFFFFFFFFFFFFFFFFFFFFFFFFFFFFFF88
:10583000FFFFFFFFFFFFFFFFFFFFFFFFFFFFFFFF78
:10584000FFFFFFFFFFFFFFFFFFFFFFFFFFFFFFFF68
:10585000FFFFFFFFFFFFFFFFFFFFFFFFFFFFFFFF58
:10586000FFFFFFFFFFFFFFFFFFFFFFFFFFFFFFFF48
:10587000FFFFFFFFFFFFFFFFFFFFFFFFFFFFFFFF38
:10588000FFFFFFFFFFFFFFFFFFFFFFFFFFFFFFFF28
:10589000FFFFFFFFFFFFFFFFFFFFFFFFFFFFFFFF18
:1058A000FFFFFFFFFFFFFFFFFFFFFFFFFFFFFFFF08
:1058B000FFFFFFFFFFFFFFFFFFFFFFFFFFFFFFFFF8
:1058C000FFFFFFFFFFFFFFFFFFFFFFFFFFFFFFFFE8
:1058D000FFFFFFFFFFFFFFFFFFFFFFFFFFFFFFFFD8
:1058E000FFFFFFFFFFFFFFFFFFFFFFFFFFFFFFFFC8
:1058F000FFFFFFFFFFFFFFFFFFFFFFFFFFFFFFFFB8
:10590000FFFFFFFFFFFFFFFFFFFFFFFFFFFFFFFFA7
:10591000FFFFFFFFFFFFFFFFFFFFFFFFFFFFFFFF97
:10592000FFFFFFFFFFFFFFFFFFFFFFFFFFFFFFFF87
:10593000FFFFFFFFFFFFFFFFFFFFFFFFFFFFFFFF77
:10594000FFFFFFFFFFFFFFFFFFFFFFFFFFFFFFFF67
:10595000FFFFFFFFFFFFFFFFFFFFFFFFFFFFFFFF57
:10596000FFFFFFFFFFFFFFFFFFFFFFFFFFFFFFFF47
:10597000FFFFFFFFFFFFFFFFFFFFFFFFFFFFFFFF37
:10598000FFFFFFFFFFFFFFFFFFFFFFFFFFFFFFFF27
:10599000FFFFFFFFFFFFFFFFFFFFFFFFFFFFFFFF17
:1059A000FFFFFFFFFFFFFFFFFFFFFFFFFFFFFFFF07
:1059B000FFFFFFFFFFFFFFFFFFFFFFFFFFFFFFFFF7
:1059C000FFFFFFFFFFFFFFFFFFFFFFFFFFFFFFFFE7
:1059D000FFFFFFFFFFFFFFFFFFFFFFFFFFFFFFFFD7
:1059E000FFFFFFFFFFFFFFFFFFFFFFFFFFFFFFFFC7
:1059F000FFFFFFFFFFFFFFFFFFFFFFFFFFFFFFFFB7
:105A0000FFFFFFFFFFFFFFFFFFFFFFFFFFFFFFFFA6
:105A1000FFFFFFFFFFFFFFFFFFFFFFFFFFFFFFFF96
:105A2000FFFFFFFFFFFFFFFFFFFFFFFFFFFFFFFF86
:105A3000FFFFFFFFFFFFFFFFFFFFFFFFFFFFFFFF76
:105A4000FFFFFFFFFFFFFFFFFFFFFFFFFFFFFFFF66
:105A5000FFFFFFFFFFFFFFFFFFFFFFFFFFFFFFFF56
:105A6000FFFFFFFFFFFFFFFFFFFFFFFFFFFFFFFF46
:105A7000FFFFFFFFFFFFFFFFFFFFFFFFFFFFFFFF36
:105A8000FFFFFFFFFFFFFFFFFFFFFFFFFFFFFFFF26
:105A9000FFFFFFFFFFFFFFFFFFFFFFFFFFFFFFFF16
:105AA000FFFFFFFFFFFFFFFFFFFFFFFFFFFFFFFF06
:105AB000FFFFFFFFFFFFFFFFFFFFFFFFFFFFFFFFF6
:105AC000FFFFFFFFFFFFFFFFFFFFFFFFFFFFFFFFE6
:105AD000FFFFFFFFFFFFFFFFFFFFFFFFFFFFFFFFD6
:105AE000FFFFFFFFFFFFFFFFFFFFFFFFFFFFFFFFC6
:105AF000FFFFFFFFFFFFFFFFFFFFFFFFFFFFFFFFB6
:105B0000FFFFFFFFFFFFFFFFFFFFFFFFFFFFFFFFA5
:105B1000FFFFFFFFFFFFFFFFFFFFFFFFFFFFFFFF95
:105B2000FFFFFFFFFFFFFFFFFFFFFFFFFFFFFFFF85
:105B3000FFFFFFFFFFFFFFFFFFFFFFFFFFFFFFFF75
:105B4000FFFFFFFFFFFFFFFFFFFFFFFFFFFFFFFF65
:105B5000FFFFFFFFFFFFFFFFFFFFFFFFFFFFFFFF55
:105B6000FFFFFFFFFFFFFFFFFFFFFFFFFFFFFFFF45
:105B7000FFFFFFFFFFFFFFFFFFFFFFFFFFFFFFFF35
:105B8000FFFFFFFFFFFFFFFFFFFFFFFFFFFFFFFF25
:105B9000FFFFFFFFFFFFFFFFFFFFFFFFFFFFFFFF15
:105BA000FFFFFFFFFFFFFFFFFFFFFFFFFFFFFFFF05
:105BB000FFFFFFFFFFFFFFFFFFFFFFFFFFFFFFFFF5
:105BC000FFFFFFFFFFFFFFFFFFFFFFFFFFFFFFFFE5
:105BD000FFFFFFFFFFFFFFFFFFFFFFFFFFFFFFFFD5
:105BE000FFFFFFFFFFFFFFFFFFFFFFFFFFFFFFFFC5
:105BF000FFFFFFFFFFFFFFFFFFFFFFFFFFFFFFFFB5
:105C0000FFFFFFFFFFFFFFFFFFFFFFFFFFFFFFFFA4
:105C1000FFFFFFFFFFFFFFFFFFFFFFFFFFFFFFFF94
:105C2000FFFFFFFFFFFFFFFFFFFFFFFFFFFFFFFF84
:105C3000FFFFFFFFFFFFFFFFFFFFFFFFFFFFFFFF74
:105C4000FFFFFFFFFFFFFFFFFFFFFFFFFFFFFFFF64
:105C5000FFFFFFFFFFFFFFFFFFFFFFFFFFFFFFFF54
:105C6000FFFFFFFFFFFFFFFFFFFFFFFFFFFFFFFF44
:105C7000FFFFFFFFFFFFFFFFFFFFFFFFFFFFFFFF34
:105C8000FFFFFFFFFFFFFFFFFFFFFFFFFFFFFFFF24
:105C9000FFFFFFFFFFFFFFFFFFFFFFFFFFFFFFFF14
:105CA000FFFFFFFFFFFFFFFFFFFFFFFFFFFFFFFF04
:105CB000FFFFFFFFFFFFFFFFFFFFFFFFFFFFFFFFF4
:105CC000FFFFFFFFFFFFFFFFFFFFFFFFFFFFFFFFE4
:105CD000FFFFFFFFFFFFFFFFFFFFFFFFFFFFFFFFD4
:105CE000FFFFFFFFFFFFFFFFFFFFFFFFFFFFFFFFC4
:105CF000FFFFFFFFFFFFFFFFFFFFFFFFFFFFFFFFB4
:105D0000FFFFFFFFFFFFFFFFFFFFFFFFFFFFFFFFA3
:105D1000FFFFFFFFFFFFFFFFFFFFFFFFFFFFFFFF93
:105D2000FFFFFFFFFFFFFFFFFFFFFFFFFFFFFFFF83
:105D3000FFFFFFFFFFFFFFFFFFFFFFFFFFFFFFFF73
:105D4000FFFFFFFFFFFFFFFFFFFFFFFFFFFFFFFF63
:105D5000FFFFFFFFFFFFFFFFFFFFFFFFFFFFFFFF53
:105D6000FFFFFFFFFFFFFFFFFFFFFFFFFFFFFFFF43
:105D7000FFFFFFFFFFFFFFFFFFFFFFFFFFFFFFFF33
:105D8000FFFFFFFFFFFFFFFFFFFFFFFFFFFFFFFF23
:105D9000FFFFFFFFFFFFFFFFFFFFFFFFFFFFFFFF13
:105DA000FFFFFFFFFFFFFFFFFFFFFFFFFFFFFFFF03
:105DB000FFFFFFFFFFFFFFFFFFFFFFFFFFFFFFFFF3
:105DC000FFFFFFFFFFFFFFFFFFFFFFFFFFFFFFFFE3
:105DD000FFFFFFFFFFFFFFFFFFFFFFFFFFFFFFFFD3
:105DE000FFFFFFFFFFFFFFFFFFFFFFFFFFFFFFFFC3
:105DF000FFFFFFFFFFFFFFFFFFFFFFFFFFFFFFFFB3
:105E0000FFFFFFFFFFFFFFFFFFFFFFFFFFFFFFFFA2
:105E1000FFFFFFFFFFFFFFFFFFFFFFFFFFFFFFFF92
:105E2000FFFFFFFFFFFFFFFFFFFFFFFFFFFFFFFF82
:105E3000FFFFFFFFFFFFFFFFFFFFFFFFFFFFFFFF72
:105E4000FFFFFFFFFFFFFFFFFFFFFFFFFFFFFFFF62
:105E5000FFFFFFFFFFFFFFFFFFFFFFFFFFFFFFFF52
:105E6000FFFFFFFFFFFFFFFFFFFFFFFFFFFFFFFF42
:105E7000FFFFFFFFFFFFFFFFFFFFFFFFFFFFFFFF32
:105E8000FFFFFFFFFFFFFFFFFFFFFFFFFFFFFFFF22
:105E9000FFFFFFFFFFFFFFFFFFFFFFFFFFFFFFFF12
:105EA000FFFFFFFFFFFFFFFFFFFFFFFFFFFFFFFF02
:105EB000FFFFFFFFFFFFFFFFFFFFFFFFFFFFFFFFF2
:105EC000FFFFFFFFFFFFFFFFFFFFFFFFFFFFFFFFE2
:105ED000FFFFFFFFFFFFFFFFFFFFFFFFFFFFFFFFD2
:105EE000FFFFFFFFFFFFFFFFFFFFFFFFFFFFFFFFC2
:105EF000FFFFFFFFFFFFFFFFFFFFFFFFFFFFFFFFB2
:105F0000FFFFFFFFFFFFFFFFFFFFFFFFFFFFFFFFA1
:105F1000FFFFFFFFFFFFFFFFFFFFFFFFFFFFFFFF91
:105F2000FFFFFFFFFFFFFFFFFFFFFFFFFFFFFFFF81
:105F3000FFFFFFFFFFFFFFFFFFFFFFFFFFFFFFFF71
:105F4000FFFFFFFFFFFFFFFFFFFFFFFFFFFFFFFF61
:105F5000FFFFFFFFFFFFFFFFFFFFFFFFFFFFFFFF51
:105F6000FFFFFFFFFFFFFFFFFFFFFFFFFFFFFFFF41
:105F7000FFFFFFFFFFFFFFFFFFFFFFFFFFFFFFFF31
:105F8000FFFFFFFFFFFFFFFFFFFFFFFFFFFFFFFF21
:105F9000FFFFFFFFFFFFFFFFFFFFFFFFFFFFFFFF11
:105FA000FFFFFFFFFFFFFFFFFFFFFFFFFFFFFFFF01
:105FB000FFFFFFFFFFFFFFFFFFFFFFFFFFFFFFFFF1
:105FC000FFFFFFFFFFFFFFFFFFFFFFFFFFFFFFFFE1
:105FD000FFFFFFFFFFFFFFFFFFFFFFFFFFFFFFFFD1
:105FE000FFFFFFFFFFFFFFFFFFFFFFFFFFFFFFFFC1
:105FF000FFFFFFFFFFFFFFFFFFFFFFFFFFFFFFFFB1
:10600000FFFFFFFFFFFFFFFFFFFFFFFFFFFFFFFFA0
:10601000FFFFFFFFFFFFFFFFFFFFFFFFFFFFFFFF90
:10602000FFFFFFFFFFFFFFFFFFFFFFFFFFFFFFFF80
:10603000FFFFFFFFFFFFFFFFFFFFFFFFFFFFFFFF70
:10604000FFFFFFFFFFFFFFFFFFFFFFFFFFFFFFFF60
:10605000FFFFFFFFFFFFFFFFFFFFFFFFFFFFFFFF50
:10606000FFFFFFFFFFFFFFFFFFFFFFFFFFFFFFFF40
:10607000FFFFFFFFFFFFFFFFFFFFFFFFFFFFFFFF30
:10608000FFFFFFFFFFFFFFFFFFFFFFFFFFFFFFFF20
:10609000FFFFFFFFFFFFFFFFFFFFFFFFFFFFFFFF10
:1060A000FFFFFFFFFFFFFFFFFFFFFFFFFFFFFFFF00
:1060B000FFFFFFFFFFFFFFFFFFFFFFFFFFFFFFFFF0
:1060C000FFFFFFFFFFFFFFFFFFFFFFFFFFFFFFFFE0
:1060D000FFFFFFFFFFFFFFFFFFFFFFFFFFFFFFFFD0
:1060E000FFFFFFFFFFFFFFFFFFFFFFFFFFFFFFFFC0
:1060F000FFFFFFFFFFFFFFFFFFFFFFFFFFFFFFFFB0
:10610000FFFFFFFFFFFFFFFFFFFFFFFFFFFFFFFF9F
:10611000FFFFFFFFFFFFFFFFFFFFFFFFFFFFFFFF8F
:10612000FFFFFFFFFFFFFFFFFFFFFFFFFFFFFFFF7F
:10613000FFFFFFFFFFFFFFFFFFFFFFFFFFFFFFFF6F
:10614000FFFFFFFFFFFFFFFFFFFFFFFFFFFFFFFF5F
:10615000FFFFFFFFFFFFFFFFFFFFFFFFFFFFFFFF4F
:10616000FFFFFFFFFFFFFFFFFFFFFFFFFFFFFFFF3F
:10617000FFFFFFFFFFFFFFFFFFFFFFFFFFFFFFFF2F
:10618000FFFFFFFFFFFFFFFFFFFFFFFFFFFFFFFF1F
:10619000FFFFFFFFFFFFFFFFFFFFFFFFFFFFFFFF0F
:1061A000FFFFFFFFFFFFFFFFFFFFFFFFFFFFFFFFFF
:1061B000FFFFFFFFFFFFFFFFFFFFFFFFFFFFFFFFEF
:1061C000FFFFFFFFFFFFFFFFFFFFFFFFFFFFFFFFDF
:1061D000FFFFFFFFFFFFFFFFFFFFFFFFFFFFFFFFCF
:1061E000FFFFFFFFFFFFFFFFFFFFFFFFFFFFFFFFBF
:1061F000FFFFFFFFFFFFFFFFFFFFFFFFFFFFFFFFAF
:10620000FFFFFFFFFFFFFFFFFFFFFFFFFFFFFFFF9E
:10621000FFFFFFFFFFFFFFFFFFFFFFFFFFFFFFFF8E
:10622000FFFFFFFFFFFFFFFFFFFFFFFFFFFFFFFF7E
:10623000FFFFFFFFFFFFFFFFFFFFFFFFFFFFFFFF6E
:10624000FFFFFFFFFFFFFFFFFFFFFFFFFFFFFFFF5E
:10625000FFFFFFFFFFFFFFFFFFFFFFFFFFFFFFFF4E
:10626000FFFFFFFFFFFFFFFFFFFFFFFFFFFFFFFF3E
:10627000FFFFFFFFFFFFFFFFFFFFFFFFFFFFFFFF2E
:10628000FFFFFFFFFFFFFFFFFFFFFFFFFFFFFFFF1E
:10629000FFFFFFFFFFFFFFFFFFFFFFFFFFFFFFFF0E
:1062A000FFFFFFFFFFFFFFFFFFFFFFFFFFFFFFFFFE
:1062B000FFFFFFFFFFFFFFFFFFFFFFFFFFFFFFFFEE
:1062C000FFFFFFFFFFFFFFFFFFFFFFFFFFFFFFFFDE
:1062D000FFFFFFFFFFFFFFFFFFFFFFFFFFFFFFFFCE
:1062E000FFFFFFFFFFFFFFFFFFFFFFFFFFFFFFFFBE
:1062F000FFFFFFFFFFFFFFFFFFFFFFFFFFFFFFFFAE
:10630000FFFFFFFFFFFFFFFFFFFFFFFFFFFFFFFF9D
:10631000FFFFFFFFFFFFFFFFFFFFFFFFFFFFFFFF8D
:10632000FFFFFFFFFFFFFFFFFFFFFFFFFFFFFFFF7D
:10633000FFFFFFFFFFFFFFFFFFFFFFFFFFFFFFFF6D
:10634000FFFFFFFFFFFFFFFFFFFFFFFFFFFFFFFF5D
:10635000FFFFFFFFFFFFFFFFFFFFFFFFFFFFFFFF4D
:10636000FFFFFFFFFFFFFFFFFFFFFFFFFFFFFFFF3D
:10637000FFFFFFFFFFFFFFFFFFFFFFFFFFFFFFFF2D
:10638000FFFFFFFFFFFFFFFFFFFFFFFFFFFFFFFF1D
:10639000FFFFFFFFFFFFFFFFFFFFFFFFFFFFFFFF0D
:1063A000FFFFFFFFFFFFFFFFFFFFFFFFFFFFFFFFFD
:1063B000FFFFFFFFFFFFFFFFFFFFFFFFFFFFFFFFED
:1063C000FFFFFFFFFFFFFFFFFFFFFFFFFFFFFFFFDD
:1063D000FFFFFFFFFFFFFFFFFFFFFFFFFFFFFFFFCD
:1063E000FFFFFFFFFFFFFFFFFFFFFFFFFFFFFFFFBD
:1063F000FFFFFFFFFFFFFFFFFFFFFFFFFFFFFFFFAD
:10640000FFFFFFFFFFFFFFFFFFFFFFFFFFFFFFFF9C
:10641000FFFFFFFFFFFFFFFFFFFFFFFFFFFFFFFF8C
:10642000FFFFFFFFFFFFFFFFFFFFFFFFFFFFFFFF7C
:10643000FFFFFFFFFFFFFFFFFFFFFFFFFFFFFFFF6C
:10644000FFFFFFFFFFFFFFFFFFFFFFFFFFFFFFFF5C
:10645000FFFFFFFFFFFFFFFFFFFFFFFFFFFFFFFF4C
:10646000FFFFFFFFFFFFFFFFFFFFFFFFFFFFFFFF3C
:10647000FFFFFFFFFFFFFFFFFFFFFFFFFFFFFFFF2C
:10648000FFFFFFFFFFFFFFFFFFFFFFFFFFFFFFFF1C
:10649000FFFFFFFFFFFFFFFFFFFFFFFFFFFFFFFF0C
:1064A000FFFFFFFFFFFFFFFFFFFFFFFFFFFFFFFFFC
:1064B000FFFFFFFFFFFFFFFFFFFFFFFFFFFFFFFFEC
:1064C000FFFFFFFFFFFFFFFFFFFFFFFFFFFFFFFFDC
:1064D000FFFFFFFFFFFFFFFFFFFFFFFFFFFFFFFFCC
:1064E000FFFFFFFFFFFFFFFFFFFFFFFFFFFFFFFFBC
:1064F000FFFFFFFFFFFFFFFFFFFFFFFFFFFFFFFFAC
:10650000FFFFFFFFFFFFFFFFFFFFFFFFFFFFFFFF9B
:10651000FFFFFFFFFFFFFFFFFFFFFFFFFFFFFFFF8B
:10652000FFFFFFFFFFFFFFFFFFFFFFFFFFFFFFFF7B
:10653000FFFFFFFFFFFFFFFFFFFFFFFFFFFFFFFF6B
:10654000FFFFFFFFFFFFFFFFFFFFFFFFFFFFFFFF5B
:10655000FFFFFFFFFFFFFFFFFFFFFFFFFFFFFFFF4B
:10656000FFFFFFFFFFFFFFFFFFFFFFFFFFFFFFFF3B
:10657000FFFFFFFFFFFFFFFFFFFFFFFFFFFFFFFF2B
:10658000FFFFFFFFFFFFFFFFFFFFFFFFFFFFFFFF1B
:10659000FFFFFFFFFFFFFFFFFFFFFFFFFFFFFFFF0B
:1065A000FFFFFFFFFFFFFFFFFFFFFFFFFFFFFFFFFB
:1065B000FFFFFFFFFFFFFFFFFFFFFFFFFFFFFFFFEB
:1065C000FFFFFFFFFFFFFFFFFFFFFFFFFFFFFFFFDB
:1065D000FFFFFFFFFFFFFFFFFFFFFFFFFFFFFFFFCB
:1065E000FFFFFFFFFFFFFFFFFFFFFFFFFFFFFFFFBB
:1065F000FFFFFFFFFFFFFFFFFFFFFFFFFFFFFFFFAB
:10660000FFFFFFFFFFFFFFFFFFFFFFFFFFFFFFFF9A
:10661000FFFFFFFFFFFFFFFFFFFFFFFFFFFFFFFF8A
:10662000FFFFFFFFFFFFFFFFFFFFFFFFFFFFFFFF7A
:10663000FFFFFFFFFFFFFFFFFFFFFFFFFFFFFFFF6A
:10664000FFFFFFFFFFFFFFFFFFFFFFFFFFFFFFFF5A
:10665000FFFFFFFFFFFFFFFFFFFFFFFFFFFFFFFF4A
:10666000FFFFFFFFFFFFFFFFFFFFFFFFFFFFFFFF3A
:10667000FFFFFFFFFFFFFFFFFFFFFFFFFFFFFFFF2A
:10668000FFFFFFFFFFFFFFFFFFFFFFFFFFFFFFFF1A
:10669000FFFFFFFFFFFFFFFFFFFFFFFFFFFFFFFF0A
:1066A000FFFFFFFFFFFFFFFFFFFFFFFFFFFFFFFFFA
:1066B000FFFFFFFFFFFFFFFFFFFFFFFFFFFFFFFFEA
:1066C000FFFFFFFFFFFFFFFFFFFFFFFFFFFFFFFFDA
:1066D000FFFFFFFFFFFFFFFFFFFFFFFFFFFFFFFFCA
:1066E000FFFFFFFFFFFFFFFFFFFFFFFFFFFFFFFFBA
:1066F000FFFFFFFFFFFFFFFFFFFFFFFFFFFFFFFFAA
:10670000FFFFFFFFFFFFFFFFFFFFFFFFFFFFFFFF99
:10671000FFFFFFFFFFFFFFFFFFFFFFFFFFFFFFFF89
:10672000FFFFFFFFFFFFFFFFFFFFFFFFFFFFFFFF79
:10673000FFFFFFFFFFFFFFFFFFFFFFFFFFFFFFFF69
:10674000FFFFFFFFFFFFFFFFFFFFFFFFFFFFFFFF59
:10675000FFFFFFFFFFFFFFFFFFFFFFFFFFFFFFFF49
:10676000FFFFFFFFFFFFFFFFFFFFFFFFFFFFFFFF39
:10677000FFFFFFFFFFFFFFFFFFFFFFFFFFFFFFFF29
:10678000FFFFFFFFFFFFFFFFFFFFFFFFFFFFFFFF19
:10679000FFFFFFFFFFFFFFFFFFFFFFFFFFFFFFFF09
:1067A000FFFFFFFFFFFFFFFFFFFFFFFFFFFFFFFFF9
:1067B000FFFFFFFFFFFFFFFFFFFFFFFFFFFFFFFFE9
:1067C000FFFFFFFFFFFFFFFFFFFFFFFFFFFFFFFFD9
:1067D000FFFFFFFFFFFFFFFFFFFFFFFFFFFFFFFFC9
:1067E000FFFFFFFFFFFFFFFFFFFFFFFFFFFFFFFFB9
:1067F000FFFFFFFFFFFFFFFFFFFFFFFFFFFFFFFFA9
:10680000FFFFFFFFFFFFFFFFFFFFFFFFFFFFFFFF98
:10681000FFFFFFFFFFFFFFFFFFFFFFFFFFFFFFFF88
:10682000FFFFFFFFFFFFFFFFFFFFFFFFFFFFFFFF78
:10683000FFFFFFFFFFFFFFFFFFFFFFFFFFFFFFFF68
:10684000FFFFFFFFFFFFFFFFFFFFFFFFFFFFFFFF58
:10685000FFFFFFFFFFFFFFFFFFFFFFFFFFFFFFFF48
:10686000FFFFFFFFFFFFFFFFFFFFFFFFFFFFFFFF38
:10687000FFFFFFFFFFFFFFFFFFFFFFFFFFFFFFFF28
:10688000FFFFFFFFFFFFFFFFFFFFFFFFFFFFFFFF18
:10689000FFFFFFFFFFFFFFFFFFFFFFFFFFFFFFFF08
:1068A000FFFFFFFFFFFFFFFFFFFFFFFFFFFFFFFFF8
:1068B000FFFFFFFFFFFFFFFFFFFFFFFFFFFFFFFFE8
:1068C000FFFFFFFFFFFFFFFFFFFFFFFFFFFFFFFFD8
:1068D000FFFFFFFFFFFFFFFFFFFFFFFFFFFFFFFFC8
:1068E000FFFFFFFFFFFFFFFFFFFFFFFFFFFFFFFFB8
:1068F000FFFFFFFFFFFFFFFFFFFFFFFFFFFFFFFFA8
:10690000FFFFFFFFFFFFFFFFFFFFFFFFFFFFFFFF97
:10691000FFFFFFFFFFFFFFFFFFFFFFFFFFFFFFFF87
:10692000FFFFFFFFFFFFFFFFFFFFFFFFFFFFFFFF77
:10693000FFFFFFFFFFFFFFFFFFFFFFFFFFFFFFFF67
:10694000FFFFFFFFFFFFFFFFFFFFFFFFFFFFFFFF57
:10695000FFFFFFFFFFFFFFFFFFFFFFFFFFFFFFFF47
:10696000FFFFFFFFFFFFFFFFFFFFFFFFFFFFFFFF37
:10697000FFFFFFFFFFFFFFFFFFFFFFFFFFFFFFFF27
:10698000FFFFFFFFFFFFFFFFFFFFFFFFFFFFFFFF17
:10699000FFFFFFFFFFFFFFFFFFFFFFFFFFFFFFFF07
:1069A000FFFFFFFFFFFFFFFFFFFFFFFFFFFFFFFFF7
:1069B000FFFFFFFFFFFFFFFFFFFFFFFFFFFFFFFFE7
:1069C000FFFFFFFFFFFFFFFFFFFFFFFFFFFFFFFFD7
:1069D000FFFFFFFFFFFFFFFFFFFFFFFFFFFFFFFFC7
:1069E000FFFFFFFFFFFFFFFFFFFFFFFFFFFFFFFFB7
:1069F000FFFFFFFFFFFFFFFFFFFFFFFFFFFFFFFFA7
:106A0000FFFFFFFFFFFFFFFFFFFFFFFFFFFFFFFF96
:106A1000FFFFFFFFFFFFFFFFFFFFFFFFFFFFFFFF86
:106A2000FFFFFFFFFFFFFFFFFFFFFFFFFFFFFFFF76
:106A3000FFFFFFFFFFFFFFFFFFFFFFFFFFFFFFFF66
:106A4000FFFFFFFFFFFFFFFFFFFFFFFFFFFFFFFF56
:106A5000FFFFFFFFFFFFFFFFFFFFFFFFFFFFFFFF46
:106A6000FFFFFFFFFFFFFFFFFFFFFFFFFFFFFFFF36
:106A7000FFFFFFFFFFFFFFFFFFFFFFFFFFFFFFFF26
:106A8000FFFFFFFFFFFFFFFFFFFFFFFFFFFFFFFF16
:106A9000FFFFFFFFFFFFFFFFFFFFFFFFFFFFFFFF06
:106AA000FFFFFFFFFFFFFFFFFFFFFFFFFFFFFFFFF6
:106AB000FFFFFFFFFFFFFFFFFFFFFFFFFFFFFFFFE6
:106AC000FFFFFFFFFFFFFFFFFFFFFFFFFFFFFFFFD6
:106AD000FFFFFFFFFFFFFFFFFFFFFFFFFFFFFFFFC6
:106AE000FFFFFFFFFFFFFFFFFFFFFFFFFFFFFFFFB6
:106AF000FFFFFFFFFFFFFFFFFFFFFFFFFFFFFFFFA6
:106B0000FFFFFFFFFFFFFFFFFFFFFFFFFFFFFFFF95
:106B1000FFFFFFFFFFFFFFFFFFFFFFFFFFFFFFFF85
:106B2000FFFFFFFFFFFFFFFFFFFFFFFFFFFFFFFF75
:106B3000FFFFFFFFFFFFFFFFFFFFFFFFFFFFFFFF65
:106B4000FFFFFFFFFFFFFFFFFFFFFFFFFFFFFFFF55
:106B5000FFFFFFFFFFFFFFFFFFFFFFFFFFFFFFFF45
:106B6000FFFFFFFFFFFFFFFFFFFFFFFFFFFFFFFF35
:106B7000FFFFFFFFFFFFFFFFFFFFFFFFFFFFFFFF25
:106B8000FFFFFFFFFFFFFFFFFFFFFFFFFFFFFFFF15
:106B9000FFFFFFFFFFFFFFFFFFFFFFFFFFFFFFFF05
:106BA000FFFFFFFFFFFFFFFFFFFFFFFFFFFFFFFFF5
:106BB000FFFFFFFFFFFFFFFFFFFFFFFFFFFFFFFFE5
:106BC000FFFFFFFFFFFFFFFFFFFFFFFFFFFFFFFFD5
:106BD000FFFFFFFFFFFFFFFFFFFFFFFFFFFFFFFFC5
:106BE000FFFFFFFFFFFFFFFFFFFFFFFFFFFFFFFFB5
:106BF000FFFFFFFFFFFFFFFFFFFFFFFFFFFFFFFFA5
:106C0000FFFFFFFFFFFFFFFFFFFFFFFFFFFFFFFF94
:106C1000FFFFFFFFFFFFFFFFFFFFFFFFFFFFFFFF84
:106C2000FFFFFFFFFFFFFFFFFFFFFFFFFFFFFFFF74
:106C3000FFFFFFFFFFFFFFFFFFFFFFFFFFFFFFFF64
:106C4000FFFFFFFFFFFFFFFFFFFFFFFFFFFFFFFF54
:106C5000FFFFFFFFFFFFFFFFFFFFFFFFFFFFFFFF44
:106C6000FFFFFFFFFFFFFFFFFFFFFFFFFFFFFFFF34
:106C7000FFFFFFFFFFFFFFFFFFFFFFFFFFFFFFFF24
:106C8000FFFFFFFFFFFFFFFFFFFFFFFFFFFFFFFF14
:106C9000FFFFFFFFFFFFFFFFFFFFFFFFFFFFFFFF04
:106CA000FFFFFFFFFFFFFFFFFFFFFFFFFFFFFFFFF4
:106CB000FFFFFFFFFFFFFFFFFFFFFFFFFFFFFFFFE4
:106CC000FFFFFFFFFFFFFFFFFFFFFFFFFFFFFFFFD4
:106CD000FFFFFFFFFFFFFFFFFFFFFFFFFFFFFFFFC4
:106CE000FFFFFFFFFFFFFFFFFFFFFFFFFFFFFFFFB4
:106CF000FFFFFFFFFFFFFFFFFFFFFFFFFFFFFFFFA4
:106D0000FFFFFFFFFFFFFFFFFFFFFFFFFFFFFFFF93
:106D1000FFFFFFFFFFFFFFFFFFFFFFFFFFFFFFFF83
:106D2000FFFFFFFFFFFFFFFFFFFFFFFFFFFFFFFF73
:106D3000FFFFFFFFFFFFFFFFFFFFFFFFFFFFFFFF63
:106D4000FFFFFFFFFFFFFFFFFFFFFFFFFFFFFFFF53
:106D5000FFFFFFFFFFFFFFFFFFFFFFFFFFFFFFFF43
:106D6000FFFFFFFFFFFFFFFFFFFFFFFFFFFFFFFF33
:106D7000FFFFFFFFFFFFFFFFFFFFFFFFFFFFFFFF23
:106D8000FFFFFFFFFFFFFFFFFFFFFFFFFFFFFFFF13
:106D9000FFFFFFFFFFFFFFFFFFFFFFFFFFFFFFFF03
:106DA000FFFFFFFFFFFFFFFFFFFFFFFFFFFFFFFFF3
:106DB000FFFFFFFFFFFFFFFFFFFFFFFFFFFFFFFFE3
:106DC000FFFFFFFFFFFFFFFFFFFFFFFFFFFFFFFFD3
:106DD000FFFFFFFFFFFFFFFFFFFFFFFFFFFFFFFFC3
:106DE000FFFFFFFFFFFFFFFFFFFFFFFFFFFFFFFFB3
:106DF000FFFFFFFFFFFFFFFFFFFFFFFFFFFFFFFFA3
:106E0000FFFFFFFFFFFFFFFFFFFFFFFFFFFFFFFF92
:106E1000FFFFFFFFFFFFFFFFFFFFFFFFFFFFFFFF82
:106E2000FFFFFFFFFFFFFFFFFFFFFFFFFFFFFFFF72
:106E3000FFFFFFFFFFFFFFFFFFFFFFFFFFFFFFFF62
:106E4000FFFFFFFFFFFFFFFFFFFFFFFFFFFFFFFF52
:106E5000FFFFFFFFFFFFFFFFFFFFFFFFFFFFFFFF42
:106E6000FFFFFFFFFFFFFFFFFFFFFFFFFFFFFFFF32
:106E7000FFFFFFFFFFFFFFFFFFFFFFFFFFFFFFFF22
:106E8000FFFFFFFFFFFFFFFFFFFFFFFFFFFFFFFF12
:106E9000FFFFFFFFFFFFFFFFFFFFFFFFFFFFFFFF02
:106EA000FFFFFFFFFFFFFFFFFFFFFFFFFFFFFFFFF2
:106EB000FFFFFFFFFFFFFFFFFFFFFFFFFFFFFFFFE2
:106EC000FFFFFFFFFFFFFFFFFFFFFFFFFFFFFFFFD2
:106ED000FFFFFFFFFFFFFFFFFFFFFFFFFFFFFFFFC2
:106EE000FFFFFFFFFFFFFFFFFFFFFFFFFFFFFFFFB2
:106EF000FFFFFFFFFFFFFFFFFFFFFFFFFFFFFFFFA2
:106F0000FFFFFFFFFFFFFFFFFFFFFFFFFFFFFFFF91
:106F1000FFFFFFFFFFFFFFFFFFFFFFFFFFFFFFFF81
:106F2000FFFFFFFFFFFFFFFFFFFFFFFFFFFFFFFF71
:106F3000FFFFFFFFFFFFFFFFFFFFFFFFFFFFFFFF61
:106F4000FFFFFFFFFFFFFFFFFFFFFFFFFFFFFFFF51
:106F5000FFFFFFFFFFFFFFFFFFFFFFFFFFFFFFFF41
:106F6000FFFFFFFFFFFFFFFFFFFFFFFFFFFFFFFF31
:106F7000FFFFFFFFFFFFFFFFFFFFFFFFFFFFFFFF21
:106F8000FFFFFFFFFFFFFFFFFFFFFFFFFFFFFFFF11
:106F9000FFFFFFFFFFFFFFFFFFFFFFFFFFFFFFFF01
:106FA000FFFFFFFFFFFFFFFFFFFFFFFFFFFFFFFFF1
:106FB000FFFFFFFFFFFFFFFFFFFFFFFFFFFFFFFFE1
:106FC000FFFFFFFFFFFFFFFFFFFFFFFFFFFFFFFFD1
:106FD000FFFFFFFFFFFFFFFFFFFFFFFFFFFFFFFFC1
:106FE000FFFFFFFFFFFFFFFFFFFFFFFFFFFFFFFFB1
:106FF000FFFFFFFFFFFFFFFFFFFFFFFFFFFFFFFFA1
:10700000FFFFFFFFFFFFFFFFFFFFFFFFFFFFFFFF90
:10701000FFFFFFFFFFFFFFFFFFFFFFFFFFFFFFFF80
:10702000FFFFFFFFFFFFFFFFFFFFFFFFFFFFFFFF70
:10703000FFFFFFFFFFFFFFFFFFFFFFFFFFFFFFFF60
:10704000FFFFFFFFFFFFFFFFFFFFFFFFFFFFFFFF50
:10705000FFFFFFFFFFFFFFFFFFFFFFFFFFFFFFFF40
:10706000FFFFFFFFFFFFFFFFFFFFFFFFFFFFFFFF30
:10707000FFFFFFFFFFFFFFFFFFFFFFFFFFFFFFFF20
:10708000FFFFFFFFFFFFFFFFFFFFFFFFFFFFFFFF10
:10709000FFFFFFFFFFFFFFFFFFFFFFFFFFFFFFFF00
:1070A000FFFFFFFFFFFFFFFFFFFFFFFFFFFFFFFFF0
:1070B000FFFFFFFFFFFFFFFFFFFFFFFFFFFFFFFFE0
:1070C000FFFFFFFFFFFFFFFFFFFFFFFFFFFFFFFFD0
:1070D000FFFFFFFFFFFFFFFFFFFFFFFFFFFFFFFFC0
:1070E000FFFFFFFFFFFFFFFFFFFFFFFFFFFFFFFFB0
:1070F000FFFFFFFFFFFFFFFFFFFFFFFFFFFFFFFFA0
:10710000FFFFFFFFFFFFFFFFFFFFFFFFFFFFFFFF8F
:10711000FFFFFFFFFFFFFFFFFFFFFFFFFFFFFFFF7F
:10712000FFFFFFFFFFFFFFFFFFFFFFFFFFFFFFFF6F
:10713000FFFFFFFFFFFFFFFFFFFFFFFFFFFFFFFF5F
:10714000FFFFFFFFFFFFFFFFFFFFFFFFFFFFFFFF4F
:10715000FFFFFFFFFFFFFFFFFFFFFFFFFFFFFFFF3F
:10716000FFFFFFFFFFFFFFFFFFFFFFFFFFFFFFFF2F
:10717000FFFFFFFFFFFFFFFFFFFFFFFFFFFFFFFF1F
:10718000FFFFFFFFFFFFFFFFFFFFFFFFFFFFFFFF0F
:10719000FFFFFFFFFFFFFFFFFFFFFFFFFFFFFFFFFF
:1071A000FFFFFFFFFFFFFFFFFFFFFFFFFFFFFFFFEF
:1071B000FFFFFFFFFFFFFFFFFFFFFFFFFFFFFFFFDF
:1071C000FFFFFFFFFFFFFFFFFFFFFFFFFFFFFFFFCF
:1071D000FFFFFFFFFFFFFFFFFFFFFFFFFFFFFFFFBF
:1071E000FFFFFFFFFFFFFFFFFFFFFFFFFFFFFFFFAF
:1071F000FFFFFFFFFFFFFFFFFFFFFFFFFFFFFFFF9F
:10720000FFFFFFFFFFFFFFFFFFFFFFFFFFFFFFFF8E
:10721000FFFFFFFFFFFFFFFFFFFFFFFFFFFFFFFF7E
:10722000FFFFFFFFFFFFFFFFFFFFFFFFFFFFFFFF6E
:10723000FFFFFFFFFFFFFFFFFFFFFFFFFFFFFFFF5E
:10724000FFFFFFFFFFFFFFFFFFFFFFFFFFFFFFFF4E
:10725000FFFFFFFFFFFFFFFFFFFFFFFFFFFFFFFF3E
:10726000FFFFFFFFFFFFFFFFFFFFFFFFFFFFFFFF2E
:10727000FFFFFFFFFFFFFFFFFFFFFFFFFFFFFFFF1E
:10728000FFFFFFFFFFFFFFFFFFFFFFFFFFFFFFFF0E
:10729000FFFFFFFFFFFFFFFFFFFFFFFFFFFFFFFFFE
:1072A000FFFFFFFFFFFFFFFFFFFFFFFFFFFFFFFFEE
:1072B000FFFFFFFFFFFFFFFFFFFFFFFFFFFFFFFFDE
:1072C000FFFFFFFFFFFFFFFFFFFFFFFFFFFFFFFFCE
:1072D000FFFFFFFFFFFFFFFFFFFFFFFFFFFFFFFFBE
:1072E000FFFFFFFFFFFFFFFFFFFFFFFFFFFFFFFFAE
:1072F000FFFFFFFFFFFFFFFFFFFFFFFFFFFFFFFF9E
:10730000FFFFFFFFFFFFFFFFFFFFFFFFFFFFFFFF8D
:10731000FFFFFFFFFFFFFFFFFFFFFFFFFFFFFFFF7D
:10732000FFFFFFFFFFFFFFFFFFFFFFFFFFFFFFFF6D
:10733000FFFFFFFFFFFFFFFFFFFFFFFFFFFFFFFF5D
:10734000FFFFFFFFFFFFFFFFFFFFFFFFFFFFFFFF4D
:10735000FFFFFFFFFFFFFFFFFFFFFFFFFFFFFFFF3D
:10736000FFFFFFFFFFFFFFFFFFFFFFFFFFFFFFFF2D
:10737000FFFFFFFFFFFFFFFFFFFFFFFFFFFFFFFF1D
:10738000FFFFFFFFFFFFFFFFFFFFFFFFFFFFFFFF0D
:10739000FFFFFFFFFFFFFFFFFFFFFFFFFFFFFFFFFD
:1073A000FFFFFFFFFFFFFFFFFFFFFFFFFFFFFFFFED
:1073B000FFFFFFFFFFFFFFFFFFFFFFFFFFFFFFFFDD
:1073C000FFFFFFFFFFFFFFFFFFFFFFFFFFFFFFFFCD
:1073D000FFFFFFFFFFFFFFFFFFFFFFFFFFFFFFFFBD
:1073E000FFFFFFFFFFFFFFFFFFFFFFFFFFFFFFFFAD
:1073F000FFFFFFFFFFFFFFFFFFFFFFFFFFFFFFFF9D
:10740000FFFFFFFFFFFFFFFFFFFFFFFFFFFFFFFF8C
:10741000FFFFFFFFFFFFFFFFFFFFFFFFFFFFFFFF7C
:10742000FFFFFFFFFFFFFFFFFFFFFFFFFFFFFFFF6C
:10743000FFFFFFFFFFFFFFFFFFFFFFFFFFFFFFFF5C
:10744000FFFFFFFFFFFFFFFFFFFFFFFFFFFFFFFF4C
:10745000FFFFFFFFFFFFFFFFFFFFFFFFFFFFFFFF3C
:10746000FFFFFFFFFFFFFFFFFFFFFFFFFFFFFFFF2C
:10747000FFFFFFFFFFFFFFFFFFFFFFFFFFFFFFFF1C
:10748000FFFFFFFFFFFFFFFFFFFFFFFFFFFFFFFF0C
:10749000FFFFFFFFFFFFFFFFFFFFFFFFFFFFFFFFFC
:1074A000FFFFFFFFFFFFFFFFFFFFFFFFFFFFFFFFEC
:1074B000FFFFFFFFFFFFFFFFFFFFFFFFFFFFFFFFDC
:1074C000FFFFFFFFFFFFFFFFFFFFFFFFFFFFFFFFCC
:1074D000FFFFFFFFFFFFFFFFFFFFFFFFFFFFFFFFBC
:1074E000FFFFFFFFFFFFFFFFFFFFFFFFFFFFFFFFAC
:1074F000FFFFFFFFFFFFFFFFFFFFFFFFFFFFFFFF9C
:10750000FFFFFFFFFFFFFFFFFFFFFFFFFFFFFFFF8B
:10751000FFFFFFFFFFFFFFFFFFFFFFFFFFFFFFFF7B
:10752000FFFFFFFFFFFFFFFFFFFFFFFFFFFFFFFF6B
:10753000FFFFFFFFFFFFFFFFFFFFFFFFFFFFFFFF5B
:10754000FFFFFFFFFFFFFFFFFFFFFFFFFFFFFFFF4B
:10755000FFFFFFFFFFFFFFFFFFFFFFFFFFFFFFFF3B
:10756000FFFFFFFFFFFFFFFFFFFFFFFFFFFFFFFF2B
:10757000FFFFFFFFFFFFFFFFFFFFFFFFFFFFFFFF1B
:10758000FFFFFFFFFFFFFFFFFFFFFFFFFFFFFFFF0B
:10759000FFFFFFFFFFFFFFFFFFFFFFFFFFFFFFFFFB
:1075A000FFFFFFFFFFFFFFFFFFFFFFFFFFFFFFFFEB
:1075B000FFFFFFFFFFFFFFFFFFFFFFFFFFFFFFFFDB
:1075C000FFFFFFFFFFFFFFFFFFFFFFFFFFFFFFFFCB
:1075D000FFFFFFFFFFFFFFFFFFFFFFFFFFFFFFFFBB
:1075E000FFFFFFFFFFFFFFFFFFFFFFFFFFFFFFFFAB
:1075F000FFFFFFFFFFFFFFFFFFFFFFFFFFFFFFFF9B
:10760000FFFFFFFFFFFFFFFFFFFFFFFFFFFFFFFF8A
:10761000FFFFFFFFFFFFFFFFFFFFFFFFFFFFFFFF7A
:10762000FFFFFFFFFFFFFFFFFFFFFFFFFFFFFFFF6A
:10763000FFFFFFFFFFFFFFFFFFFFFFFFFFFFFFFF5A
:10764000FFFFFFFFFFFFFFFFFFFFFFFFFFFFFFFF4A
:10765000FFFFFFFFFFFFFFFFFFFFFFFFFFFFFFFF3A
:10766000FFFFFFFFFFFFFFFFFFFFFFFFFFFFFFFF2A
:10767000FFFFFFFFFFFFFFFFFFFFFFFFFFFFFFFF1A
:10768000FFFFFFFFFFFFFFFFFFFFFFFFFFFFFFFF0A
:10769000FFFFFFFFFFFFFFFFFFFFFFFFFFFFFFFFFA
:1076A000FFFFFFFFFFFFFFFFFFFFFFFFFFFFFFFFEA
:1076B000FFFFFFFFFFFFFFFFFFFFFFFFFFFFFFFFDA
:1076C000FFFFFFFFFFFFFFFFFFFFFFFFFFFFFFFFCA
:1076D000FFFFFFFFFFFFFFFFFFFFFFFFFFFFFFFFBA
:1076E000FFFFFFFFFFFFFFFFFFFFFFFFFFFFFFFFAA
:1076F000FFFFFFFFFFFFFFFFFFFFFFFFFFFFFFFF9A
:10770000FFFFFFFFFFFFFFFFFFFFFFFFFFFFFFFF89
:10771000FFFFFFFFFFFFFFFFFFFFFFFFFFFFFFFF79
:10772000FFFFFFFFFFFFFFFFFFFFFFFFFFFFFFFF69
:10773000FFFFFFFFFFFFFFFFFFFFFFFFFFFFFFFF59
:10774000FFFFFFFFFFFFFFFFFFFFFFFFFFFFFFFF49
:10775000FFFFFFFFFFFFFFFFFFFFFFFFFFFFFFFF39
:10776000FFFFFFFFFFFFFFFFFFFFFFFFFFFFFFFF29
:10777000FFFFFFFFFFFFFFFFFFFFFFFFFFFFFFFF19
:10778000FFFFFFFFFFFFFFFFFFFFFFFFFFFFFFFF09
:10779000FFFFFFFFFFFFFFFFFFFFFFFFFFFFFFFFF9
:1077A000FFFFFFFFFFFFFFFFFFFFFFFFFFFFFFFFE9
:1077B000FFFFFFFFFFFFFFFFFFFFFFFFFFFFFFFFD9
:1077C000FFFFFFFFFFFFFFFFFFFFFFFFFFFFFFFFC9
:1077D000FFFFFFFFFFFFFFFFFFFFFFFFFFFFFFFFB9
:1077E000FFFFFFFFFFFFFFFFFFFFFFFFFFFFFFFFA9
:1077F000FFFFFFFFFFFFFFFFFFFFFFFFFFFFFFFF99
:10780000FFFFFFFFFFFFFFFFFFFFFFFFFFFFFFFF88
:10781000FFFFFFFFFFFFFFFFFFFFFFFFFFFFFFFF78
:10782000FFFFFFFFFFFFFFFFFFFFFFFFFFFFFFFF68
:10783000FFFFFFFFFFFFFFFFFFFFFFFFFFFFFFFF58
:10784000FFFFFFFFFFFFFFFFFFFFFFFFFFFFFFFF48
:10785000FFFFFFFFFFFFFFFFFFFFFFFFFFFFFFFF38
:10786000FFFFFFFFFFFFFFFFFFFFFFFFFFFFFFFF28
:10787000FFFFFFFFFFFFFFFFFFFFFFFFFFFFFFFF18
:10788000FFFFFFFFFFFFFFFFFFFFFFFFFFFFFFFF08
:10789000FFFFFFFFFFFFFFFFFFFFFFFFFFFFFFFFF8
:1078A000FFFFFFFFFFFFFFFFFFFFFFFFFFFFFFFFE8
:1078B000FFFFFFFFFFFFFFFFFFFFFFFFFFFFFFFFD8
:1078C000FFFFFFFFFFFFFFFFFFFFFFFFFFFFFFFFC8
:1078D000FFFFFFFFFFFFFFFFFFFFFFFFFFFFFFFFB8
:1078E000FFFFFFFFFFFFFFFFFFFFFFFFFFFFFFFFA8
:1078F000FFFFFFFFFFFFFFFFFFFFFFFFFFFFFFFF98
:10790000FFFFFFFFFFFFFFFFFFFFFFFFFFFFFFFF87
:10791000FFFFFFFFFFFFFFFFFFFFFFFFFFFFFFFF77
:10792000FFFFFFFFFFFFFFFFFFFFFFFFFFFFFFFF67
:10793000FFFFFFFFFFFFFFFFFFFFFFFFFFFFFFFF57
:10794000FFFFFFFFFFFFFFFFFFFFFFFFFFFFFFFF47
:10795000FFFFFFFFFFFFFFFFFFFFFFFFFFFFFFFF37
:10796000FFFFFFFFFFFFFFFFFFFFFFFFFFFFFFFF27
:10797000FFFFFFFFFFFFFFFFFFFFFFFFFFFFFFFF17
:10798000FFFFFFFFFFFFFFFFFFFFFFFFFFFFFFFF07
:10799000FFFFFFFFFFFFFFFFFFFFFFFFFFFFFFFFF7
:1079A000FFFFFFFFFFFFFFFFFFFFFFFFFFFFFFFFE7
:1079B000FFFFFFFFFFFFFFFFFFFFFFFFFFFFFFFFD7
:1079C000FFFFFFFFFFFFFFFFFFFFFFFFFFFFFFFFC7
:1079D000FFFFFFFFFFFFFFFFFFFFFFFFFFFFFFFFB7
:1079E000FFFFFFFFFFFFFFFFFFFFFFFFFFFFFFFFA7
:1079F000FFFFFFFFFFFFFFFFFFFFFFFFFFFFFFFF97
:107A0000FFFFFFFFFFFFFFFFFFFFFFFFFFFFFFFF86
:107A1000FFFFFFFFFFFFFFFFFFFFFFFFFFFFFFFF76
:107A2000FFFFFFFFFFFFFFFFFFFFFFFFFFFFFFFF66
:107A3000FFFFFFFFFFFFFFFFFFFFFFFFFFFFFFFF56
:107A4000FFFFFFFFFFFFFFFFFFFFFFFFFFFFFFFF46
:107A5000FFFFFFFFFFFFFFFFFFFFFFFFFFFFFFFF36
:107A6000FFFFFFFFFFFFFFFFFFFFFFFFFFFFFFFF26
:107A7000FFFFFFFFFFFFFFFFFFFFFFFFFFFFFFFF16
:107A8000FFFFFFFFFFFFFFFFFFFFFFFFFFFFFFFF06
:107A9000FFFFFFFFFFFFFFFFFFFFFFFFFFFFFFFFF6
:107AA000FFFFFFFFFFFFFFFFFFFFFFFFFFFFFFFFE6
:107AB000FFFFFFFFFFFFFFFFFFFFFFFFFFFFFFFFD6
:107AC000FFFFFFFFFFFFFFFFFFFFFFFFFFFFFFFFC6
:107AD000FFFFFFFFFFFFFFFFFFFFFFFFFFFFFFFFB6
:107AE000FFFFFFFFFFFFFFFFFFFFFFFFFFFFFFFFA6
:107AF000FFFFFFFFFFFFFFFFFFFFFFFFFFFFFFFF96
:107B0000FFFFFFFFFFFFFFFFFFFFFFFFFFFFFFFF85
:107B1000FFFFFFFFFFFFFFFFFFFFFFFFFFFFFFFF75
:107B2000FFFFFFFFFFFFFFFFFFFFFFFFFFFFFFFF65
:107B3000FFFFFFFFFFFFFFFFFFFFFFFFFFFFFFFF55
:107B4000FFFFFFFFFFFFFFFFFFFFFFFFFFFFFFFF45
:107B5000FFFFFFFFFFFFFFFFFFFFFFFFFFFFFFFF35
:107B6000FFFFFFFFFFFFFFFFFFFFFFFFFFFFFFFF25
:107B7000FFFFFFFFFFFFFFFFFFFFFFFFFFFFFFFF15
:107B8000FFFFFFFFFFFFFFFFFFFFFFFFFFFFFFFF05
:107B9000FFFFFFFFFFFFFFFFFFFFFFFFFFFFFFFFF5
:107BA000FFFFFFFFFFFFFFFFFFFFFFFFFFFFFFFFE5
:107BB000FFFFFFFFFFFFFFFFFFFFFFFFFFFFFFFFD5
:107BC000FFFFFFFFFFFFFFFFFFFFFFFFFFFFFFFFC5
:107BD000FFFFFFFFFFFFFFFFFFFFFFFFFFFFFFFFB5
:107BE000FFFFFFFFFFFFFFFFFFFFFFFFFFFFFFFFA5
:107BF000FFFFFFFFFFFFFFFFFFFFFFFFFFFFFFFF95
:107C0000FFFFFFFFFFFFFFFFFFFFFFFFFFFFFFFF84
:107C1000FFFFFFFFFFFFFFFFFFFFFFFFFFFFFFFF74
:107C2000FFFFFFFFFFFFFFFFFFFFFFFFFFFFFFFF64
:107C3000FFFFFFFFFFFFFFFFFFFFFFFFFFFFFFFF54
:107C4000FFFFFFFFFFFFFFFFFFFFFFFFFFFFFFFF44
:107C5000FFFFFFFFFFFFFFFFFFFFFFFFFFFFFFFF34
:107C6000FFFFFFFFFFFFFFFFFFFFFFFFFFFFFFFF24
:107C7000FFFFFFFFFFFFFFFFFFFFFFFFFFFFFFFF14
:107C8000FFFFFFFFFFFFFFFFFFFFFFFFFFFFFFFF04
:107C9000FFFFFFFFFFFFFFFFFFFFFFFFFFFFFFFFF4
:107CA000FFFFFFFFFFFFFFFFFFFFFFFFFFFFFFFFE4
:107CB000FFFFFFFFFFFFFFFFFFFFFFFFFFFFFFFFD4
:107CC000FFFFFFFFFFFFFFFFFFFFFFFFFFFFFFFFC4
:107CD000FFFFFFFFFFFFFFFFFFFFFFFFFFFFFFFFB4
:107CE000FFFFFFFFFFFFFFFFFFFFFFFFFFFFFFFFA4
:107CF000FFFFFFFFFFFFFFFFFFFFFFFFFFFFFFFF94
:107D0000FFFFFFFFFFFFFFFFFFFFFFFFFFFFFFFF83
:107D1000FFFFFFFFFFFFFFFFFFFFFFFFFFFFFFFF73
:107D2000FFFFFFFFFFFFFFFFFFFFFFFFFFFFFFFF63
:107D3000FFFFFFFFFFFFFFFFFFFFFFFFFFFFFFFF53
:107D4000FFFFFFFFFFFFFFFFFFFFFFFFFFFFFFFF43
:107D5000FFFFFFFFFFFFFFFFFFFFFFFFFFFFFFFF33
:107D6000FFFFFFFFFFFFFFFFFFFFFFFFFFFFFFFF23
:107D7000FFFFFFFFFFFFFFFFFFFFFFFFFFFFFFFF13
:107D8000FFFFFFFFFFFFFFFFFFFFFFFFFFFFFFFF03
:107D9000FFFFFFFFFFFFFFFFFFFFFFFFFFFFFFFFF3
:107DA000FFFFFFFFFFFFFFFFFFFFFFFFFFFFFFFFE3
:107DB000FFFFFFFFFFFFFFFFFFFFFFFFFFFFFFFFD3
:107DC000FFFFFFFFFFFFFFFFFFFFFFFFFFFFFFFFC3
:107DD000FFFFFFFFFFFFFFFFFFFFFFFFFFFFFFFFB3
:107DE000FFFFFFFFFFFFFFFFFFFFFFFFFFFFFFFFA3
:107DF000FFFFFFFFFFFFFFFFFFFFFFFFFFFFFFFF93
:107E0000FFFFFFFFFFFFFFFFFFFFFFFFFFFFFFFF82
:107E1000FFFFFFFFFFFFFFFFFFFFFFFFFFFFFFFF72
:107E2000FFFFFFFFFFFFFFFFFFFFFFFFFFFFFFFF62
:107E3000FFFFFFFFFFFFFFFFFFFFFFFFFFFFFFFF52
:107E4000FFFFFFFFFFFFFFFFFFFFFFFFFFFFFFFF42
:107E5000FFFFFFFFFFFFFFFFFFFFFFFFFFFFFFFF32
:107E6000FFFFFFFFFFFFFFFFFFFFFFFFFFFFFFFF22
:107E7000FFFFFFFFFFFFFFFFFFFFFFFFFFFFFFFF12
:107E8000FFFFFFFFFFFFFFFFFFFFFFFFFFFFFFFF02
:107E9000FFFFFFFFFFFFFFFFFFFFFFFFFFFFFFFFF2
:107EA000FFFFFFFFFFFFFFFFFFFFFFFFFFFFFFFFE2
:107EB000FFFFFFFFFFFFFFFFFFFFFFFFFFFFFFFFD2
:107EC000FFFFFFFFFFFFFFFFFFFFFFFFFFFFFFFFC2
:107ED000FFFFFFFFFFFFFFFFFFFFFFFFFFFFFFFFB2
:107EE000FFFFFFFFFFFFFFFFFFFFFFFFFFFFFFFFA2
:107EF000FFFFFFFFFFFFFFFFFFFFFFFFFFFFFFFF92
:107F0000FFFFFFFFFFFFFFFFFFFFFFFFFFFFFFFF81
:107F1000FFFFFFFFFFFFFFFFFFFFFFFFFFFFFFFF71
:107F2000FFFFFFFFFFFFFFFFFFFFFFFFFFFFFFFF61
:107F3000FFFFFFFFFFFFFFFFFFFFFFFFFFFFFFFF51
:107F4000FFFFFFFFFFFFFFFFFFFFFFFFFFFFFFFF41
:107F5000FFFFFFFFFFFFFFFFFFFFFFFFFFFFFFFF31
:107F6000FFFFFFFFFFFFFFFFFFFFFFFFFFFFFFFF21
:107F7000FFFFFFFFFFFFFFFFFFFFFFFFFFFFFFFF11
:107F8000FFFFFFFFFFFFFFFFFFFFFFFFFFFFFFFF01
:107F9000FFFFFFFFFFFFFFFFFFFFFFFFFFFFFFFFF1
:107FA000FFFFFFFFFFFFFFFFFFFFFFFFFFFFFFFFE1
:107FB000FFFFFFFFFFFFFFFFFFFFFFFFFFFFFFFFD1
:107FC000FFFFFFFFFFFFFFFFFFFFFFFFFFFFFFFFC1
:107FD000FFFFFFFFFFFFFFFFFFFFFFFFFFFFFFFFB1
:107FE000FFFFFFFFFFFFFFFFFFFFFFFFFFFFFFFFA1
:107FF000FFFFFFFFFFFFFFFFFFFFFFFFFFFFFFFF91
:10800000FFFFFFFFFFFFFFFFFFFFFFFFFFFFFFFF80
:10801000FFFFFFFFFFFFFFFFFFFFFFFFFFFFFFFF70
:10802000FFFFFFFFFFFFFFFFFFFFFFFFFFFFFFFF60
:10803000FFFFFFFFFFFFFFFFFFFFFFFFFFFFFFFF50
:10804000FFFFFFFFFFFFFFFFFFFFFFFFFFFFFFFF40
:10805000FFFFFFFFFFFFFFFFFFFFFFFFFFFFFFFF30
:10806000FFFFFFFFFFFFFFFFFFFFFFFFFFFFFFFF20
:10807000FFFFFFFFFFFFFFFFFFFFFFFFFFFFFFFF10
:10808000FFFFFFFFFFFFFFFFFFFFFFFFFFFFFFFF00
:10809000FFFFFFFFFFFFFFFFFFFFFFFFFFFFFFFFF0
:1080A000FFFFFFFFFFFFFFFFFFFFFFFFFFFFFFFFE0
:1080B000FFFFFFFFFFFFFFFFFFFFFFFFFFFFFFFFD0
:1080C000FFFFFFFFFFFFFFFFFFFFFFFFFFFFFFFFC0
:1080D000FFFFFFFFFFFFFFFFFFFFFFFFFFFFFFFFB0
:1080E000FFFFFFFFFFFFFFFFFFFFFFFFFFFFFFFFA0
:1080F000FFFFFFFFFFFFFFFFFFFFFFFFFFFFFFFF90
:10810000FFFFFFFFFFFFFFFFFFFFFFFFFFFFFFFF7F
:10811000FFFFFFFFFFFFFFFFFFFFFFFFFFFFFFFF6F
:10812000FFFFFFFFFFFFFFFFFFFFFFFFFFFFFFFF5F
:10813000FFFFFFFFFFFFFFFFFFFFFFFFFFFFFFFF4F
:10814000FFFFFFFFFFFFFFFFFFFFFFFFFFFFFFFF3F
:10815000FFFFFFFFFFFFFFFFFFFFFFFFFFFFFFFF2F
:10816000FFFFFFFFFFFFFFFFFFFFFFFFFFFFFFFF1F
:10817000FFFFFFFFFFFFFFFFFFFFFFFFFFFFFFFF0F
:10818000FFFFFFFFFFFFFFFFFFFFFFFFFFFFFFFFFF
:10819000FFFFFFFFFFFFFFFFFFFFFFFFFFFFFFFFEF
:1081A000FFFFFFFFFFFFFFFFFFFFFFFFFFFFFFFFDF
:1081B000FFFFFFFFFFFFFFFFFFFFFFFFFFFFFFFFCF
:1081C000FFFFFFFFFFFFFFFFFFFFFFFFFFFFFFFFBF
:1081D000FFFFFFFFFFFFFFFFFFFFFFFFFFFFFFFFAF
:1081E000FFFFFFFFFFFFFFFFFFFFFFFFFFFFFFFF9F
:1081F000FFFFFFFFFFFFFFFFFFFFFFFFFFFFFFFF8F
:10820000FFFFFFFFFFFFFFFFFFFFFFFFFFFFFFFF7E
:10821000FFFFFFFFFFFFFFFFFFFFFFFFFFFFFFFF6E
:10822000FFFFFFFFFFFFFFFFFFFFFFFFFFFFFFFF5E
:10823000FFFFFFFFFFFFFFFFFFFFFFFFFFFFFFFF4E
:10824000FFFFFFFFFFFFFFFFFFFFFFFFFFFFFFFF3E
:10825000FFFFFFFFFFFFFFFFFFFFFFFFFFFFFFFF2E
:10826000FFFFFFFFFFFFFFFFFFFFFFFFFFFFFFFF1E
:10827000FFFFFFFFFFFFFFFFFFFFFFFFFFFFFFFF0E
:10828000FFFFFFFFFFFFFFFFFFFFFFFFFFFFFFFFFE
:10829000FFFFFFFFFFFFFFFFFFFFFFFFFFFFFFFFEE
:1082A000FFFFFFFFFFFFFFFFFFFFFFFFFFFFFFFFDE
:1082B000FFFFFFFFFFFFFFFFFFFFFFFFFFFFFFFFCE
:1082C000FFFFFFFFFFFFFFFFFFFFFFFFFFFFFFFFBE
:1082D000FFFFFFFFFFFFFFFFFFFFFFFFFFFFFFFFAE
:1082E000FFFFFFFFFFFFFFFFFFFFFFFFFFFFFFFF9E
:1082F000FFFFFFFFFFFFFFFFFFFFFFFFFFFFFFFF8E
:10830000FFFFFFFFFFFFFFFFFFFFFFFFFFFFFFFF7D
:10831000FFFFFFFFFFFFFFFFFFFFFFFFFFFFFFFF6D
:10832000FFFFFFFFFFFFFFFFFFFFFFFFFFFFFFFF5D
:10833000FFFFFFFFFFFFFFFFFFFFFFFFFFFFFFFF4D
:10834000FFFFFFFFFFFFFFFFFFFFFFFFFFFFFFFF3D
:10835000FFFFFFFFFFFFFFFFFFFFFFFFFFFFFFFF2D
:10836000FFFFFFFFFFFFFFFFFFFFFFFFFFFFFFFF1D
:10837000FFFFFFFFFFFFFFFFFFFFFFFFFFFFFFFF0D
:10838000FFFFFFFFFFFFFFFFFFFFFFFFFFFFFFFFFD
:10839000FFFFFFFFFFFFFFFFFFFFFFFFFFFFFFFFED
:1083A000FFFFFFFFFFFFFFFFFFFFFFFFFFFFFFFFDD
:1083B000FFFFFFFFFFFFFFFFFFFFFFFFFFFFFFFFCD
:1083C000FFFFFFFFFFFFFFFFFFFFFFFFFFFFFFFFBD
:1083D000FFFFFFFFFFFFFFFFFFFFFFFFFFFFFFFFAD
:1083E000FFFFFFFFFFFFFFFFFFFFFFFFFFFFFFFF9D
:1083F000FFFFFFFFFFFFFFFFFFFFFFFFFFFFFFFF8D
:10840000FFFFFFFFFFFFFFFFFFFFFFFFFFFFFFFF7C
:10841000FFFFFFFFFFFFFFFFFFFFFFFFFFFFFFFF6C
:10842000FFFFFFFFFFFFFFFFFFFFFFFFFFFFFFFF5C
:10843000FFFFFFFFFFFFFFFFFFFFFFFFFFFFFFFF4C
:10844000FFFFFFFFFFFFFFFFFFFFFFFFFFFFFFFF3C
:10845000FFFFFFFFFFFFFFFFFFFFFFFFFFFFFFFF2C
:10846000FFFFFFFFFFFFFFFFFFFFFFFFFFFFFFFF1C
:10847000FFFFFFFFFFFFFFFFFFFFFFFFFFFFFFFF0C
:10848000FFFFFFFFFFFFFFFFFFFFFFFFFFFFFFFFFC
:10849000FFFFFFFFFFFFFFFFFFFFFFFFFFFFFFFFEC
:1084A000FFFFFFFFFFFFFFFFFFFFFFFFFFFFFFFFDC
:1084B000FFFFFFFFFFFFFFFFFFFFFFFFFFFFFFFFCC
:1084C000FFFFFFFFFFFFFFFFFFFFFFFFFFFFFFFFBC
:1084D000FFFFFFFFFFFFFFFFFFFFFFFFFFFFFFFFAC
:1084E000FFFFFFFFFFFFFFFFFFFFFFFFFFFFFFFF9C
:1084F000FFFFFFFFFFFFFFFFFFFFFFFFFFFFFFFF8C
:10850000FFFFFFFFFFFFFFFFFFFFFFFFFFFFFFFF7B
:10851000FFFFFFFFFFFFFFFFFFFFFFFFFFFFFFFF6B
:10852000FFFFFFFFFFFFFFFFFFFFFFFFFFFFFFFF5B
:10853000FFFFFFFFFFFFFFFFFFFFFFFFFFFFFFFF4B
:10854000FFFFFFFFFFFFFFFFFFFFFFFFFFFFFFFF3B
:10855000FFFFFFFFFFFFFFFFFFFFFFFFFFFFFFFF2B
:10856000FFFFFFFFFFFFFFFFFFFFFFFFFFFFFFFF1B
:10857000FFFFFFFFFFFFFFFFFFFFFFFFFFFFFFFF0B
:10858000FFFFFFFFFFFFFFFFFFFFFFFFFFFFFFFFFB
:10859000FFFFFFFFFFFFFFFFFFFFFFFFFFFFFFFFEB
:1085A000FFFFFFFFFFFFFFFFFFFFFFFFFFFFFFFFDB
:1085B000FFFFFFFFFFFFFFFFFFFFFFFFFFFFFFFFCB
:1085C000FFFFFFFFFFFFFFFFFFFFFFFFFFFFFFFFBB
:1085D000FFFFFFFFFFFFFFFFFFFFFFFFFFFFFFFFAB
:1085E000FFFFFFFFFFFFFFFFFFFFFFFFFFFFFFFF9B
:1085F000FFFFFFFFFFFFFFFFFFFFFFFFFFFFFFFF8B
:10860000FFFFFFFFFFFFFFFFFFFFFFFFFFFFFFFF7A
:10861000FFFFFFFFFFFFFFFFFFFFFFFFFFFFFFFF6A
:10862000FFFFFFFFFFFFFFFFFFFFFFFFFFFFFFFF5A
:10863000FFFFFFFFFFFFFFFFFFFFFFFFFFFFFFFF4A
:10864000FFFFFFFFFFFFFFFFFFFFFFFFFFFFFFFF3A
:10865000FFFFFFFFFFFFFFFFFFFFFFFFFFFFFFFF2A
:10866000FFFFFFFFFFFFFFFFFFFFFFFFFFFFFFFF1A
:10867000FFFFFFFFFFFFFFFFFFFFFFFFFFFFFFFF0A
:10868000FFFFFFFFFFFFFFFFFFFFFFFFFFFFFFFFFA
:10869000FFFFFFFFFFFFFFFFFFFFFFFFFFFFFFFFEA
:1086A000FFFFFFFFFFFFFFFFFFFFFFFFFFFFFFFFDA
:1086B000FFFFFFFFFFFFFFFFFFFFFFFFFFFFFFFFCA
:1086C000FFFFFFFFFFFFFFFFFFFFFFFFFFFFFFFFBA
:1086D000FFFFFFFFFFFFFFFFFFFFFFFFFFFFFFFFAA
:1086E000FFFFFFFFFFFFFFFFFFFFFFFFFFFFFFFF9A
:1086F000FFFFFFFFFFFFFFFFFFFFFFFFFFFFFFFF8A
:10870000FFFFFFFFFFFFFFFFFFFFFFFFFFFFFFFF79
:10871000FFFFFFFFFFFFFFFFFFFFFFFFFFFFFFFF69
:10872000FFFFFFFFFFFFFFFFFFFFFFFFFFFFFFFF59
:10873000FFFFFFFFFFFFFFFFFFFFFFFFFFFFFFFF49
:10874000FFFFFFFFFFFFFFFFFFFFFFFFFFFFFFFF39
:10875000FFFFFFFFFFFFFFFFFFFFFFFFFFFFFFFF29
:10876000FFFFFFFFFFFFFFFFFFFFFFFFFFFFFFFF19
:10877000FFFFFFFFFFFFFFFFFFFFFFFFFFFFFFFF09
:10878000FFFFFFFFFFFFFFFFFFFFFFFFFFFFFFFFF9
:10879000FFFFFFFFFFFFFFFFFFFFFFFFFFFFFFFFE9
:1087A000FFFFFFFFFFFFFFFFFFFFFFFFFFFFFFFFD9
:1087B000FFFFFFFFFFFFFFFFFFFFFFFFFFFFFFFFC9
:1087C000FFFFFFFFFFFFFFFFFFFFFFFFFFFFFFFFB9
:1087D000FFFFFFFFFFFFFFFFFFFFFFFFFFFFFFFFA9
:1087E000FFFFFFFFFFFFFFFFFFFFFFFFFFFFFFFF99
:1087F000FFFFFFFFFFFFFFFFFFFFFFFFFFFFFFFF89
:10880000FFFFFFFFFFFFFFFFFFFFFFFFFFFFFFFF78
:10881000FFFFFFFFFFFFFFFFFFFFFFFFFFFFFFFF68
:10882000FFFFFFFFFFFFFFFFFFFFFFFFFFFFFFFF58
:10883000FFFFFFFFFFFFFFFFFFFFFFFFFFFFFFFF48
:10884000FFFFFFFFFFFFFFFFFFFFFFFFFFFFFFFF38
:10885000FFFFFFFFFFFFFFFFFFFFFFFFFFFFFFFF28
:10886000FFFFFFFFFFFFFFFFFFFFFFFFFFFFFFFF18
:10887000FFFFFFFFFFFFFFFFFFFFFFFFFFFFFFFF08
:10888000FFFFFFFFFFFFFFFFFFFFFFFFFFFFFFFFF8
:10889000FFFFFFFFFFFFFFFFFFFFFFFFFFFFFFFFE8
:1088A000FFFFFFFFFFFFFFFFFFFFFFFFFFFFFFFFD8
:1088B000FFFFFFFFFFFFFFFFFFFFFFFFFFFFFFFFC8
:1088C000FFFFFFFFFFFFFFFFFFFFFFFFFFFFFFFFB8
:1088D000FFFFFFFFFFFFFFFFFFFFFFFFFFFFFFFFA8
:1088E000FFFFFFFFFFFFFFFFFFFFFFFFFFFFFFFF98
:1088F000FFFFFFFFFFFFFFFFFFFFFFFFFFFFFFFF88
:10890000FFFFFFFFFFFFFFFFFFFFFFFFFFFFFFFF77
:10891000FFFFFFFFFFFFFFFFFFFFFFFFFFFFFFFF67
:10892000FFFFFFFFFFFFFFFFFFFFFFFFFFFFFFFF57
:10893000FFFFFFFFFFFFFFFFFFFFFFFFFFFFFFFF47
:10894000FFFFFFFFFFFFFFFFFFFFFFFFFFFFFFFF37
:10895000FFFFFFFFFFFFFFFFFFFFFFFFFFFFFFFF27
:10896000FFFFFFFFFFFFFFFFFFFFFFFFFFFFFFFF17
:10897000FFFFFFFFFFFFFFFFFFFFFFFFFFFFFFFF07
:10898000FFFFFFFFFFFFFFFFFFFFFFFFFFFFFFFFF7
:10899000FFFFFFFFFFFFFFFFFFFFFFFFFFFFFFFFE7
:1089A000FFFFFFFFFFFFFFFFFFFFFFFFFFFFFFFFD7
:1089B000FFFFFFFFFFFFFFFFFFFFFFFFFFFFFFFFC7
:1089C000FFFFFFFFFFFFFFFFFFFFFFFFFFFFFFFFB7
:1089D000FFFFFFFFFFFFFFFFFFFFFFFFFFFFFFFFA7
:1089E000FFFFFFFFFFFFFFFFFFFFFFFFFFFFFFFF97
:1089F000FFFFFFFFFFFFFFFFFFFFFFFFFFFFFFFF87
:108A0000FFFFFFFFFFFFFFFFFFFFFFFFFFFFFFFF76
:108A1000FFFFFFFFFFFFFFFFFFFFFFFFFFFFFFFF66
:108A2000FFFFFFFFFFFFFFFFFFFFFFFFFFFFFFFF56
:108A3000FFFFFFFFFFFFFFFFFFFFFFFFFFFFFFFF46
:108A4000FFFFFFFFFFFFFFFFFFFFFFFFFFFFFFFF36
:108A5000FFFFFFFFFFFFFFFFFFFFFFFFFFFFFFFF26
:108A6000FFFFFFFFFFFFFFFFFFFFFFFFFFFFFFFF16
:108A7000FFFFFFFFFFFFFFFFFFFFFFFFFFFFFFFF06
:108A8000FFFFFFFFFFFFFFFFFFFFFFFFFFFFFFFFF6
:108A9000FFFFFFFFFFFFFFFFFFFFFFFFFFFFFFFFE6
:108AA000FFFFFFFFFFFFFFFFFFFFFFFFFFFFFFFFD6
:108AB000FFFFFFFFFFFFFFFFFFFFFFFFFFFFFFFFC6
:108AC000FFFFFFFFFFFFFFFFFFFFFFFFFFFFFFFFB6
:108AD000FFFFFFFFFFFFFFFFFFFFFFFFFFFFFFFFA6
:108AE000FFFFFFFFFFFFFFFFFFFFFFFFFFFFFFFF96
:108AF000FFFFFFFFFFFFFFFFFFFFFFFFFFFFFFFF86
:108B0000FFFFFFFFFFFFFFFFFFFFFFFFFFFFFFFF75
:108B1000FFFFFFFFFFFFFFFFFFFFFFFFFFFFFFFF65
:108B2000FFFFFFFFFFFFFFFFFFFFFFFFFFFFFFFF55
:108B3000FFFFFFFFFFFFFFFFFFFFFFFFFFFFFFFF45
:108B4000FFFFFFFFFFFFFFFFFFFFFFFFFFFFFFFF35
:108B5000FFFFFFFFFFFFFFFFFFFFFFFFFFFFFFFF25
:108B6000FFFFFFFFFFFFFFFFFFFFFFFFFFFFFFFF15
:108B7000FFFFFFFFFFFFFFFFFFFFFFFFFFFFFFFF05
:108B8000FFFFFFFFFFFFFFFFFFFFFFFFFFFFFFFFF5
:108B9000FFFFFFFFFFFFFFFFFFFFFFFFFFFFFFFFE5
:108BA000FFFFFFFFFFFFFFFFFFFFFFFFFFFFFFFFD5
:108BB000FFFFFFFFFFFFFFFFFFFFFFFFFFFFFFFFC5
:108BC000FFFFFFFFFFFFFFFFFFFFFFFFFFFFFFFFB5
:108BD000FFFFFFFFFFFFFFFFFFFFFFFFFFFFFFFFA5
:108BE000FFFFFFFFFFFFFFFFFFFFFFFFFFFFFFFF95
:108BF000FFFFFFFFFFFFFFFFFFFFFFFFFFFFFFFF85
:108C0000FFFFFFFFFFFFFFFFFFFFFFFFFFFFFFFF74
:108C1000FFFFFFFFFFFFFFFFFFFFFFFFFFFFFFFF64
:108C2000FFFFFFFFFFFFFFFFFFFFFFFFFFFFFFFF54
:108C3000FFFFFFFFFFFFFFFFFFFFFFFFFFFFFFFF44
:108C4000FFFFFFFFFFFFFFFFFFFFFFFFFFFFFFFF34
:108C5000FFFFFFFFFFFFFFFFFFFFFFFFFFFFFFFF24
:108C6000FFFFFFFFFFFFFFFFFFFFFFFFFFFFFFFF14
:108C7000FFFFFFFFFFFFFFFFFFFFFFFFFFFFFFFF04
:108C8000FFFFFFFFFFFFFFFFFFFFFFFFFFFFFFFFF4
:108C9000FFFFFFFFFFFFFFFFFFFFFFFFFFFFFFFFE4
:108CA000FFFFFFFFFFFFFFFFFFFFFFFFFFFFFFFFD4
:108CB000FFFFFFFFFFFFFFFFFFFFFFFFFFFFFFFFC4
:108CC000FFFFFFFFFFFFFFFFFFFFFFFFFFFFFFFFB4
:108CD000FFFFFFFFFFFFFFFFFFFFFFFFFFFFFFFFA4
:108CE000FFFFFFFFFFFFFFFFFFFFFFFFFFFFFFFF94
:108CF000FFFFFFFFFFFFFFFFFFFFFFFFFFFFFFFF84
:108D0000FFFFFFFFFFFFFFFFFFFFFFFFFFFFFFFF73
:108D1000FFFFFFFFFFFFFFFFFFFFFFFFFFFFFFFF63
:108D2000FFFFFFFFFFFFFFFFFFFFFFFFFFFFFFFF53
:108D3000FFFFFFFFFFFFFFFFFFFFFFFFFFFFFFFF43
:108D4000FFFFFFFFFFFFFFFFFFFFFFFFFFFFFFFF33
:108D5000FFFFFFFFFFFFFFFFFFFFFFFFFFFFFFFF23
:108D6000FFFFFFFFFFFFFFFFFFFFFFFFFFFFFFFF13
:108D7000FFFFFFFFFFFFFFFFFFFFFFFFFFFFFFFF03
:108D8000FFFFFFFFFFFFFFFFFFFFFFFFFFFFFFFFF3
:108D9000FFFFFFFFFFFFFFFFFFFFFFFFFFFFFFFFE3
:108DA000FFFFFFFFFFFFFFFFFFFFFFFFFFFFFFFFD3
:108DB000FFFFFFFFFFFFFFFFFFFFFFFFFFFFFFFFC3
:108DC000FFFFFFFFFFFFFFFFFFFFFFFFFFFFFFFFB3
:108DD000FFFFFFFFFFFFFFFFFFFFFFFFFFFFFFFFA3
:108DE000FFFFFFFFFFFFFFFFFFFFFFFFFFFFFFFF93
:108DF000FFFFFFFFFFFFFFFFFFFFFFFFFFFFFFFF83
:108E0000FFFFFFFFFFFFFFFFFFFFFFFFFFFFFFFF72
:108E1000FFFFFFFFFFFFFFFFFFFFFFFFFFFFFFFF62
:108E2000FFFFFFFFFFFFFFFFFFFFFFFFFFFFFFFF52
:108E3000FFFFFFFFFFFFFFFFFFFFFFFFFFFFFFFF42
:108E4000FFFFFFFFFFFFFFFFFFFFFFFFFFFFFFFF32
:108E5000FFFFFFFFFFFFFFFFFFFFFFFFFFFFFFFF22
:108E6000FFFFFFFFFFFFFFFFFFFFFFFFFFFFFFFF12
:108E7000FFFFFFFFFFFFFFFFFFFFFFFFFFFFFFFF02
:108E8000FFFFFFFFFFFFFFFFFFFFFFFFFFFFFFFFF2
:108E9000FFFFFFFFFFFFFFFFFFFFFFFFFFFFFFFFE2
:108EA000FFFFFFFFFFFFFFFFFFFFFFFFFFFFFFFFD2
:108EB000FFFFFFFFFFFFFFFFFFFFFFFFFFFFFFFFC2
:108EC000FFFFFFFFFFFFFFFFFFFFFFFFFFFFFFFFB2
:108ED000FFFFFFFFFFFFFFFFFFFFFFFFFFFFFFFFA2
:108EE000FFFFFFFFFFFFFFFFFFFFFFFFFFFFFFFF92
:108EF000FFFFFFFFFFFFFFFFFFFFFFFFFFFFFFFF82
:108F0000FFFFFFFFFFFFFFFFFFFFFFFFFFFFFFFF71
:108F1000FFFFFFFFFFFFFFFFFFFFFFFFFFFFFFFF61
:108F2000FFFFFFFFFFFFFFFFFFFFFFFFFFFFFFFF51
:108F3000FFFFFFFFFFFFFFFFFFFFFFFFFFFFFFFF41
:108F4000FFFFFFFFFFFFFFFFFFFFFFFFFFFFFFFF31
:108F5000FFFFFFFFFFFFFFFFFFFFFFFFFFFFFFFF21
:108F6000FFFFFFFFFFFFFFFFFFFFFFFFFFFFFFFF11
:108F7000FFFFFFFFFFFFFFFFFFFFFFFFFFFFFFFF01
:108F8000FFFFFFFFFFFFFFFFFFFFFFFFFFFFFFFFF1
:108F9000FFFFFFFFFFFFFFFFFFFFFFFFFFFFFFFFE1
:108FA000FFFFFFFFFFFFFFFFFFFFFFFFFFFFFFFFD1
:108FB000FFFFFFFFFFFFFFFFFFFFFFFFFFFFFFFFC1
:108FC000FFFFFFFFFFFFFFFFFFFFFFFFFFFFFFFFB1
:108FD000FFFFFFFFFFFFFFFFFFFFFFFFFFFFFFFFA1
:108FE000FFFFFFFFFFFFFFFFFFFFFFFFFFFFFFFF91
:108FF000FFFFFFFFFFFFFFFFFFFFFFFFFFFFFFFF81
:10900000FFFFFFFFFFFFFFFFFFFFFFFFFFFFFFFF70
:10901000FFFFFFFFFFFFFFFFFFFFFFFFFFFFFFFF60
:10902000FFFFFFFFFFFFFFFFFFFFFFFFFFFFFFFF50
:10903000FFFFFFFFFFFFFFFFFFFFFFFFFFFFFFFF40
:10904000FFFFFFFFFFFFFFFFFFFFFFFFFFFFFFFF30
:10905000FFFFFFFFFFFFFFFFFFFFFFFFFFFFFFFF20
:10906000FFFFFFFFFFFFFFFFFFFFFFFFFFFFFFFF10
:10907000FFFFFFFFFFFFFFFFFFFFFFFFFFFFFFFF00
:10908000FFFFFFFFFFFFFFFFFFFFFFFFFFFFFFFFF0
:10909000FFFFFFFFFFFFFFFFFFFFFFFFFFFFFFFFE0
:1090A000FFFFFFFFFFFFFFFFFFFFFFFFFFFFFFFFD0
:1090B000FFFFFFFFFFFFFFFFFFFFFFFFFFFFFFFFC0
:1090C000FFFFFFFFFFFFFFFFFFFFFFFFFFFFFFFFB0
:1090D000FFFFFFFFFFFFFFFFFFFFFFFFFFFFFFFFA0
:1090E000FFFFFFFFFFFFFFFFFFFFFFFFFFFFFFFF90
:1090F000FFFFFFFFFFFFFFFFFFFFFFFFFFFFFFFF80
:10910000FFFFFFFFFFFFFFFFFFFFFFFFFFFFFFFF6F
:10911000FFFFFFFFFFFFFFFFFFFFFFFFFFFFFFFF5F
:10912000FFFFFFFFFFFFFFFFFFFFFFFFFFFFFFFF4F
:10913000FFFFFFFFFFFFFFFFFFFFFFFFFFFFFFFF3F
:10914000FFFFFFFFFFFFFFFFFFFFFFFFFFFFFFFF2F
:10915000FFFFFFFFFFFFFFFFFFFFFFFFFFFFFFFF1F
:10916000FFFFFFFFFFFFFFFFFFFFFFFFFFFFFFFF0F
:10917000FFFFFFFFFFFFFFFFFFFFFFFFFFFFFFFFFF
:10918000FFFFFFFFFFFFFFFFFFFFFFFFFFFFFFFFEF
:10919000FFFFFFFFFFFFFFFFFFFFFFFFFFFFFFFFDF
:1091A000FFFFFFFFFFFFFFFFFFFFFFFFFFFFFFFFCF
:1091B000FFFFFFFFFFFFFFFFFFFFFFFFFFFFFFFFBF
:1091C000FFFFFFFFFFFFFFFFFFFFFFFFFFFFFFFFAF
:1091D000FFFFFFFFFFFFFFFFFFFFFFFFFFFFFFFF9F
:1091E000FFFFFFFFFFFFFFFFFFFFFFFFFFFFFFFF8F
:1091F000FFFFFFFFFFFFFFFFFFFFFFFFFFFFFFFF7F
:10920000FFFFFFFFFFFFFFFFFFFFFFFFFFFFFFFF6E
:10921000FFFFFFFFFFFFFFFFFFFFFFFFFFFFFFFF5E
:10922000FFFFFFFFFFFFFFFFFFFFFFFFFFFFFFFF4E
:10923000FFFFFFFFFFFFFFFFFFFFFFFFFFFFFFFF3E
:10924000FFFFFFFFFFFFFFFFFFFFFFFFFFFFFFFF2E
:10925000FFFFFFFFFFFFFFFFFFFFFFFFFFFFFFFF1E
:10926000FFFFFFFFFFFFFFFFFFFFFFFFFFFFFFFF0E
:10927000FFFFFFFFFFFFFFFFFFFFFFFFFFFFFFFFFE
:10928000FFFFFFFFFFFFFFFFFFFFFFFFFFFFFFFFEE
:10929000FFFFFFFFFFFFFFFFFFFFFFFFFFFFFFFFDE
:1092A000FFFFFFFFFFFFFFFFFFFFFFFFFFFFFFFFCE
:1092B000FFFFFFFFFFFFFFFFFFFFFFFFFFFFFFFFBE
:1092C000FFFFFFFFFFFFFFFFFFFFFFFFFFFFFFFFAE
:1092D000FFFFFFFFFFFFFFFFFFFFFFFFFFFFFFFF9E
:1092E000FFFFFFFFFFFFFFFFFFFFFFFFFFFFFFFF8E
:1092F000FFFFFFFFFFFFFFFFFFFFFFFFFFFFFFFF7E
:10930000FFFFFFFFFFFFFFFFFFFFFFFFFFFFFFFF6D
:10931000FFFFFFFFFFFFFFFFFFFFFFFFFFFFFFFF5D
:10932000FFFFFFFFFFFFFFFFFFFFFFFFFFFFFFFF4D
:10933000FFFFFFFFFFFFFFFFFFFFFFFFFFFFFFFF3D
:10934000FFFFFFFFFFFFFFFFFFFFFFFFFFFFFFFF2D
:10935000FFFFFFFFFFFFFFFFFFFFFFFFFFFFFFFF1D
:10936000FFFFFFFFFFFFFFFFFFFFFFFFFFFFFFFF0D
:10937000FFFFFFFFFFFFFFFFFFFFFFFFFFFFFFFFFD
:10938000FFFFFFFFFFFFFFFFFFFFFFFFFFFFFFFFED
:10939000FFFFFFFFFFFFFFFFFFFFFFFFFFFFFFFFDD
:1093A000FFFFFFFFFFFFFFFFFFFFFFFFFFFFFFFFCD
:1093B000FFFFFFFFFFFFFFFFFFFFFFFFFFFFFFFFBD
:1093C000FFFFFFFFFFFFFFFFFFFFFFFFFFFFFFFFAD
:1093D000FFFFFFFFFFFFFFFFFFFFFFFFFFFFFFFF9D
:1093E000FFFFFFFFFFFFFFFFFFFFFFFFFFFFFFFF8D
:1093F000FFFFFFFFFFFFFFFFFFFFFFFFFFFFFFFF7D
:10940000FFFFFFFFFFFFFFFFFFFFFFFFFFFFFFFF6C
:10941000FFFFFFFFFFFFFFFFFFFFFFFFFFFFFFFF5C
:10942000FFFFFFFFFFFFFFFFFFFFFFFFFFFFFFFF4C
:10943000FFFFFFFFFFFFFFFFFFFFFFFFFFFFFFFF3C
:10944000FFFFFFFFFFFFFFFFFFFFFFFFFFFFFFFF2C
:10945000FFFFFFFFFFFFFFFFFFFFFFFFFFFFFFFF1C
:10946000FFFFFFFFFFFFFFFFFFFFFFFFFFFFFFFF0C
:10947000FFFFFFFFFFFFFFFFFFFFFFFFFFFFFFFFFC
:10948000FFFFFFFFFFFFFFFFFFFFFFFFFFFFFFFFEC
:10949000FFFFFFFFFFFFFFFFFFFFFFFFFFFFFFFFDC
:1094A000FFFFFFFFFFFFFFFFFFFFFFFFFFFFFFFFCC
:1094B000FFFFFFFFFFFFFFFFFFFFFFFFFFFFFFFFBC
:1094C000FFFFFFFFFFFFFFFFFFFFFFFFFFFFFFFFAC
:1094D000FFFFFFFFFFFFFFFFFFFFFFFFFFFFFFFF9C
:1094E000FFFFFFFFFFFFFFFFFFFFFFFFFFFFFFFF8C
:1094F000FFFFFFFFFFFFFFFFFFFFFFFFFFFFFFFF7C
:10950000FFFFFFFFFFFFFFFFFFFFFFFFFFFFFFFF6B
:10951000FFFFFFFFFFFFFFFFFFFFFFFFFFFFFFFF5B
:10952000FFFFFFFFFFFFFFFFFFFFFFFFFFFFFFFF4B
:10953000FFFFFFFFFFFFFFFFFFFFFFFFFFFFFFFF3B
:10954000FFFFFFFFFFFFFFFFFFFFFFFFFFFFFFFF2B
:10955000FFFFFFFFFFFFFFFFFFFFFFFFFFFFFFFF1B
:10956000FFFFFFFFFFFFFFFFFFFFFFFFFFFFFFFF0B
:10957000FFFFFFFFFFFFFFFFFFFFFFFFFFFFFFFFFB
:10958000FFFFFFFFFFFFFFFFFFFFFFFFFFFFFFFFEB
:10959000FFFFFFFFFFFFFFFFFFFFFFFFFFFFFFFFDB
:1095A000FFFFFFFFFFFFFFFFFFFFFFFFFFFFFFFFCB
:1095B000FFFFFFFFFFFFFFFFFFFFFFFFFFFFFFFFBB
:1095C000FFFFFFFFFFFFFFFFFFFFFFFFFFFFFFFFAB
:1095D000FFFFFFFFFFFFFFFFFFFFFFFFFFFFFFFF9B
:1095E000FFFFFFFFFFFFFFFFFFFFFFFFFFFFFFFF8B
:1095F000FFFFFFFFFFFFFFFFFFFFFFFFFFFFFFFF7B
:10960000FFFFFFFFFFFFFFFFFFFFFFFFFFFFFFFF6A
:10961000FFFFFFFFFFFFFFFFFFFFFFFFFFFFFFFF5A
:10962000FFFFFFFFFFFFFFFFFFFFFFFFFFFFFFFF4A
:10963000FFFFFFFFFFFFFFFFFFFFFFFFFFFFFFFF3A
:10964000FFFFFFFFFFFFFFFFFFFFFFFFFFFFFFFF2A
:10965000FFFFFFFFFFFFFFFFFFFFFFFFFFFFFFFF1A
:10966000FFFFFFFFFFFFFFFFFFFFFFFFFFFFFFFF0A
:10967000FFFFFFFFFFFFFFFFFFFFFFFFFFFFFFFFFA
:10968000FFFFFFFFFFFFFFFFFFFFFFFFFFFFFFFFEA
:10969000FFFFFFFFFFFFFFFFFFFFFFFFFFFFFFFFDA
:1096A000FFFFFFFFFFFFFFFFFFFFFFFFFFFFFFFFCA
:1096B000FFFFFFFFFFFFFFFFFFFFFFFFFFFFFFFFBA
:1096C000FFFFFFFFFFFFFFFFFFFFFFFFFFFFFFFFAA
:1096D000FFFFFFFFFFFFFFFFFFFFFFFFFFFFFFFF9A
:1096E000FFFFFFFFFFFFFFFFFFFFFFFFFFFFFFFF8A
:1096F000FFFFFFFFFFFFFFFFFFFFFFFFFFFFFFFF7A
:10970000FFFFFFFFFFFFFFFFFFFFFFFFFFFFFFFF69
:10971000FFFFFFFFFFFFFFFFFFFFFFFFFFFFFFFF59
:10972000FFFFFFFFFFFFFFFFFFFFFFFFFFFFFFFF49
:10973000FFFFFFFFFFFFFFFFFFFFFFFFFFFFFFFF39
:10974000FFFFFFFFFFFFFFFFFFFFFFFFFFFFFFFF29
:10975000FFFFFFFFFFFFFFFFFFFFFFFFFFFFFFFF19
:10976000FFFFFFFFFFFFFFFFFFFFFFFFFFFFFFFF09
:10977000FFFFFFFFFFFFFFFFFFFFFFFFFFFFFFFFF9
:10978000FFFFFFFFFFFFFFFFFFFFFFFFFFFFFFFFE9
:10979000FFFFFFFFFFFFFFFFFFFFFFFFFFFFFFFFD9
:1097A000FFFFFFFFFFFFFFFFFFFFFFFFFFFFFFFFC9
:1097B000FFFFFFFFFFFFFFFFFFFFFFFFFFFFFFFFB9
:1097C000FFFFFFFFFFFFFFFFFFFFFFFFFFFFFFFFA9
:1097D000FFFFFFFFFFFFFFFFFFFFFFFFFFFFFFFF99
:1097E000FFFFFFFFFFFFFFFFFFFFFFFFFFFFFFFF89
:1097F000FFFFFFFFFFFFFFFFFFFFFFFFFFFFFFFF79
:10980000FFFFFFFFFFFFFFFFFFFFFFFFFFFFFFFF68
:10981000FFFFFFFFFFFFFFFFFFFFFFFFFFFFFFFF58
:10982000FFFFFFFFFFFFFFFFFFFFFFFFFFFFFFFF48
:10983000FFFFFFFFFFFFFFFFFFFFFFFFFFFFFFFF38
:10984000FFFFFFFFFFFFFFFFFFFFFFFFFFFFFFFF28
:10985000FFFFFFFFFFFFFFFFFFFFFFFFFFFFFFFF18
:10986000FFFFFFFFFFFFFFFFFFFFFFFFFFFFFFFF08
:10987000FFFFFFFFFFFFFFFFFFFFFFFFFFFFFFFFF8
:10988000FFFFFFFFFFFFFFFFFFFFFFFFFFFFFFFFE8
:10989000FFFFFFFFFFFFFFFFFFFFFFFFFFFFFFFFD8
:1098A000FFFFFFFFFFFFFFFFFFFFFFFFFFFFFFFFC8
:1098B000FFFFFFFFFFFFFFFFFFFFFFFFFFFFFFFFB8
:1098C000FFFFFFFFFFFFFFFFFFFFFFFFFFFFFFFFA8
:1098D000FFFFFFFFFFFFFFFFFFFFFFFFFFFFFFFF98
:1098E000FFFFFFFFFFFFFFFFFFFFFFFFFFFFFFFF88
:1098F000FFFFFFFFFFFFFFFFFFFFFFFFFFFFFFFF78
:10990000FFFFFFFFFFFFFFFFFFFFFFFFFFFFFFFF67
:10991000FFFFFFFFFFFFFFFFFFFFFFFFFFFFFFFF57
:10992000FFFFFFFFFFFFFFFFFFFFFFFFFFFFFFFF47
:10993000FFFFFFFFFFFFFFFFFFFFFFFFFFFFFFFF37
:10994000FFFFFFFFFFFFFFFFFFFFFFFFFFFFFFFF27
:10995000FFFFFFFFFFFFFFFFFFFFFFFFFFFFFFFF17
:10996000FFFFFFFFFFFFFFFFFFFFFFFFFFFFFFFF07
:10997000FFFFFFFFFFFFFFFFFFFFFFFFFFFFFFFFF7
:10998000FFFFFFFFFFFFFFFFFFFFFFFFFFFFFFFFE7
:10999000FFFFFFFFFFFFFFFFFFFFFFFFFFFFFFFFD7
:1099A000FFFFFFFFFFFFFFFFFFFFFFFFFFFFFFFFC7
:1099B000FFFFFFFFFFFFFFFFFFFFFFFFFFFFFFFFB7
:1099C000FFFFFFFFFFFFFFFFFFFFFFFFFFFFFFFFA7
:1099D000FFFFFFFFFFFFFFFFFFFFFFFFFFFFFFFF97
:1099E000FFFFFFFFFFFFFFFFFFFFFFFFFFFFFFFF87
:1099F000FFFFFFFFFFFFFFFFFFFFFFFFFFFFFFFF77
:109A0000FFFFFFFFFFFFFFFFFFFFFFFFFFFFFFFF66
:109A1000FFFFFFFFFFFFFFFFFFFFFFFFFFFFFFFF56
:109A2000FFFFFFFFFFFFFFFFFFFFFFFFFFFFFFFF46
:109A3000FFFFFFFFFFFFFFFFFFFFFFFFFFFFFFFF36
:109A4000FFFFFFFFFFFFFFFFFFFFFFFFFFFFFFFF26
:109A5000FFFFFFFFFFFFFFFFFFFFFFFFFFFFFFFF16
:109A6000FFFFFFFFFFFFFFFFFFFFFFFFFFFFFFFF06
:109A7000FFFFFFFFFFFFFFFFFFFFFFFFFFFFFFFFF6
:109A8000FFFFFFFFFFFFFFFFFFFFFFFFFFFFFFFFE6
:109A9000FFFFFFFFFFFFFFFFFFFFFFFFFFFFFFFFD6
:109AA000FFFFFFFFFFFFFFFFFFFFFFFFFFFFFFFFC6
:109AB000FFFFFFFFFFFFFFFFFFFFFFFFFFFFFFFFB6
:109AC000FFFFFFFFFFFFFFFFFFFFFFFFFFFFFFFFA6
:109AD000FFFFFFFFFFFFFFFFFFFFFFFFFFFFFFFF96
:109AE000FFFFFFFFFFFFFFFFFFFFFFFFFFFFFFFF86
:109AF000FFFFFFFFFFFFFFFFFFFFFFFFFFFFFFFF76
:109B0000FFFFFFFFFFFFFFFFFFFFFFFFFFFFFFFF65
:109B1000FFFFFFFFFFFFFFFFFFFFFFFFFFFFFFFF55
:109B2000FFFFFFFFFFFFFFFFFFFFFFFFFFFFFFFF45
:109B3000FFFFFFFFFFFFFFFFFFFFFFFFFFFFFFFF35
:109B4000FFFFFFFFFFFFFFFFFFFFFFFFFFFFFFFF25
:109B5000FFFFFFFFFFFFFFFFFFFFFFFFFFFFFFFF15
:109B6000FFFFFFFFFFFFFFFFFFFFFFFFFFFFFFFF05
:109B7000FFFFFFFFFFFFFFFFFFFFFFFFFFFFFFFFF5
:109B8000FFFFFFFFFFFFFFFFFFFFFFFFFFFFFFFFE5
:109B9000FFFFFFFFFFFFFFFFFFFFFFFFFFFFFFFFD5
:109BA000FFFFFFFFFFFFFFFFFFFFFFFFFFFFFFFFC5
:109BB000FFFFFFFFFFFFFFFFFFFFFFFFFFFFFFFFB5
:109BC000FFFFFFFFFFFFFFFFFFFFFFFFFFFFFFFFA5
:109BD000FFFFFFFFFFFFFFFFFFFFFFFFFFFFFFFF95
:109BE000FFFFFFFFFFFFFFFFFFFFFFFFFFFFFFFF85
:109BF000FFFFFFFFFFFFFFFFFFFFFFFFFFFFFFFF75
:109C0000FFFFFFFFFFFFFFFFFFFFFFFFFFFFFFFF64
:109C1000FFFFFFFFFFFFFFFFFFFFFFFFFFFFFFFF54
:109C2000FFFFFFFFFFFFFFFFFFFFFFFFFFFFFFFF44
:109C3000FFFFFFFFFFFFFFFFFFFFFFFFFFFFFFFF34
:109C4000FFFFFFFFFFFFFFFFFFFFFFFFFFFFFFFF24
:109C5000FFFFFFFFFFFFFFFFFFFFFFFFFFFFFFFF14
:109C6000FFFFFFFFFFFFFFFFFFFFFFFFFFFFFFFF04
:109C7000FFFFFFFFFFFFFFFFFFFFFFFFFFFFFFFFF4
:109C8000FFFFFFFFFFFFFFFFFFFFFFFFFFFFFFFFE4
:109C9000FFFFFFFFFFFFFFFFFFFFFFFFFFFFFFFFD4
:109CA000FFFFFFFFFFFFFFFFFFFFFFFFFFFFFFFFC4
:109CB000FFFFFFFFFFFFFFFFFFFFFFFFFFFFFFFFB4
:109CC000FFFFFFFFFFFFFFFFFFFFFFFFFFFFFFFFA4
:109CD000FFFFFFFFFFFFFFFFFFFFFFFFFFFFFFFF94
:109CE000FFFFFFFFFFFFFFFFFFFFFFFFFFFFFFFF84
:109CF000FFFFFFFFFFFFFFFFFFFFFFFFFFFFFFFF74
:109D0000FFFFFFFFFFFFFFFFFFFFFFFFFFFFFFFF63
:109D1000FFFFFFFFFFFFFFFFFFFFFFFFFFFFFFFF53
:109D2000FFFFFFFFFFFFFFFFFFFFFFFFFFFFFFFF43
:109D3000FFFFFFFFFFFFFFFFFFFFFFFFFFFFFFFF33
:109D4000FFFFFFFFFFFFFFFFFFFFFFFFFFFFFFFF23
:109D5000FFFFFFFFFFFFFFFFFFFFFFFFFFFFFFFF13
:109D6000FFFFFFFFFFFFFFFFFFFFFFFFFFFFFFFF03
:109D7000FFFFFFFFFFFFFFFFFFFFFFFFFFFFFFFFF3
:109D8000FFFFFFFFFFFFFFFFFFFFFFFFFFFFFFFFE3
:109D9000FFFFFFFFFFFFFFFFFFFFFFFFFFFFFFFFD3
:109DA000FFFFFFFFFFFFFFFFFFFFFFFFFFFFFFFFC3
:109DB000FFFFFFFFFFFFFFFFFFFFFFFFFFFFFFFFB3
:109DC000FFFFFFFFFFFFFFFFFFFFFFFFFFFFFFFFA3
:109DD000FFFFFFFFFFFFFFFFFFFFFFFFFFFFFFFF93
:109DE000FFFFFFFFFFFFFFFFFFFFFFFFFFFFFFFF83
:109DF000FFFFFFFFFFFFFFFFFFFFFFFFFFFFFFFF73
:109E0000FFFFFFFFFFFFFFFFFFFFFFFFFFFFFFFF62
:109E1000FFFFFFFFFFFFFFFFFFFFFFFFFFFFFFFF52
:109E2000FFFFFFFFFFFFFFFFFFFFFFFFFFFFFFFF42
:109E3000FFFFFFFFFFFFFFFFFFFFFFFFFFFFFFFF32
:109E4000FFFFFFFFFFFFFFFFFFFFFFFFFFFFFFFF22
:109E5000FFFFFFFFFFFFFFFFFFFFFFFFFFFFFFFF12
:109E6000FFFFFFFFFFFFFFFFFFFFFFFFFFFFFFFF02
:109E7000FFFFFFFFFFFFFFFFFFFFFFFFFFFFFFFFF2
:109E8000FFFFFFFFFFFFFFFFFFFFFFFFFFFFFFFFE2
:109E9000FFFFFFFFFFFFFFFFFFFFFFFFFFFFFFFFD2
:109EA000FFFFFFFFFFFFFFFFFFFFFFFFFFFFFFFFC2
:109EB000FFFFFFFFFFFFFFFFFFFFFFFFFFFFFFFFB2
:109EC000FFFFFFFFFFFFFFFFFFFFFFFFFFFFFFFFA2
:109ED000FFFFFFFFFFFFFFFFFFFFFFFFFFFFFFFF92
:109EE000FFFFFFFFFFFFFFFFFFFFFFFFFFFFFFFF82
:109EF000FFFFFFFFFFFFFFFFFFFFFFFFFFFFFFFF72
:109F0000FFFFFFFFFFFFFFFFFFFFFFFFFFFFFFFF61
:109F1000FFFFFFFFFFFFFFFFFFFFFFFFFFFFFFFF51
:109F2000FFFFFFFFFFFFFFFFFFFFFFFFFFFFFFFF41
:109F3000FFFFFFFFFFFFFFFFFFFFFFFFFFFFFFFF31
:109F4000FFFFFFFFFFFFFFFFFFFFFFFFFFFFFFFF21
:109F5000FFFFFFFFFFFFFFFFFFFFFFFFFFFFFFFF11
:109F6000FFFFFFFFFFFFFFFFFFFFFFFFFFFFFFFF01
:109F7000FFFFFFFFFFFFFFFFFFFFFFFFFFFFFFFFF1
:109F8000FFFFFFFFFFFFFFFFFFFFFFFFFFFFFFFFE1
:109F9000FFFFFFFFFFFFFFFFFFFFFFFFFFFFFFFFD1
:109FA000FFFFFFFFFFFFFFFFFFFFFFFFFFFFFFFFC1
:109FB000FFFFFFFFFFFFFFFFFFFFFFFFFFFFFFFFB1
:109FC000FFFFFFFFFFFFFFFFFFFFFFFFFFFFFFFFA1
:109FD000FFFFFFFFFFFFFFFFFFFFFFFFFFFFFFFF91
:109FE000FFFFFFFFFFFFFFFFFFFFFFFFFFFFFFFF81
:109FF000FFFFFFFFFFFFFFFFFFFFFFFFFFFFFFFF71
:10A00000FFFFFFFFFFFFFFFFFFFFFFFFFFFFFFFF60
:10A01000FFFFFFFFFFFFFFFFFFFFFFFFFFFFFFFF50
:10A02000FFFFFFFFFFFFFFFFFFFFFFFFFFFFFFFF40
:10A03000FFFFFFFFFFFFFFFFFFFFFFFFFFFFFFFF30
:10A04000FFFFFFFFFFFFFFFFFFFFFFFFFFFFFFFF20
:10A05000FFFFFFFFFFFFFFFFFFFFFFFFFFFFFFFF10
:10A06000FFFFFFFFFFFFFFFFFFFFFFFFFFFFFFFF00
:10A07000FFFFFFFFFFFFFFFFFFFFFFFFFFFFFFFFF0
:10A08000FFFFFFFFFFFFFFFFFFFFFFFFFFFFFFFFE0
:10A09000FFFFFFFFFFFFFFFFFFFFFFFFFFFFFFFFD0
:10A0A000FFFFFFFFFFFFFFFFFFFFFFFFFFFFFFFFC0
:10A0B000FFFFFFFFFFFFFFFFFFFFFFFFFFFFFFFFB0
:10A0C000FFFFFFFFFFFFFFFFFFFFFFFFFFFFFFFFA0
:10A0D000FFFFFFFFFFFFFFFFFFFFFFFFFFFFFFFF90
:10A0E000FFFFFFFFFFFFFFFFFFFFFFFFFFFFFFFF80
:10A0F000FFFFFFFFFFFFFFFFFFFFFFFFFFFFFFFF70
:10A10000FFFFFFFFFFFFFFFFFFFFFFFFFFFFFFFF5F
:10A11000FFFFFFFFFFFFFFFFFFFFFFFFFFFFFFFF4F
:10A12000FFFFFFFFFFFFFFFFFFFFFFFFFFFFFFFF3F
:10A13000FFFFFFFFFFFFFFFFFFFFFFFFFFFFFFFF2F
:10A14000FFFFFFFFFFFFFFFFFFFFFFFFFFFFFFFF1F
:10A15000FFFFFFFFFFFFFFFFFFFFFFFFFFFFFFFF0F
:10A16000FFFFFFFFFFFFFFFFFFFFFFFFFFFFFFFFFF
:10A17000FFFFFFFFFFFFFFFFFFFFFFFFFFFFFFFFEF
:10A18000FFFFFFFFFFFFFFFFFFFFFFFFFFFFFFFFDF
:10A19000FFFFFFFFFFFFFFFFFFFFFFFFFFFFFFFFCF
:10A1A000FFFFFFFFFFFFFFFFFFFFFFFFFFFFFFFFBF
:10A1B000FFFFFFFFFFFFFFFFFFFFFFFFFFFFFFFFAF
:10A1C000FFFFFFFFFFFFFFFFFFFFFFFFFFFFFFFF9F
:10A1D000FFFFFFFFFFFFFFFFFFFFFFFFFFFFFFFF8F
:10A1E000FFFFFFFFFFFFFFFFFFFFFFFFFFFFFFFF7F
:10A1F000FFFFFFFFFFFFFFFFFFFFFFFFFFFFFFFF6F
:10A20000FFFFFFFFFFFFFFFFFFFFFFFFFFFFFFFF5E
:10A21000FFFFFFFFFFFFFFFFFFFFFFFFFFFFFFFF4E
:10A22000FFFFFFFFFFFFFFFFFFFFFFFFFFFFFFFF3E
:10A23000FFFFFFFFFFFFFFFFFFFFFFFFFFFFFFFF2E
:10A24000FFFFFFFFFFFFFFFFFFFFFFFFFFFFFFFF1E
:10A25000FFFFFFFFFFFFFFFFFFFFFFFFFFFFFFFF0E
:10A26000FFFFFFFFFFFFFFFFFFFFFFFFFFFFFFFFFE
:10A27000FFFFFFFFFFFFFFFFFFFFFFFFFFFFFFFFEE
:10A28000FFFFFFFFFFFFFFFFFFFFFFFFFFFFFFFFDE
:10A29000FFFFFFFFFFFFFFFFFFFFFFFFFFFFFFFFCE
:10A2A000FFFFFFFFFFFFFFFFFFFFFFFFFFFFFFFFBE
:10A2B000FFFFFFFFFFFFFFFFFFFFFFFFFFFFFFFFAE
:10A2C000FFFFFFFFFFFFFFFFFFFFFFFFFFFFFFFF9E
:10A2D000FFFFFFFFFFFFFFFFFFFFFFFFFFFFFFFF8E
:10A2E000FFFFFFFFFFFFFFFFFFFFFFFFFFFFFFFF7E
:10A2F000FFFFFFFFFFFFFFFFFFFFFFFFFFFFFFFF6E
:10A30000FFFFFFFFFFFFFFFFFFFFFFFFFFFFFFFF5D
:10A31000FFFFFFFFFFFFFFFFFFFFFFFFFFFFFFFF4D
:10A32000FFFFFFFFFFFFFFFFFFFFFFFFFFFFFFFF3D
:10A33000FFFFFFFFFFFFFFFFFFFFFFFFFFFFFFFF2D
:10A34000FFFFFFFFFFFFFFFFFFFFFFFFFFFFFFFF1D
:10A35000FFFFFFFFFFFFFFFFFFFFFFFFFFFFFFFF0D
:10A36000FFFFFFFFFFFFFFFFFFFFFFFFFFFFFFFFFD
:10A37000FFFFFFFFFFFFFFFFFFFFFFFFFFFFFFFFED
:10A38000FFFFFFFFFFFFFFFFFFFFFFFFFFFFFFFFDD
:10A39000FFFFFFFFFFFFFFFFFFFFFFFFFFFFFFFFCD
:10A3A000FFFFFFFFFFFFFFFFFFFFFFFFFFFFFFFFBD
:10A3B000FFFFFFFFFFFFFFFFFFFFFFFFFFFFFFFFAD
:10A3C000FFFFFFFFFFFFFFFFFFFFFFFFFFFFFFFF9D
:10A3D000FFFFFFFFFFFFFFFFFFFFFFFFFFFFFFFF8D
:10A3E000FFFFFFFFFFFFFFFFFFFFFFFFFFFFFFFF7D
:10A3F000FFFFFFFFFFFFFFFFFFFFFFFFFFFFFFFF6D
:10A40000FFFFFFFFFFFFFFFFFFFFFFFFFFFFFFFF5C
:10A41000FFFFFFFFFFFFFFFFFFFFFFFFFFFFFFFF4C
:10A42000FFFFFFFFFFFFFFFFFFFFFFFFFFFFFFFF3C
:10A43000FFFFFFFFFFFFFFFFFFFFFFFFFFFFFFFF2C
:10A44000FFFFFFFFFFFFFFFFFFFFFFFFFFFFFFFF1C
:10A45000FFFFFFFFFFFFFFFFFFFFFFFFFFFFFFFF0C
:10A46000FFFFFFFFFFFFFFFFFFFFFFFFFFFFFFFFFC
:10A47000FFFFFFFFFFFFFFFFFFFFFFFFFFFFFFFFEC
:10A48000FFFFFFFFFFFFFFFFFFFFFFFFFFFFFFFFDC
:10A49000FFFFFFFFFFFFFFFFFFFFFFFFFFFFFFFFCC
:10A4A000FFFFFFFFFFFFFFFFFFFFFFFFFFFFFFFFBC
:10A4B000FFFFFFFFFFFFFFFFFFFFFFFFFFFFFFFFAC
:10A4C000FFFFFFFFFFFFFFFFFFFFFFFFFFFFFFFF9C
:10A4D000FFFFFFFFFFFFFFFFFFFFFFFFFFFFFFFF8C
:10A4E000FFFFFFFFFFFFFFFFFFFFFFFFFFFFFFFF7C
:10A4F000FFFFFFFFFFFFFFFFFFFFFFFFFFFFFFFF6C
:10A50000FFFFFFFFFFFFFFFFFFFFFFFFFFFFFFFF5B
:10A51000FFFFFFFFFFFFFFFFFFFFFFFFFFFFFFFF4B
:10A52000FFFFFFFFFFFFFFFFFFFFFFFFFFFFFFFF3B
:10A53000FFFFFFFFFFFFFFFFFFFFFFFFFFFFFFFF2B
:10A54000FFFFFFFFFFFFFFFFFFFFFFFFFFFFFFFF1B
:10A55000FFFFFFFFFFFFFFFFFFFFFFFFFFFFFFFF0B
:10A56000FFFFFFFFFFFFFFFFFFFFFFFFFFFFFFFFFB
:10A57000FFFFFFFFFFFFFFFFFFFFFFFFFFFFFFFFEB
:10A58000FFFFFFFFFFFFFFFFFFFFFFFFFFFFFFFFDB
:10A59000FFFFFFFFFFFFFFFFFFFFFFFFFFFFFFFFCB
:10A5A000FFFFFFFFFFFFFFFFFFFFFFFFFFFFFFFFBB
:10A5B000FFFFFFFFFFFFFFFFFFFFFFFFFFFFFFFFAB
:10A5C000FFFFFFFFFFFFFFFFFFFFFFFFFFFFFFFF9B
:10A5D000FFFFFFFFFFFFFFFFFFFFFFFFFFFFFFFF8B
:10A5E000FFFFFFFFFFFFFFFFFFFFFFFFFFFFFFFF7B
:10A5F000FFFFFFFFFFFFFFFFFFFFFFFFFFFFFFFF6B
:10A60000FFFFFFFFFFFFFFFFFFFFFFFFFFFFFFFF5A
:10A61000FFFFFFFFFFFFFFFFFFFFFFFFFFFFFFFF4A
:10A62000FFFFFFFFFFFFFFFFFFFFFFFFFFFFFFFF3A
:10A63000FFFFFFFFFFFFFFFFFFFFFFFFFFFFFFFF2A
:10A64000FFFFFFFFFFFFFFFFFFFFFFFFFFFFFFFF1A
:10A65000FFFFFFFFFFFFFFFFFFFFFFFFFFFFFFFF0A
:10A66000FFFFFFFFFFFFFFFFFFFFFFFFFFFFFFFFFA
:10A67000FFFFFFFFFFFFFFFFFFFFFFFFFFFFFFFFEA
:10A68000FFFFFFFFFFFFFFFFFFFFFFFFFFFFFFFFDA
:10A69000FFFFFFFFFFFFFFFFFFFFFFFFFFFFFFFFCA
:10A6A000FFFFFFFFFFFFFFFFFFFFFFFFFFFFFFFFBA
:10A6B000FFFFFFFFFFFFFFFFFFFFFFFFFFFFFFFFAA
:10A6C000FFFFFFFFFFFFFFFFFFFFFFFFFFFFFFFF9A
:10A6D000FFFFFFFFFFFFFFFFFFFFFFFFFFFFFFFF8A
:10A6E000FFFFFFFFFFFFFFFFFFFFFFFFFFFFFFFF7A
:10A6F000FFFFFFFFFFFFFFFFFFFFFFFFFFFFFFFF6A
:10A70000FFFFFFFFFFFFFFFFFFFFFFFFFFFFFFFF59
:10A71000FFFFFFFFFFFFFFFFFFFFFFFFFFFFFFFF49
:10A72000FFFFFFFFFFFFFFFFFFFFFFFFFFFFFFFF39
:10A73000FFFFFFFFFFFFFFFFFFFFFFFFFFFFFFFF29
:10A74000FFFFFFFFFFFFFFFFFFFFFFFFFFFFFFFF19
:10A75000FFFFFFFFFFFFFFFFFFFFFFFFFFFFFFFF09
:10A76000FFFFFFFFFFFFFFFFFFFFFFFFFFFFFFFFF9
:10A77000FFFFFFFFFFFFFFFFFFFFFFFFFFFFFFFFE9
:10A78000FFFFFFFFFFFFFFFFFFFFFFFFFFFFFFFFD9
:10A79000FFFFFFFFFFFFFFFFFFFFFFFFFFFFFFFFC9
:10A7A000FFFFFFFFFFFFFFFFFFFFFFFFFFFFFFFFB9
:10A7B000FFFFFFFFFFFFFFFFFFFFFFFFFFFFFFFFA9
:10A7C000FFFFFFFFFFFFFFFFFFFFFFFFFFFFFFFF99
:10A7D000FFFFFFFFFFFFFFFFFFFFFFFFFFFFFFFF89
:10A7E000FFFFFFFFFFFFFFFFFFFFFFFFFFFFFFFF79
:10A7F000FFFFFFFFFFFFFFFFFFFFFFFFFFFFFFFF69
:10A80000FFFFFFFFFFFFFFFFFFFFFFFFFFFFFFFF58
:10A81000FFFFFFFFFFFFFFFFFFFFFFFFFFFFFFFF48
:10A82000FFFFFFFFFFFFFFFFFFFFFFFFFFFFFFFF38
:10A83000FFFFFFFFFFFFFFFFFFFFFFFFFFFFFFFF28
:10A84000FFFFFFFFFFFFFFFFFFFFFFFFFFFFFFFF18
:10A85000FFFFFFFFFFFFFFFFFFFFFFFFFFFFFFFF08
:10A86000FFFFFFFFFFFFFFFFFFFFFFFFFFFFFFFFF8
:10A87000FFFFFFFFFFFFFFFFFFFFFFFFFFFFFFFFE8
:10A88000FFFFFFFFFFFFFFFFFFFFFFFFFFFFFFFFD8
:10A89000FFFFFFFFFFFFFFFFFFFFFFFFFFFFFFFFC8
:10A8A000FFFFFFFFFFFFFFFFFFFFFFFFFFFFFFFFB8
:10A8B000FFFFFFFFFFFFFFFFFFFFFFFFFFFFFFFFA8
:10A8C000FFFFFFFFFFFFFFFFFFFFFFFFFFFFFFFF98
:10A8D000FFFFFFFFFFFFFFFFFFFFFFFFFFFFFFFF88
:10A8E000FFFFFFFFFFFFFFFFFFFFFFFFFFFFFFFF78
:10A8F000FFFFFFFFFFFFFFFFFFFFFFFFFFFFFFFF68
:10A90000FFFFFFFFFFFFFFFFFFFFFFFFFFFFFFFF57
:10A91000FFFFFFFFFFFFFFFFFFFFFFFFFFFFFFFF47
:10A92000FFFFFFFFFFFFFFFFFFFFFFFFFFFFFFFF37
:10A93000FFFFFFFFFFFFFFFFFFFFFFFFFFFFFFFF27
:10A94000FFFFFFFFFFFFFFFFFFFFFFFFFFFFFFFF17
:10A95000FFFFFFFFFFFFFFFFFFFFFFFFFFFFFFFF07
:10A96000FFFFFFFFFFFFFFFFFFFFFFFFFFFFFFFFF7
:10A97000FFFFFFFFFFFFFFFFFFFFFFFFFFFFFFFFE7
:10A98000FFFFFFFFFFFFFFFFFFFFFFFFFFFFFFFFD7
:10A99000FFFFFFFFFFFFFFFFFFFFFFFFFFFFFFFFC7
:10A9A000FFFFFFFFFFFFFFFFFFFFFFFFFFFFFFFFB7
:10A9B000FFFFFFFFFFFFFFFFFFFFFFFFFFFFFFFFA7
:10A9C000FFFFFFFFFFFFFFFFFFFFFFFFFFFFFFFF97
:10A9D000FFFFFFFFFFFFFFFFFFFFFFFFFFFFFFFF87
:10A9E000FFFFFFFFFFFFFFFFFFFFFFFFFFFFFFFF77
:10A9F000FFFFFFFFFFFFFFFFFFFFFFFFFFFFFFFF67
:10AA0000FFFFFFFFFFFFFFFFFFFFFFFFFFFFFFFF56
:10AA1000FFFFFFFFFFFFFFFFFFFFFFFFFFFFFFFF46
:10AA2000FFFFFFFFFFFFFFFFFFFFFFFFFFFFFFFF36
:10AA3000FFFFFFFFFFFFFFFFFFFFFFFFFFFFFFFF26
:10AA4000FFFFFFFFFFFFFFFFFFFFFFFFFFFFFFFF16
:10AA5000FFFFFFFFFFFFFFFFFFFFFFFFFFFFFFFF06
:10AA6000FFFFFFFFFFFFFFFFFFFFFFFFFFFFFFFFF6
:10AA7000FFFFFFFFFFFFFFFFFFFFFFFFFFFFFFFFE6
:10AA8000FFFFFFFFFFFFFFFFFFFFFFFFFFFFFFFFD6
:10AA9000FFFFFFFFFFFFFFFFFFFFFFFFFFFFFFFFC6
:10AAA000FFFFFFFFFFFFFFFFFFFFFFFFFFFFFFFFB6
:10AAB000FFFFFFFFFFFFFFFFFFFFFFFFFFFFFFFFA6
:10AAC000FFFFFFFFFFFFFFFFFFFFFFFFFFFFFFFF96
:10AAD000FFFFFFFFFFFFFFFFFFFFFFFFFFFFFFFF86
:10AAE000FFFFFFFFFFFFFFFFFFFFFFFFFFFFFFFF76
:10AAF000FFFFFFFFFFFFFFFFFFFFFFFFFFFFFFFF66
:10AB0000FFFFFFFFFFFFFFFFFFFFFFFFFFFFFFFF55
:10AB1000FFFFFFFFFFFFFFFFFFFFFFFFFFFFFFFF45
:10AB2000FFFFFFFFFFFFFFFFFFFFFFFFFFFFFFFF35
:10AB3000FFFFFFFFFFFFFFFFFFFFFFFFFFFFFFFF25
:10AB4000FFFFFFFFFFFFFFFFFFFFFFFFFFFFFFFF15
:10AB5000FFFFFFFFFFFFFFFFFFFFFFFFFFFFFFFF05
:10AB6000FFFFFFFFFFFFFFFFFFFFFFFFFFFFFFFFF5
:10AB7000FFFFFFFFFFFFFFFFFFFFFFFFFFFFFFFFE5
:10AB8000FFFFFFFFFFFFFFFFFFFFFFFFFFFFFFFFD5
:10AB9000FFFFFFFFFFFFFFFFFFFFFFFFFFFFFFFFC5
:10ABA000FFFFFFFFFFFFFFFFFFFFFFFFFFFFFFFFB5
:10ABB000FFFFFFFFFFFFFFFFFFFFFFFFFFFFFFFFA5
:10ABC000FFFFFFFFFFFFFFFFFFFFFFFFFFFFFFFF95
:10ABD000FFFFFFFFFFFFFFFFFFFFFFFFFFFFFFFF85
:10ABE000FFFFFFFFFFFFFFFFFFFFFFFFFFFFFFFF75
:10ABF000FFFFFFFFFFFFFFFFFFFFFFFFFFFFFFFF65
:10AC0000FFFFFFFFFFFFFFFFFFFFFFFFFFFFFFFF54
:10AC1000FFFFFFFFFFFFFFFFFFFFFFFFFFFFFFFF44
:10AC2000FFFFFFFFFFFFFFFFFFFFFFFFFFFFFFFF34
:10AC3000FFFFFFFFFFFFFFFFFFFFFFFFFFFFFFFF24
:10AC4000FFFFFFFFFFFFFFFFFFFFFFFFFFFFFFFF14
:10AC5000FFFFFFFFFFFFFFFFFFFFFFFFFFFFFFFF04
:10AC6000FFFFFFFFFFFFFFFFFFFFFFFFFFFFFFFFF4
:10AC7000FFFFFFFFFFFFFFFFFFFFFFFFFFFFFFFFE4
:10AC8000FFFFFFFFFFFFFFFFFFFFFFFFFFFFFFFFD4
:10AC9000FFFFFFFFFFFFFFFFFFFFFFFFFFFFFFFFC4
:10ACA000FFFFFFFFFFFFFFFFFFFFFFFFFFFFFFFFB4
:10ACB000FFFFFFFFFFFFFFFFFFFFFFFFFFFFFFFFA4
:10ACC000FFFFFFFFFFFFFFFFFFFFFFFFFFFFFFFF94
:10ACD000FFFFFFFFFFFFFFFFFFFFFFFFFFFFFFFF84
:10ACE000FFFFFFFFFFFFFFFFFFFFFFFFFFFFFFFF74
:10ACF000FFFFFFFFFFFFFFFFFFFFFFFFFFFFFFFF64
:10AD0000FFFFFFFFFFFFFFFFFFFFFFFFFFFFFFFF53
:10AD1000FFFFFFFFFFFFFFFFFFFFFFFFFFFFFFFF43
:10AD2000FFFFFFFFFFFFFFFFFFFFFFFFFFFFFFFF33
:10AD3000FFFFFFFFFFFFFFFFFFFFFFFFFFFFFFFF23
:10AD4000FFFFFFFFFFFFFFFFFFFFFFFFFFFFFFFF13
:10AD5000FFFFFFFFFFFFFFFFFFFFFFFFFFFFFFFF03
:10AD6000FFFFFFFFFFFFFFFFFFFFFFFFFFFFFFFFF3
:10AD7000FFFFFFFFFFFFFFFFFFFFFFFFFFFFFFFFE3
:10AD8000FFFFFFFFFFFFFFFFFFFFFFFFFFFFFFFFD3
:10AD9000FFFFFFFFFFFFFFFFFFFFFFFFFFFFFFFFC3
:10ADA000FFFFFFFFFFFFFFFFFFFFFFFFFFFFFFFFB3
:10ADB000FFFFFFFFFFFFFFFFFFFFFFFFFFFFFFFFA3
:10ADC000FFFFFFFFFFFFFFFFFFFFFFFFFFFFFFFF93
:10ADD000FFFFFFFFFFFFFFFFFFFFFFFFFFFFFFFF83
:10ADE000FFFFFFFFFFFFFFFFFFFFFFFFFFFFFFFF73
:10ADF000FFFFFFFFFFFFFFFFFFFFFFFFFFFFFFFF63
:10AE0000FFFFFFFFFFFFFFFFFFFFFFFFFFFFFFFF52
:10AE1000FFFFFFFFFFFFFFFFFFFFFFFFFFFFFFFF42
:10AE2000FFFFFFFFFFFFFFFFFFFFFFFFFFFFFFFF32
:10AE3000FFFFFFFFFFFFFFFFFFFFFFFFFFFFFFFF22
:10AE4000FFFFFFFFFFFFFFFFFFFFFFFFFFFFFFFF12
:10AE5000FFFFFFFFFFFFFFFFFFFFFFFFFFFFFFFF02
:10AE6000FFFFFFFFFFFFFFFFFFFFFFFFFFFFFFFFF2
:10AE7000FFFFFFFFFFFFFFFFFFFFFFFFFFFFFFFFE2
:10AE8000FFFFFFFFFFFFFFFFFFFFFFFFFFFFFFFFD2
:10AE9000FFFFFFFFFFFFFFFFFFFFFFFFFFFFFFFFC2
:10AEA000FFFFFFFFFFFFFFFFFFFFFFFFFFFFFFFFB2
:10AEB000FFFFFFFFFFFFFFFFFFFFFFFFFFFFFFFFA2
:10AEC000FFFFFFFFFFFFFFFFFFFFFFFFFFFFFFFF92
:10AED000FFFFFFFFFFFFFFFFFFFFFFFFFFFFFFFF82
:10AEE000FFFFFFFFFFFFFFFFFFFFFFFFFFFFFFFF72
:10AEF000FFFFFFFFFFFFFFFFFFFFFFFFFFFFFFFF62
:10AF0000FFFFFFFFFFFFFFFFFFFFFFFFFFFFFFFF51
:10AF1000FFFFFFFFFFFFFFFFFFFFFFFFFFFFFFFF41
:10AF2000FFFFFFFFFFFFFFFFFFFFFFFFFFFFFFFF31
:10AF3000FFFFFFFFFFFFFFFFFFFFFFFFFFFFFFFF21
:10AF4000FFFFFFFFFFFFFFFFFFFFFFFFFFFFFFFF11
:10AF5000FFFFFFFFFFFFFFFFFFFFFFFFFFFFFFFF01
:10AF6000FFFFFFFFFFFFFFFFFFFFFFFFFFFFFFFFF1
:10AF7000FFFFFFFFFFFFFFFFFFFFFFFFFFFFFFFFE1
:10AF8000FFFFFFFFFFFFFFFFFFFFFFFFFFFFFFFFD1
:10AF9000FFFFFFFFFFFFFFFFFFFFFFFFFFFFFFFFC1
:10AFA000FFFFFFFFFFFFFFFFFFFFFFFFFFFFFFFFB1
:10AFB000FFFFFFFFFFFFFFFFFFFFFFFFFFFFFFFFA1
:10AFC000FFFFFFFFFFFFFFFFFFFFFFFFFFFFFFFF91
:10AFD000FFFFFFFFFFFFFFFFFFFFFFFFFFFFFFFF81
:10AFE000FFFFFFFFFFFFFFFFFFFFFFFFFFFFFFFF71
:10AFF000FFFFFFFFFFFFFFFFFFFFFFFFFFFFFFFF61
:10B00000FFFFFFFFFFFFFFFFFFFFFFFFFFFFFFFF50
:10B01000FFFFFFFFFFFFFFFFFFFFFFFFFFFFFFFF40
:10B02000FFFFFFFFFFFFFFFFFFFFFFFFFFFFFFFF30
:10B03000FFFFFFFFFFFFFFFFFFFFFFFFFFFFFFFF20
:10B04000FFFFFFFFFFFFFFFFFFFFFFFFFFFFFFFF10
:10B05000FFFFFFFFFFFFFFFFFFFFFFFFFFFFFFFF00
:10B06000FFFFFFFFFFFFFFFFFFFFFFFFFFFFFFFFF0
:10B07000FFFFFFFFFFFFFFFFFFFFFFFFFFFFFFFFE0
:10B08000FFFFFFFFFFFFFFFFFFFFFFFFFFFFFFFFD0
:10B09000FFFFFFFFFFFFFFFFFFFFFFFFFFFFFFFFC0
:10B0A000FFFFFFFFFFFFFFFFFFFFFFFFFFFFFFFFB0
:10B0B000FFFFFFFFFFFFFFFFFFFFFFFFFFFFFFFFA0
:10B0C000FFFFFFFFFFFFFFFFFFFFFFFFFFFFFFFF90
:10B0D000FFFFFFFFFFFFFFFFFFFFFFFFFFFFFFFF80
:10B0E000FFFFFFFFFFFFFFFFFFFFFFFFFFFFFFFF70
:10B0F000FFFFFFFFFFFFFFFFFFFFFFFFFFFFFFFF60
:10B10000FFFFFFFFFFFFFFFFFFFFFFFFFFFFFFFF4F
:10B11000FFFFFFFFFFFFFFFFFFFFFFFFFFFFFFFF3F
:10B12000FFFFFFFFFFFFFFFFFFFFFFFFFFFFFFFF2F
:10B13000FFFFFFFFFFFFFFFFFFFFFFFFFFFFFFFF1F
:10B14000FFFFFFFFFFFFFFFFFFFFFFFFFFFFFFFF0F
:10B15000FFFFFFFFFFFFFFFFFFFFFFFFFFFFFFFFFF
:10B16000FFFFFFFFFFFFFFFFFFFFFFFFFFFFFFFFEF
:10B17000FFFFFFFFFFFFFFFFFFFFFFFFFFFFFFFFDF
:10B18000FFFFFFFFFFFFFFFFFFFFFFFFFFFFFFFFCF
:10B19000FFFFFFFFFFFFFFFFFFFFFFFFFFFFFFFFBF
:10B1A000FFFFFFFFFFFFFFFFFFFFFFFFFFFFFFFFAF
:10B1B000FFFFFFFFFFFFFFFFFFFFFFFFFFFFFFFF9F
:10B1C000FFFFFFFFFFFFFFFFFFFFFFFFFFFFFFFF8F
:10B1D000FFFFFFFFFFFFFFFFFFFFFFFFFFFFFFFF7F
:10B1E000FFFFFFFFFFFFFFFFFFFFFFFFFFFFFFFF6F
:10B1F000FFFFFFFFFFFFFFFFFFFFFFFFFFFFFFFF5F
:10B20000FFFFFFFFFFFFFFFFFFFFFFFFFFFFFFFF4E
:10B21000FFFFFFFFFFFFFFFFFFFFFFFFFFFFFFFF3E
:10B22000FFFFFFFFFFFFFFFFFFFFFFFFFFFFFFFF2E
:10B23000FFFFFFFFFFFFFFFFFFFFFFFFFFFFFFFF1E
:10B24000FFFFFFFFFFFFFFFFFFFFFFFFFFFFFFFF0E
:10B25000FFFFFFFFFFFFFFFFFFFFFFFFFFFFFFFFFE
:10B26000FFFFFFFFFFFFFFFFFFFFFFFFFFFFFFFFEE
:10B27000FFFFFFFFFFFFFFFFFFFFFFFFFFFFFFFFDE
:10B28000FFFFFFFFFFFFFFFFFFFFFFFFFFFFFFFFCE
:10B29000FFFFFFFFFFFFFFFFFFFFFFFFFFFFFFFFBE
:10B2A000FFFFFFFFFFFFFFFFFFFFFFFFFFFFFFFFAE
:10B2B000FFFFFFFFFFFFFFFFFFFFFFFFFFFFFFFF9E
:10B2C000FFFFFFFFFFFFFFFFFFFFFFFFFFFFFFFF8E
:10B2D000FFFFFFFFFFFFFFFFFFFFFFFFFFFFFFFF7E
:10B2E000FFFFFFFFFFFFFFFFFFFFFFFFFFFFFFFF6E
:10B2F000FFFFFFFFFFFFFFFFFFFFFFFFFFFFFFFF5E
:10B30000FFFFFFFFFFFFFFFFFFFFFFFFFFFFFFFF4D
:10B31000FFFFFFFFFFFFFFFFFFFFFFFFFFFFFFFF3D
:10B32000FFFFFFFFFFFFFFFFFFFFFFFFFFFFFFFF2D
:10B33000FFFFFFFFFFFFFFFFFFFFFFFFFFFFFFFF1D
:10B34000FFFFFFFFFFFFFFFFFFFFFFFFFFFFFFFF0D
:10B35000FFFFFFFFFFFFFFFFFFFFFFFFFFFFFFFFFD
:10B36000FFFFFFFFFFFFFFFFFFFFFFFFFFFFFFFFED
:10B37000FFFFFFFFFFFFFFFFFFFFFFFFFFFFFFFFDD
:10B38000FFFFFFFFFFFFFFFFFFFFFFFFFFFFFFFFCD
:10B39000FFFFFFFFFFFFFFFFFFFFFFFFFFFFFFFFBD
:10B3A000FFFFFFFFFFFFFFFFFFFFFFFFFFFFFFFFAD
:10B3B000FFFFFFFFFFFFFFFFFFFFFFFFFFFFFFFF9D
:10B3C000FFFFFFFFFFFFFFFFFFFFFFFFFFFFFFFF8D
:10B3D000FFFFFFFFFFFFFFFFFFFFFFFFFFFFFFFF7D
:10B3E000FFFFFFFFFFFFFFFFFFFFFFFFFFFFFFFF6D
:10B3F000FFFFFFFFFFFFFFFFFFFFFFFFFFFFFFFF5D
:10B40000FFFFFFFFFFFFFFFFFFFFFFFFFFFFFFFF4C
:10B41000FFFFFFFFFFFFFFFFFFFFFFFFFFFFFFFF3C
:10B42000FFFFFFFFFFFFFFFFFFFFFFFFFFFFFFFF2C
:10B43000FFFFFFFFFFFFFFFFFFFFFFFFFFFFFFFF1C
:10B44000FFFFFFFFFFFFFFFFFFFFFFFFFFFFFFFF0C
:10B45000FFFFFFFFFFFFFFFFFFFFFFFFFFFFFFFFFC
:10B46000FFFFFFFFFFFFFFFFFFFFFFFFFFFFFFFFEC
:10B47000FFFFFFFFFFFFFFFFFFFFFFFFFFFFFFFFDC
:10B48000FFFFFFFFFFFFFFFFFFFFFFFFFFFFFFFFCC
:10B49000FFFFFFFFFFFFFFFFFFFFFFFFFFFFFFFFBC
:10B4A000FFFFFFFFFFFFFFFFFFFFFFFFFFFFFFFFAC
:10B4B000FFFFFFFFFFFFFFFFFFFFFFFFFFFFFFFF9C
:10B4C000FFFFFFFFFFFFFFFFFFFFFFFFFFFFFFFF8C
:10B4D000FFFFFFFFFFFFFFFFFFFFFFFFFFFFFFFF7C
:10B4E000FFFFFFFFFFFFFFFFFFFFFFFFFFFFFFFF6C
:10B4F000FFFFFFFFFFFFFFFFFFFFFFFFFFFFFFFF5C
:10B50000FFFFFFFFFFFFFFFFFFFFFFFFFFFFFFFF4B
:10B51000FFFFFFFFFFFFFFFFFFFFFFFFFFFFFFFF3B
:10B52000FFFFFFFFFFFFFFFFFFFFFFFFFFFFFFFF2B
:10B53000FFFFFFFFFFFFFFFFFFFFFFFFFFFFFFFF1B
:10B54000FFFFFFFFFFFFFFFFFFFFFFFFFFFFFFFF0B
:10B55000FFFFFFFFFFFFFFFFFFFFFFFFFFFFFFFFFB
:10B56000FFFFFFFFFFFFFFFFFFFFFFFFFFFFFFFFEB
:10B57000FFFFFFFFFFFFFFFFFFFFFFFFFFFFFFFFDB
:10B58000FFFFFFFFFFFFFFFFFFFFFFFFFFFFFFFFCB
:10B59000FFFFFFFFFFFFFFFFFFFFFFFFFFFFFFFFBB
:10B5A000FFFFFFFFFFFFFFFFFFFFFFFFFFFFFFFFAB
:10B5B000FFFFFFFFFFFFFFFFFFFFFFFFFFFFFFFF9B
:10B5C000FFFFFFFFFFFFFFFFFFFFFFFFFFFFFFFF8B
:10B5D000FFFFFFFFFFFFFFFFFFFFFFFFFFFFFFFF7B
:10B5E000FFFFFFFFFFFFFFFFFFFFFFFFFFFFFFFF6B
:10B5F000FFFFFFFFFFFFFFFFFFFFFFFFFFFFFFFF5B
:10B60000FFFFFFFFFFFFFFFFFFFFFFFFFFFFFFFF4A
:10B61000FFFFFFFFFFFFFFFFFFFFFFFFFFFFFFFF3A
:10B62000FFFFFFFFFFFFFFFFFFFFFFFFFFFFFFFF2A
:10B63000FFFFFFFFFFFFFFFFFFFFFFFFFFFFFFFF1A
:10B64000FFFFFFFFFFFFFFFFFFFFFFFFFFFFFFFF0A
:10B65000FFFFFFFFFFFFFFFFFFFFFFFFFFFFFFFFFA
:10B66000FFFFFFFFFFFFFFFFFFFFFFFFFFFFFFFFEA
:10B67000FFFFFFFFFFFFFFFFFFFFFFFFFFFFFFFFDA
:10B68000FFFFFFFFFFFFFFFFFFFFFFFFFFFFFFFFCA
:10B69000FFFFFFFFFFFFFFFFFFFFFFFFFFFFFFFFBA
:10B6A000FFFFFFFFFFFFFFFFFFFFFFFFFFFFFFFFAA
:10B6B000FFFFFFFFFFFFFFFFFFFFFFFFFFFFFFFF9A
:10B6C000FFFFFFFFFFFFFFFFFFFFFFFFFFFFFFFF8A
:10B6D000FFFFFFFFFFFFFFFFFFFFFFFFFFFFFFFF7A
:10B6E000FFFFFFFFFFFFFFFFFFFFFFFFFFFFFFFF6A
:10B6F000FFFFFFFFFFFFFFFFFFFFFFFFFFFFFFFF5A
:10B70000FFFFFFFFFFFFFFFFFFFFFFFFFFFFFFFF49
:10B71000FFFFFFFFFFFFFFFFFFFFFFFFFFFFFFFF39
:10B72000FFFFFFFFFFFFFFFFFFFFFFFFFFFFFFFF29
:10B73000FFFFFFFFFFFFFFFFFFFFFFFFFFFFFFFF19
:10B74000FFFFFFFFFFFFFFFFFFFFFFFFFFFFFFFF09
:10B75000FFFFFFFFFFFFFFFFFFFFFFFFFFFFFFFFF9
:10B76000FFFFFFFFFFFFFFFFFFFFFFFFFFFFFFFFE9
:10B77000FFFFFFFFFFFFFFFFFFFFFFFFFFFFFFFFD9
:10B78000FFFFFFFFFFFFFFFFFFFFFFFFFFFFFFFFC9
:10B79000FFFFFFFFFFFFFFFFFFFFFFFFFFFFFFFFB9
:10B7A000FFFFFFFFFFFFFFFFFFFFFFFFFFFFFFFFA9
:10B7B000FFFFFFFFFFFFFFFFFFFFFFFFFFFFFFFF99
:10B7C000FFFFFFFFFFFFFFFFFFFFFFFFFFFFFFFF89
:10B7D000FFFFFFFFFFFFFFFFFFFFFFFFFFFFFFFF79
:10B7E000FFFFFFFFFFFFFFFFFFFFFFFFFFFFFFFF69
:10B7F000FFFFFFFFFFFFFFFFFFFFFFFFFFFFFFFF59
:10B80000FFFFFFFFFFFFFFFFFFFFFFFFFFFFFFFF48
:10B81000FFFFFFFFFFFFFFFFFFFFFFFFFFFFFFFF38
:10B82000FFFFFFFFFFFFFFFFFFFFFFFFFFFFFFFF28
:10B83000FFFFFFFFFFFFFFFFFFFFFFFFFFFFFFFF18
:10B84000FFFFFFFFFFFFFFFFFFFFFFFFFFFFFFFF08
:10B85000FFFFFFFFFFFFFFFFFFFFFFFFFFFFFFFFF8
:10B86000FFFFFFFFFFFFFFFFFFFFFFFFFFFFFFFFE8
:10B87000FFFFFFFFFFFFFFFFFFFFFFFFFFFFFFFFD8
:10B88000FFFFFFFFFFFFFFFFFFFFFFFFFFFFFFFFC8
:10B89000FFFFFFFFFFFFFFFFFFFFFFFFFFFFFFFFB8
:10B8A000FFFFFFFFFFFFFFFFFFFFFFFFFFFFFFFFA8
:10B8B000FFFFFFFFFFFFFFFFFFFFFFFFFFFFFFFF98
:10B8C000FFFFFFFFFFFFFFFFFFFFFFFFFFFFFFFF88
:10B8D000FFFFFFFFFFFFFFFFFFFFFFFFFFFFFFFF78
:10B8E000FFFFFFFFFFFFFFFFFFFFFFFFFFFFFFFF68
:10B8F000FFFFFFFFFFFFFFFFFFFFFFFFFFFFFFFF58
:10B90000FFFFFFFFFFFFFFFFFFFFFFFFFFFFFFFF47
:10B91000FFFFFFFFFFFFFFFFFFFFFFFFFFFFFFFF37
:10B92000FFFFFFFFFFFFFFFFFFFFFFFFFFFFFFFF27
:10B93000FFFFFFFFFFFFFFFFFFFFFFFFFFFFFFFF17
:10B94000FFFFFFFFFFFFFFFFFFFFFFFFFFFFFFFF07
:10B95000FFFFFFFFFFFFFFFFFFFFFFFFFFFFFFFFF7
:10B96000FFFFFFFFFFFFFFFFFFFFFFFFFFFFFFFFE7
:10B97000FFFFFFFFFFFFFFFFFFFFFFFFFFFFFFFFD7
:10B98000FFFFFFFFFFFFFFFFFFFFFFFFFFFFFFFFC7
:10B99000FFFFFFFFFFFFFFFFFFFFFFFFFFFFFFFFB7
:10B9A000FFFFFFFFFFFFFFFFFFFFFFFFFFFFFFFFA7
:10B9B000FFFFFFFFFFFFFFFFFFFFFFFFFFFFFFFF97
:10B9C000FFFFFFFFFFFFFFFFFFFFFFFFFFFFFFFF87
:10B9D000FFFFFFFFFFFFFFFFFFFFFFFFFFFFFFFF77
:10B9E000FFFFFFFFFFFFFFFFFFFFFFFFFFFFFFFF67
:10B9F000FFFFFFFFFFFFFFFFFFFFFFFFFFFFFFFF57
:10BA0000FFFFFFFFFFFFFFFFFFFFFFFFFFFFFFFF46
:10BA1000FFFFFFFFFFFFFFFFFFFFFFFFFFFFFFFF36
:10BA2000FFFFFFFFFFFFFFFFFFFFFFFFFFFFFFFF26
:10BA3000FFFFFFFFFFFFFFFFFFFFFFFFFFFFFFFF16
:10BA4000FFFFFFFFFFFFFFFFFFFFFFFFFFFFFFFF06
:10BA5000FFFFFFFFFFFFFFFFFFFFFFFFFFFFFFFFF6
:10BA6000FFFFFFFFFFFFFFFFFFFFFFFFFFFFFFFFE6
:10BA7000FFFFFFFFFFFFFFFFFFFFFFFFFFFFFFFFD6
:10BA8000FFFFFFFFFFFFFFFFFFFFFFFFFFFFFFFFC6
:10BA9000FFFFFFFFFFFFFFFFFFFFFFFFFFFFFFFFB6
:10BAA000FFFFFFFFFFFFFFFFFFFFFFFFFFFFFFFFA6
:10BAB000FFFFFFFFFFFFFFFFFFFFFFFFFFFFFFFF96
:10BAC000FFFFFFFFFFFFFFFFFFFFFFFFFFFFFFFF86
:10BAD000FFFFFFFFFFFFFFFFFFFFFFFFFFFFFFFF76
:10BAE000FFFFFFFFFFFFFFFFFFFFFFFFFFFFFFFF66
:10BAF000FFFFFFFFFFFFFFFFFFFFFFFFFFFFFFFF56
:10BB0000FFFFFFFFFFFFFFFFFFFFFFFFFFFFFFFF45
:10BB1000FFFFFFFFFFFFFFFFFFFFFFFFFFFFFFFF35
:10BB2000FFFFFFFFFFFFFFFFFFFFFFFFFFFFFFFF25
:10BB3000FFFFFFFFFFFFFFFFFFFFFFFFFFFFFFFF15
:10BB4000FFFFFFFFFFFFFFFFFFFFFFFFFFFFFFFF05
:10BB5000FFFFFFFFFFFFFFFFFFFFFFFFFFFFFFFFF5
:10BB6000FFFFFFFFFFFFFFFFFFFFFFFFFFFFFFFFE5
:10BB7000FFFFFFFFFFFFFFFFFFFFFFFFFFFFFFFFD5
:10BB8000FFFFFFFFFFFFFFFFFFFFFFFFFFFFFFFFC5
:10BB9000FFFFFFFFFFFFFFFFFFFFFFFFFFFFFFFFB5
:10BBA000FFFFFFFFFFFFFFFFFFFFFFFFFFFFFFFFA5
:10BBB000FFFFFFFFFFFFFFFFFFFFFFFFFFFFFFFF95
:10BBC000FFFFFFFFFFFFFFFFFFFFFFFFFFFFFFFF85
:10BBD000FFFFFFFFFFFFFFFFFFFFFFFFFFFFFFFF75
:10BBE000FFFFFFFFFFFFFFFFFFFFFFFFFFFFFFFF65
:10BBF000FFFFFFFFFFFFFFFFFFFFFFFFFFFFFFFF55
:10BC0000FFFFFFFFFFFFFFFFFFFFFFFFFFFFFFFF44
:10BC1000FFFFFFFFFFFFFFFFFFFFFFFFFFFFFFFF34
:10BC2000FFFFFFFFFFFFFFFFFFFFFFFFFFFFFFFF24
:10BC3000FFFFFFFFFFFFFFFFFFFFFFFFFFFFFFFF14
:10BC4000FFFFFFFFFFFFFFFFFFFFFFFFFFFFFFFF04
:10BC5000FFFFFFFFFFFFFFFFFFFFFFFFFFFFFFFFF4
:10BC6000FFFFFFFFFFFFFFFFFFFFFFFFFFFFFFFFE4
:10BC7000FFFFFFFFFFFFFFFFFFFFFFFFFFFFFFFFD4
:10BC8000FFFFFFFFFFFFFFFFFFFFFFFFFFFFFFFFC4
:10BC9000FFFFFFFFFFFFFFFFFFFFFFFFFFFFFFFFB4
:10BCA000FFFFFFFFFFFFFFFFFFFFFFFFFFFFFFFFA4
:10BCB000FFFFFFFFFFFFFFFFFFFFFFFFFFFFFFFF94
:10BCC000FFFFFFFFFFFFFFFFFFFFFFFFFFFFFFFF84
:10BCD000FFFFFFFFFFFFFFFFFFFFFFFFFFFFFFFF74
:10BCE000FFFFFFFFFFFFFFFFFFFFFFFFFFFFFFFF64
:10BCF000FFFFFFFFFFFFFFFFFFFFFFFFFFFFFFFF54
:10BD0000FFFFFFFFFFFFFFFFFFFFFFFFFFFFFFFF43
:10BD1000FFFFFFFFFFFFFFFFFFFFFFFFFFFFFFFF33
:10BD2000FFFFFFFFFFFFFFFFFFFFFFFFFFFFFFFF23
:10BD3000FFFFFFFFFFFFFFFFFFFFFFFFFFFFFFFF13
:10BD4000FFFFFFFFFFFFFFFFFFFFFFFFFFFFFFFF03
:10BD5000FFFFFFFFFFFFFFFFFFFFFFFFFFFFFFFFF3
:10BD6000FFFFFFFFFFFFFFFFFFFFFFFFFFFFFFFFE3
:10BD7000FFFFFFFFFFFFFFFFFFFFFFFFFFFFFFFFD3
:10BD8000FFFFFFFFFFFFFFFFFFFFFFFFFFFFFFFFC3
:10BD9000FFFFFFFFFFFFFFFFFFFFFFFFFFFFFFFFB3
:10BDA000FFFFFFFFFFFFFFFFFFFFFFFFFFFFFFFFA3
:10BDB000FFFFFFFFFFFFFFFFFFFFFFFFFFFFFFFF93
:10BDC000FFFFFFFFFFFFFFFFFFFFFFFFFFFFFFFF83
:10BDD000FFFFFFFFFFFFFFFFFFFFFFFFFFFFFFFF73
:10BDE000FFFFFFFFFFFFFFFFFFFFFFFFFFFFFFFF63
:10BDF000FFFFFFFFFFFFFFFFFFFFFFFFFFFFFFFF53
:10BE0000FFFFFFFFFFFFFFFFFFFFFFFFFFFFFFFF42
:10BE1000FFFFFFFFFFFFFFFFFFFFFFFFFFFFFFFF32
:10BE2000FFFFFFFFFFFFFFFFFFFFFFFFFFFFFFFF22
:10BE3000FFFFFFFFFFFFFFFFFFFFFFFFFFFFFFFF12
:10BE4000FFFFFFFFFFFFFFFFFFFFFFFFFFFFFFFF02
:10BE5000FFFFFFFFFFFFFFFFFFFFFFFFFFFFFFFFF2
:10BE6000FFFFFFFFFFFFFFFFFFFFFFFFFFFFFFFFE2
:10BE7000FFFFFFFFFFFFFFFFFFFFFFFFFFFFFFFFD2
:10BE8000FFFFFFFFFFFFFFFFFFFFFFFFFFFFFFFFC2
:10BE9000FFFFFFFFFFFFFFFFFFFFFFFFFFFFFFFFB2
:10BEA000FFFFFFFFFFFFFFFFFFFFFFFFFFFFFFFFA2
:10BEB000FFFFFFFFFFFFFFFFFFFFFFFFFFFFFFFF92
:10BEC000FFFFFFFFFFFFFFFFFFFFFFFFFFFFFFFF82
:10BED000FFFFFFFFFFFFFFFFFFFFFFFFFFFFFFFF72
:10BEE000FFFFFFFFFFFFFFFFFFFFFFFFFFFFFFFF62
:10BEF000FFFFFFFFFFFFFFFFFFFFFFFFFFFFFFFF52
:10BF0000FFFFFFFFFFFFFFFFFFFFFFFFFFFFFFFF41
:10BF1000FFFFFFFFFFFFFFFFFFFFFFFFFFFFFFFF31
:10BF2000FFFFFFFFFFFFFFFFFFFFFFFFFFFFFFFF21
:10BF3000FFFFFFFFFFFFFFFFFFFFFFFFFFFFFFFF11
:10BF4000FFFFFFFFFFFFFFFFFFFFFFFFFFFFFFFF01
:10BF5000FFFFFFFFFFFFFFFFFFFFFFFFFFFFFFFFF1
:10BF6000FFFFFFFFFFFFFFFFFFFFFFFFFFFFFFFFE1
:10BF7000FFFFFFFFFFFFFFFFFFFFFFFFFFFFFFFFD1
:10BF8000FFFFFFFFFFFFFFFFFFFFFFFFFFFFFFFFC1
:10BF9000FFFFFFFFFFFFFFFFFFFFFFFFFFFFFFFFB1
:10BFA000FFFFFFFFFFFFFFFFFFFFFFFFFFFFFFFFA1
:10BFB000FFFFFFFFFFFFFFFFFFFFFFFFFFFFFFFF91
:10BFC000FFFFFFFFFFFFFFFFFFFFFFFFFFFFFFFF81
:10BFD000FFFFFFFFFFFFFFFFFFFFFFFFFFFFFFFF71
:10BFE000FFFFFFFFFFFFFFFFFFFFFFFFFFFFFFFF61
:10BFF000FFFFFFFFFFFFFFFFFFFFFFFFFFFFFFFF51
:10C00000FFFFFFFFFFFFFFFFFFFFFFFFFFFFFFFF40
:10C01000FFFFFFFFFFFFFFFFFFFFFFFFFFFFFFFF30
:10C02000FFFFFFFFFFFFFFFFFFFFFFFFFFFFFFFF20
:10C03000FFFFFFFFFFFFFFFFFFFFFFFFFFFFFFFF10
:10C04000FFFFFFFFFFFFFFFFFFFFFFFFFFFFFFFF00
:10C05000FFFFFFFFFFFFFFFFFFFFFFFFFFFFFFFFF0
:10C06000FFFFFFFFFFFFFFFFFFFFFFFFFFFFFFFFE0
:10C07000FFFFFFFFFFFFFFFFFFFFFFFFFFFFFFFFD0
:10C08000FFFFFFFFFFFFFFFFFFFFFFFFFFFFFFFFC0
:10C09000FFFFFFFFFFFFFFFFFFFFFFFFFFFFFFFFB0
:10C0A000FFFFFFFFFFFFFFFFFFFFFFFFFFFFFFFFA0
:10C0B000FFFFFFFFFFFFFFFFFFFFFFFFFFFFFFFF90
:10C0C000FFFFFFFFFFFFFFFFFFFFFFFFFFFFFFFF80
:10C0D000FFFFFFFFFFFFFFFFFFFFFFFFFFFFFFFF70
:10C0E000FFFFFFFFFFFFFFFFFFFFFFFFFFFFFFFF60
:10C0F000FFFFFFFFFFFFFFFFFFFFFFFFFFFFFFFF50
:10C10000FFFFFFFFFFFFFFFFFFFFFFFFFFFFFFFF3F
:10C11000FFFFFFFFFFFFFFFFFFFFFFFFFFFFFFFF2F
:10C12000FFFFFFFFFFFFFFFFFFFFFFFFFFFFFFFF1F
:10C13000FFFFFFFFFFFFFFFFFFFFFFFFFFFFFFFF0F
:10C14000FFFFFFFFFFFFFFFFFFFFFFFFFFFFFFFFFF
:10C15000FFFFFFFFFFFFFFFFFFFFFFFFFFFFFFFFEF
:10C16000FFFFFFFFFFFFFFFFFFFFFFFFFFFFFFFFDF
:10C17000FFFFFFFFFFFFFFFFFFFFFFFFFFFFFFFFCF
:10C18000FFFFFFFFFFFFFFFFFFFFFFFFFFFFFFFFBF
:10C19000FFFFFFFFFFFFFFFFFFFFFFFFFFFFFFFFAF
:10C1A000FFFFFFFFFFFFFFFFFFFFFFFFFFFFFFFF9F
:10C1B000FFFFFFFFFFFFFFFFFFFFFFFFFFFFFFFF8F
:10C1C000FFFFFFFFFFFFFFFFFFFFFFFFFFFFFFFF7F
:10C1D000FFFFFFFFFFFFFFFFFFFFFFFFFFFFFFFF6F
:10C1E000FFFFFFFFFFFFFFFFFFFFFFFFFFFFFFFF5F
:10C1F000FFFFFFFFFFFFFFFFFFFFFFFFFFFFFFFF4F
:10C20000FFFFFFFFFFFFFFFFFFFFFFFFFFFFFFFF3E
:10C21000FFFFFFFFFFFFFFFFFFFFFFFFFFFFFFFF2E
:10C22000FFFFFFFFFFFFFFFFFFFFFFFFFFFFFFFF1E
:10C23000FFFFFFFFFFFFFFFFFFFFFFFFFFFFFFFF0E
:10C24000FFFFFFFFFFFFFFFFFFFFFFFFFFFFFFFFFE
:10C25000FFFFFFFFFFFFFFFFFFFFFFFFFFFFFFFFEE
:10C26000FFFFFFFFFFFFFFFFFFFFFFFFFFFFFFFFDE
:10C27000FFFFFFFFFFFFFFFFFFFFFFFFFFFFFFFFCE
:10C28000FFFFFFFFFFFFFFFFFFFFFFFFFFFFFFFFBE
:10C29000FFFFFFFFFFFFFFFFFFFFFFFFFFFFFFFFAE
:10C2A000FFFFFFFFFFFFFFFFFFFFFFFFFFFFFFFF9E
:10C2B000FFFFFFFFFFFFFFFFFFFFFFFFFFFFFFFF8E
:10C2C000FFFFFFFFFFFFFFFFFFFFFFFFFFFFFFFF7E
:10C2D000FFFFFFFFFFFFFFFFFFFFFFFFFFFFFFFF6E
:10C2E000FFFFFFFFFFFFFFFFFFFFFFFFFFFFFFFF5E
:10C2F000FFFFFFFFFFFFFFFFFFFFFFFFFFFFFFFF4E
:10C30000FFFFFFFFFFFFFFFFFFFFFFFFFFFFFFFF3D
:10C31000FFFFFFFFFFFFFFFFFFFFFFFFFFFFFFFF2D
:10C32000FFFFFFFFFFFFFFFFFFFFFFFFFFFFFFFF1D
:10C33000FFFFFFFFFFFFFFFFFFFFFFFFFFFFFFFF0D
:10C34000FFFFFFFFFFFFFFFFFFFFFFFFFFFFFFFFFD
:10C35000FFFFFFFFFFFFFFFFFFFFFFFFFFFFFFFFED
:10C36000FFFFFFFFFFFFFFFFFFFFFFFFFFFFFFFFDD
:10C37000FFFFFFFFFFFFFFFFFFFFFFFFFFFFFFFFCD
:10C38000FFFFFFFFFFFFFFFFFFFFFFFFFFFFFFFFBD
:10C39000FFFFFFFFFFFFFFFFFFFFFFFFFFFFFFFFAD
:10C3A000FFFFFFFFFFFFFFFFFFFFFFFFFFFFFFFF9D
:10C3B000FFFFFFFFFFFFFFFFFFFFFFFFFFFFFFFF8D
:10C3C000FFFFFFFFFFFFFFFFFFFFFFFFFFFFFFFF7D
:10C3D000FFFFFFFFFFFFFFFFFFFFFFFFFFFFFFFF6D
:10C3E000FFFFFFFFFFFFFFFFFFFFFFFFFFFFFFFF5D
:10C3F000FFFFFFFFFFFFFFFFFFFFFFFFFFFFFFFF4D
:10C40000FFFFFFFFFFFFFFFFFFFFFFFFFFFFFFFF3C
:10C41000FFFFFFFFFFFFFFFFFFFFFFFFFFFFFFFF2C
:10C42000FFFFFFFFFFFFFFFFFFFFFFFFFFFFFFFF1C
:10C43000FFFFFFFFFFFFFFFFFFFFFFFFFFFFFFFF0C
:10C44000FFFFFFFFFFFFFFFFFFFFFFFFFFFFFFFFFC
:10C45000FFFFFFFFFFFFFFFFFFFFFFFFFFFFFFFFEC
:10C46000FFFFFFFFFFFFFFFFFFFFFFFFFFFFFFFFDC
:10C47000FFFFFFFFFFFFFFFFFFFFFFFFFFFFFFFFCC
:10C48000FFFFFFFFFFFFFFFFFFFFFFFFFFFFFFFFBC
:10C49000FFFFFFFFFFFFFFFFFFFFFFFFFFFFFFFFAC
:10C4A000FFFFFFFFFFFFFFFFFFFFFFFFFFFFFFFF9C
:10C4B000FFFFFFFFFFFFFFFFFFFFFFFFFFFFFFFF8C
:10C4C000FFFFFFFFFFFFFFFFFFFFFFFFFFFFFFFF7C
:10C4D000FFFFFFFFFFFFFFFFFFFFFFFFFFFFFFFF6C
:10C4E000FFFFFFFFFFFFFFFFFFFFFFFFFFFFFFFF5C
:10C4F000FFFFFFFFFFFFFFFFFFFFFFFFFFFFFFFF4C
:10C50000FFFFFFFFFFFFFFFFFFFFFFFFFFFFFFFF3B
:10C51000FFFFFFFFFFFFFFFFFFFFFFFFFFFFFFFF2B
:10C52000FFFFFFFFFFFFFFFFFFFFFFFFFFFFFFFF1B
:10C53000FFFFFFFFFFFFFFFFFFFFFFFFFFFFFFFF0B
:10C54000FFFFFFFFFFFFFFFFFFFFFFFFFFFFFFFFFB
:10C55000FFFFFFFFFFFFFFFFFFFFFFFFFFFFFFFFEB
:10C56000FFFFFFFFFFFFFFFFFFFFFFFFFFFFFFFFDB
:10C57000FFFFFFFFFFFFFFFFFFFFFFFFFFFFFFFFCB
:10C58000FFFFFFFFFFFFFFFFFFFFFFFFFFFFFFFFBB
:10C59000FFFFFFFFFFFFFFFFFFFFFFFFFFFFFFFFAB
:10C5A000FFFFFFFFFFFFFFFFFFFFFFFFFFFFFFFF9B
:10C5B000FFFFFFFFFFFFFFFFFFFFFFFFFFFFFFFF8B
:10C5C000FFFFFFFFFFFFFFFFFFFFFFFFFFFFFFFF7B
:10C5D000FFFFFFFFFFFFFFFFFFFFFFFFFFFFFFFF6B
:10C5E000FFFFFFFFFFFFFFFFFFFFFFFFFFFFFFFF5B
:10C5F000FFFFFFFFFFFFFFFFFFFFFFFFFFFFFFFF4B
:10C60000FFFFFFFFFFFFFFFFFFFFFFFFFFFFFFFF3A
:10C61000FFFFFFFFFFFFFFFFFFFFFFFFFFFFFFFF2A
:10C62000FFFFFFFFFFFFFFFFFFFFFFFFFFFFFFFF1A
:10C63000FFFFFFFFFFFFFFFFFFFFFFFFFFFFFFFF0A
:10C64000FFFFFFFFFFFFFFFFFFFFFFFFFFFFFFFFFA
:10C65000FFFFFFFFFFFFFFFFFFFFFFFFFFFFFFFFEA
:10C66000FFFFFFFFFFFFFFFFFFFFFFFFFFFFFFFFDA
:10C67000FFFFFFFFFFFFFFFFFFFFFFFFFFFFFFFFCA
:10C68000FFFFFFFFFFFFFFFFFFFFFFFFFFFFFFFFBA
:10C69000FFFFFFFFFFFFFFFFFFFFFFFFFFFFFFFFAA
:10C6A000FFFFFFFFFFFFFFFFFFFFFFFFFFFFFFFF9A
:10C6B000FFFFFFFFFFFFFFFFFFFFFFFFFFFFFFFF8A
:10C6C000FFFFFFFFFFFFFFFFFFFFFFFFFFFFFFFF7A
:10C6D000FFFFFFFFFFFFFFFFFFFFFFFFFFFFFFFF6A
:10C6E000FFFFFFFFFFFFFFFFFFFFFFFFFFFFFFFF5A
:10C6F000FFFFFFFFFFFFFFFFFFFFFFFFFFFFFFFF4A
:10C70000FFFFFFFFFFFFFFFFFFFFFFFFFFFFFFFF39
:10C71000FFFFFFFFFFFFFFFFFFFFFFFFFFFFFFFF29
:10C72000FFFFFFFFFFFFFFFFFFFFFFFFFFFFFFFF19
:10C73000FFFFFFFFFFFFFFFFFFFFFFFFFFFFFFFF09
:10C74000FFFFFFFFFFFFFFFFFFFFFFFFFFFFFFFFF9
:10C75000FFFFFFFFFFFFFFFFFFFFFFFFFFFFFFFFE9
:10C76000FFFFFFFFFFFFFFFFFFFFFFFFFFFFFFFFD9
:10C77000FFFFFFFFFFFFFFFFFFFFFFFFFFFFFFFFC9
:10C78000FFFFFFFFFFFFFFFFFFFFFFFFFFFFFFFFB9
:10C79000FFFFFFFFFFFFFFFFFFFFFFFFFFFFFFFFA9
:10C7A000FFFFFFFFFFFFFFFFFFFFFFFFFFFFFFFF99
:10C7B000FFFFFFFFFFFFFFFFFFFFFFFFFFFFFFFF89
:10C7C000FFFFFFFFFFFFFFFFFFFFFFFFFFFFFFFF79
:10C7D000FFFFFFFFFFFFFFFFFFFFFFFFFFFFFFFF69
:10C7E000FFFFFFFFFFFFFFFFFFFFFFFFFFFFFFFF59
:10C7F000FFFFFFFFFFFFFFFFFFFFFFFFFFFFFFFF49
:10C80000FFFFFFFFFFFFFFFFFFFFFFFFFFFFFFFF38
:10C81000FFFFFFFFFFFFFFFFFFFFFFFFFFFFFFFF28
:10C82000FFFFFFFFFFFFFFFFFFFFFFFFFFFFFFFF18
:10C83000FFFFFFFFFFFFFFFFFFFFFFFFFFFFFFFF08
:10C84000FFFFFFFFFFFFFFFFFFFFFFFFFFFFFFFFF8
:10C85000FFFFFFFFFFFFFFFFFFFFFFFFFFFFFFFFE8
:10C86000FFFFFFFFFFFFFFFFFFFFFFFFFFFFFFFFD8
:10C87000FFFFFFFFFFFFFFFFFFFFFFFFFFFFFFFFC8
:10C88000FFFFFFFFFFFFFFFFFFFFFFFFFFFFFFFFB8
:10C89000FFFFFFFFFFFFFFFFFFFFFFFFFFFFFFFFA8
:10C8A000FFFFFFFFFFFFFFFFFFFFFFFFFFFFFFFF98
:10C8B000FFFFFFFFFFFFFFFFFFFFFFFFFFFFFFFF88
:10C8C000FFFFFFFFFFFFFFFFFFFFFFFFFFFFFFFF78
:10C8D000FFFFFFFFFFFFFFFFFFFFFFFFFFFFFFFF68
:10C8E000FFFFFFFFFFFFFFFFFFFFFFFFFFFFFFFF58
:10C8F000FFFFFFFFFFFFFFFFFFFFFFFFFFFFFFFF48
:10C90000FFFFFFFFFFFFFFFFFFFFFFFFFFFFFFFF37
:10C91000FFFFFFFFFFFFFFFFFFFFFFFFFFFFFFFF27
:10C92000FFFFFFFFFFFFFFFFFFFFFFFFFFFFFFFF17
:10C93000FFFFFFFFFFFFFFFFFFFFFFFFFFFFFFFF07
:10C94000FFFFFFFFFFFFFFFFFFFFFFFFFFFFFFFFF7
:10C95000FFFFFFFFFFFFFFFFFFFFFFFFFFFFFFFFE7
:10C96000FFFFFFFFFFFFFFFFFFFFFFFFFFFFFFFFD7
:10C97000FFFFFFFFFFFFFFFFFFFFFFFFFFFFFFFFC7
:10C98000FFFFFFFFFFFFFFFFFFFFFFFFFFFFFFFFB7
:10C99000FFFFFFFFFFFFFFFFFFFFFFFFFFFFFFFFA7
:10C9A000FFFFFFFFFFFFFFFFFFFFFFFFFFFFFFFF97
:10C9B000FFFFFFFFFFFFFFFFFFFFFFFFFFFFFFFF87
:10C9C000FFFFFFFFFFFFFFFFFFFFFFFFFFFFFFFF77
:10C9D000FFFFFFFFFFFFFFFFFFFFFFFFFFFFFFFF67
:10C9E000FFFFFFFFFFFFFFFFFFFFFFFFFFFFFFFF57
:10C9F000FFFFFFFFFFFFFFFFFFFFFFFFFFFFFFFF47
:10CA0000FFFFFFFFFFFFFFFFFFFFFFFFFFFFFFFF36
:10CA1000FFFFFFFFFFFFFFFFFFFFFFFFFFFFFFFF26
:10CA2000FFFFFFFFFFFFFFFFFFFFFFFFFFFFFFFF16
:10CA3000FFFFFFFFFFFFFFFFFFFFFFFFFFFFFFFF06
:10CA4000FFFFFFFFFFFFFFFFFFFFFFFFFFFFFFFFF6
:10CA5000FFFFFFFFFFFFFFFFFFFFFFFFFFFFFFFFE6
:10CA6000FFFFFFFFFFFFFFFFFFFFFFFFFFFFFFFFD6
:10CA7000FFFFFFFFFFFFFFFFFFFFFFFFFFFFFFFFC6
:10CA8000FFFFFFFFFFFFFFFFFFFFFFFFFFFFFFFFB6
:10CA9000FFFFFFFFFFFFFFFFFFFFFFFFFFFFFFFFA6
:10CAA000FFFFFFFFFFFFFFFFFFFFFFFFFFFFFFFF96
:10CAB000FFFFFFFFFFFFFFFFFFFFFFFFFFFFFFFF86
:10CAC000FFFFFFFFFFFFFFFFFFFFFFFFFFFFFFFF76
:10CAD000FFFFFFFFFFFFFFFFFFFFFFFFFFFFFFFF66
:10CAE000FFFFFFFFFFFFFFFFFFFFFFFFFFFFFFFF56
:10CAF000FFFFFFFFFFFFFFFFFFFFFFFFFFFFFFFF46
:10CB0000FFFFFFFFFFFFFFFFFFFFFFFFFFFFFFFF35
:10CB1000FFFFFFFFFFFFFFFFFFFFFFFFFFFFFFFF25
:10CB2000FFFFFFFFFFFFFFFFFFFFFFFFFFFFFFFF15
:10CB3000FFFFFFFFFFFFFFFFFFFFFFFFFFFFFFFF05
:10CB4000FFFFFFFFFFFFFFFFFFFFFFFFFFFFFFFFF5
:10CB5000FFFFFFFFFFFFFFFFFFFFFFFFFFFFFFFFE5
:10CB6000FFFFFFFFFFFFFFFFFFFFFFFFFFFFFFFFD5
:10CB7000FFFFFFFFFFFFFFFFFFFFFFFFFFFFFFFFC5
:10CB8000FFFFFFFFFFFFFFFFFFFFFFFFFFFFFFFFB5
:10CB9000FFFFFFFFFFFFFFFFFFFFFFFFFFFFFFFFA5
:10CBA000FFFFFFFFFFFFFFFFFFFFFFFFFFFFFFFF95
:10CBB000FFFFFFFFFFFFFFFFFFFFFFFFFFFFFFFF85
:10CBC000FFFFFFFFFFFFFFFFFFFFFFFFFFFFFFFF75
:10CBD000FFFFFFFFFFFFFFFFFFFFFFFFFFFFFFFF65
:10CBE000FFFFFFFFFFFFFFFFFFFFFFFFFFFFFFFF55
:10CBF000FFFFFFFFFFFFFFFFFFFFFFFFFFFFFFFF45
:10CC0000FFFFFFFFFFFFFFFFFFFFFFFFFFFFFFFF34
:10CC1000FFFFFFFFFFFFFFFFFFFFFFFFFFFFFFFF24
:10CC2000FFFFFFFFFFFFFFFFFFFFFFFFFFFFFFFF14
:10CC3000FFFFFFFFFFFFFFFFFFFFFFFFFFFFFFFF04
:10CC4000FFFFFFFFFFFFFFFFFFFFFFFFFFFFFFFFF4
:10CC5000FFFFFFFFFFFFFFFFFFFFFFFFFFFFFFFFE4
:10CC6000FFFFFFFFFFFFFFFFFFFFFFFFFFFFFFFFD4
:10CC7000FFFFFFFFFFFFFFFFFFFFFFFFFFFFFFFFC4
:10CC8000FFFFFFFFFFFFFFFFFFFFFFFFFFFFFFFFB4
:10CC9000FFFFFFFFFFFFFFFFFFFFFFFFFFFFFFFFA4
:10CCA000FFFFFFFFFFFFFFFFFFFFFFFFFFFFFFFF94
:10CCB000FFFFFFFFFFFFFFFFFFFFFFFFFFFFFFFF84
:10CCC000FFFFFFFFFFFFFFFFFFFFFFFFFFFFFFFF74
:10CCD000FFFFFFFFFFFFFFFFFFFFFFFFFFFFFFFF64
:10CCE000FFFFFFFFFFFFFFFFFFFFFFFFFFFFFFFF54
:10CCF000FFFFFFFFFFFFFFFFFFFFFFFFFFFFFFFF44
:10CD0000FFFFFFFFFFFFFFFFFFFFFFFFFFFFFFFF33
:10CD1000FFFFFFFFFFFFFFFFFFFFFFFFFFFFFFFF23
:10CD2000FFFFFFFFFFFFFFFFFFFFFFFFFFFFFFFF13
:10CD3000FFFFFFFFFFFFFFFFFFFFFFFFFFFFFFFF03
:10CD4000FFFFFFFFFFFFFFFFFFFFFFFFFFFFFFFFF3
:10CD5000FFFFFFFFFFFFFFFFFFFFFFFFFFFFFFFFE3
:10CD6000FFFFFFFFFFFFFFFFFFFFFFFFFFFFFFFFD3
:10CD7000FFFFFFFFFFFFFFFFFFFFFFFFFFFFFFFFC3
:10CD8000FFFFFFFFFFFFFFFFFFFFFFFFFFFFFFFFB3
:10CD9000FFFFFFFFFFFFFFFFFFFFFFFFFFFFFFFFA3
:10CDA000FFFFFFFFFFFFFFFFFFFFFFFFFFFFFFFF93
:10CDB000FFFFFFFFFFFFFFFFFFFFFFFFFFFFFFFF83
:10CDC000FFFFFFFFFFFFFFFFFFFFFFFFFFFFFFFF73
:10CDD000FFFFFFFFFFFFFFFFFFFFFFFFFFFFFFFF63
:10CDE000FFFFFFFFFFFFFFFFFFFFFFFFFFFFFFFF53
:10CDF000FFFFFFFFFFFFFFFFFFFFFFFFFFFFFFFF43
:10CE0000FFFFFFFFFFFFFFFFFFFFFFFFFFFFFFFF32
:10CE1000FFFFFFFFFFFFFFFFFFFFFFFFFFFFFFFF22
:10CE2000FFFFFFFFFFFFFFFFFFFFFFFFFFFFFFFF12
:10CE3000FFFFFFFFFFFFFFFFFFFFFFFFFFFFFFFF02
:10CE4000FFFFFFFFFFFFFFFFFFFFFFFFFFFFFFFFF2
:10CE5000FFFFFFFFFFFFFFFFFFFFFFFFFFFFFFFFE2
:10CE6000FFFFFFFFFFFFFFFFFFFFFFFFFFFFFFFFD2
:10CE7000FFFFFFFFFFFFFFFFFFFFFFFFFFFFFFFFC2
:10CE8000FFFFFFFFFFFFFFFFFFFFFFFFFFFFFFFFB2
:10CE9000FFFFFFFFFFFFFFFFFFFFFFFFFFFFFFFFA2
:10CEA000FFFFFFFFFFFFFFFFFFFFFFFFFFFFFFFF92
:10CEB000FFFFFFFFFFFFFFFFFFFFFFFFFFFFFFFF82
:10CEC000FFFFFFFFFFFFFFFFFFFFFFFFFFFFFFFF72
:10CED000FFFFFFFFFFFFFFFFFFFFFFFFFFFFFFFF62
:10CEE000FFFFFFFFFFFFFFFFFFFFFFFFFFFFFFFF52
:10CEF000FFFFFFFFFFFFFFFFFFFFFFFFFFFFFFFF42
:10CF0000FFFFFFFFFFFFFFFFFFFFFFFFFFFFFFFF31
:10CF1000FFFFFFFFFFFFFFFFFFFFFFFFFFFFFFFF21
:10CF2000FFFFFFFFFFFFFFFFFFFFFFFFFFFFFFFF11
:10CF3000FFFFFFFFFFFFFFFFFFFFFFFFFFFFFFFF01
:10CF4000FFFFFFFFFFFFFFFFFFFFFFFFFFFFFFFFF1
:10CF5000FFFFFFFFFFFFFFFFFFFFFFFFFFFFFFFFE1
:10CF6000FFFFFFFFFFFFFFFFFFFFFFFFFFFFFFFFD1
:10CF7000FFFFFFFFFFFFFFFFFFFFFFFFFFFFFFFFC1
:10CF8000FFFFFFFFFFFFFFFFFFFFFFFFFFFFFFFFB1
:10CF9000FFFFFFFFFFFFFFFFFFFFFFFFFFFFFFFFA1
:10CFA000FFFFFFFFFFFFFFFFFFFFFFFFFFFFFFFF91
:10CFB000FFFFFFFFFFFFFFFFFFFFFFFFFFFFFFFF81
:10CFC000FFFFFFFFFFFFFFFFFFFFFFFFFFFFFFFF71
:10CFD000FFFFFFFFFFFFFFFFFFFFFFFFFFFFFFFF61
:10CFE000FFFFFFFFFFFFFFFFFFFFFFFFFFFFFFFF51
:10CFF000FFFFFFFFFFFFFFFFFFFFFFFFFFFFFFFF41
:10D00000FFFFFFFFFFFFFFFFFFFFFFFFFFFFFFFF30
:10D01000FFFFFFFFFFFFFFFFFFFFFFFFFFFFFFFF20
:10D02000FFFFFFFFFFFFFFFFFFFFFFFFFFFFFFFF10
:10D03000FFFFFFFFFFFFFFFFFFFFFFFFFFFFFFFF00
:10D04000FFFFFFFFFFFFFFFFFFFFFFFFFFFFFFFFF0
:10D05000FFFFFFFFFFFFFFFFFFFFFFFFFFFFFFFFE0
:10D06000FFFFFFFFFFFFFFFFFFFFFFFFFFFFFFFFD0
:10D07000FFFFFFFFFFFFFFFFFFFFFFFFFFFFFFFFC0
:10D08000FFFFFFFFFFFFFFFFFFFFFFFFFFFFFFFFB0
:10D09000FFFFFFFFFFFFFFFFFFFFFFFFFFFFFFFFA0
:10D0A000FFFFFFFFFFFFFFFFFFFFFFFFFFFFFFFF90
:10D0B000FFFFFFFFFFFFFFFFFFFFFFFFFFFFFFFF80
:10D0C000FFFFFFFFFFFFFFFFFFFFFFFFFFFFFFFF70
:10D0D000FFFFFFFFFFFFFFFFFFFFFFFFFFFFFFFF60
:10D0E000FFFFFFFFFFFFFFFFFFFFFFFFFFFFFFFF50
:10D0F000FFFFFFFFFFFFFFFFFFFFFFFFFFFFFFFF40
:10D10000FFFFFFFFFFFFFFFFFFFFFFFFFFFFFFFF2F
:10D11000FFFFFFFFFFFFFFFFFFFFFFFFFFFFFFFF1F
:10D12000FFFFFFFFFFFFFFFFFFFFFFFFFFFFFFFF0F
:10D13000FFFFFFFFFFFFFFFFFFFFFFFFFFFFFFFFFF
:10D14000FFFFFFFFFFFFFFFFFFFFFFFFFFFFFFFFEF
:10D15000FFFFFFFFFFFFFFFFFFFFFFFFFFFFFFFFDF
:10D16000FFFFFFFFFFFFFFFFFFFFFFFFFFFFFFFFCF
:10D17000FFFFFFFFFFFFFFFFFFFFFFFFFFFFFFFFBF
:10D18000FFFFFFFFFFFFFFFFFFFFFFFFFFFFFFFFAF
:10D19000FFFFFFFFFFFFFFFFFFFFFFFFFFFFFFFF9F
:10D1A000FFFFFFFFFFFFFFFFFFFFFFFFFFFFFFFF8F
:10D1B000FFFFFFFFFFFFFFFFFFFFFFFFFFFFFFFF7F
:10D1C000FFFFFFFFFFFFFFFFFFFFFFFFFFFFFFFF6F
:10D1D000FFFFFFFFFFFFFFFFFFFFFFFFFFFFFFFF5F
:10D1E000FFFFFFFFFFFFFFFFFFFFFFFFFFFFFFFF4F
:10D1F000FFFFFFFFFFFFFFFFFFFFFFFFFFFFFFFF3F
:10D20000FFFFFFFFFFFFFFFFFFFFFFFFFFFFFFFF2E
:10D21000FFFFFFFFFFFFFFFFFFFFFFFFFFFFFFFF1E
:10D22000FFFFFFFFFFFFFFFFFFFFFFFFFFFFFFFF0E
:10D23000FFFFFFFFFFFFFFFFFFFFFFFFFFFFFFFFFE
:10D24000FFFFFFFFFFFFFFFFFFFFFFFFFFFFFFFFEE
:10D25000FFFFFFFFFFFFFFFFFFFFFFFFFFFFFFFFDE
:10D26000FFFFFFFFFFFFFFFFFFFFFFFFFFFFFFFFCE
:10D27000FFFFFFFFFFFFFFFFFFFFFFFFFFFFFFFFBE
:10D28000FFFFFFFFFFFFFFFFFFFFFFFFFFFFFFFFAE
:10D29000FFFFFFFFFFFFFFFFFFFFFFFFFFFFFFFF9E
:10D2A000FFFFFFFFFFFFFFFFFFFFFFFFFFFFFFFF8E
:10D2B000FFFFFFFFFFFFFFFFFFFFFFFFFFFFFFFF7E
:10D2C000FFFFFFFFFFFFFFFFFFFFFFFFFFFFFFFF6E
:10D2D000FFFFFFFFFFFFFFFFFFFFFFFFFFFFFFFF5E
:10D2E000FFFFFFFFFFFFFFFFFFFFFFFFFFFFFFFF4E
:10D2F000FFFFFFFFFFFFFFFFFFFFFFFFFFFFFFFF3E
:10D30000FFFFFFFFFFFFFFFFFFFFFFFFFFFFFFFF2D
:10D31000FFFFFFFFFFFFFFFFFFFFFFFFFFFFFFFF1D
:10D32000FFFFFFFFFFFFFFFFFFFFFFFFFFFFFFFF0D
:10D33000FFFFFFFFFFFFFFFFFFFFFFFFFFFFFFFFFD
:10D34000FFFFFFFFFFFFFFFFFFFFFFFFFFFFFFFFED
:10D35000FFFFFFFFFFFFFFFFFFFFFFFFFFFFFFFFDD
:10D36000FFFFFFFFFFFFFFFFFFFFFFFFFFFFFFFFCD
:10D37000FFFFFFFFFFFFFFFFFFFFFFFFFFFFFFFFBD
:10D38000FFFFFFFFFFFFFFFFFFFFFFFFFFFFFFFFAD
:10D39000FFFFFFFFFFFFFFFFFFFFFFFFFFFFFFFF9D
:10D3A000FFFFFFFFFFFFFFFFFFFFFFFFFFFFFFFF8D
:10D3B000FFFFFFFFFFFFFFFFFFFFFFFFFFFFFFFF7D
:10D3C000FFFFFFFFFFFFFFFFFFFFFFFFFFFFFFFF6D
:10D3D000FFFFFFFFFFFFFFFFFFFFFFFFFFFFFFFF5D
:10D3E000FFFFFFFFFFFFFFFFFFFFFFFFFFFFFFFF4D
:10D3F000FFFFFFFFFFFFFFFFFFFFFFFFFFFFFFFF3D
:10D40000FFFFFFFFFFFFFFFFFFFFFFFFFFFFFFFF2C
:10D41000FFFFFFFFFFFFFFFFFFFFFFFFFFFFFFFF1C
:10D42000FFFFFFFFFFFFFFFFFFFFFFFFFFFFFFFF0C
:10D43000FFFFFFFFFFFFFFFFFFFFFFFFFFFFFFFFFC
:10D44000FFFFFFFFFFFFFFFFFFFFFFFFFFFFFFFFEC
:10D45000FFFFFFFFFFFFFFFFFFFFFFFFFFFFFFFFDC
:10D46000FFFFFFFFFFFFFFFFFFFFFFFFFFFFFFFFCC
:10D47000FFFFFFFFFFFFFFFFFFFFFFFFFFFFFFFFBC
:10D48000FFFFFFFFFFFFFFFFFFFFFFFFFFFFFFFFAC
:10D49000FFFFFFFFFFFFFFFFFFFFFFFFFFFFFFFF9C
:10D4A000FFFFFFFFFFFFFFFFFFFFFFFFFFFFFFFF8C
:10D4B000FFFFFFFFFFFFFFFFFFFFFFFFFFFFFFFF7C
:10D4C000FFFFFFFFFFFFFFFFFFFFFFFFFFFFFFFF6C
:10D4D000FFFFFFFFFFFFFFFFFFFFFFFFFFFFFFFF5C
:10D4E000FFFFFFFFFFFFFFFFFFFFFFFFFFFFFFFF4C
:10D4F000FFFFFFFFFFFFFFFFFFFFFFFFFFFFFFFF3C
:10D50000FFFFFFFFFFFFFFFFFFFFFFFFFFFFFFFF2B
:10D51000FFFFFFFFFFFFFFFFFFFFFFFFFFFFFFFF1B
:10D52000FFFFFFFFFFFFFFFFFFFFFFFFFFFFFFFF0B
:10D53000FFFFFFFFFFFFFFFFFFFFFFFFFFFFFFFFFB
:10D54000FFFFFFFFFFFFFFFFFFFFFFFFFFFFFFFFEB
:10D55000FFFFFFFFFFFFFFFFFFFFFFFFFFFFFFFFDB
:10D56000FFFFFFFFFFFFFFFFFFFFFFFFFFFFFFFFCB
:10D57000FFFFFFFFFFFFFFFFFFFFFFFFFFFFFFFFBB
:10D58000FFFFFFFFFFFFFFFFFFFFFFFFFFFFFFFFAB
:10D59000FFFFFFFFFFFFFFFFFFFFFFFFFFFFFFFF9B
:10D5A000FFFFFFFFFFFFFFFFFFFFFFFFFFFFFFFF8B
:10D5B000FFFFFFFFFFFFFFFFFFFFFFFFFFFFFFFF7B
:10D5C000FFFFFFFFFFFFFFFFFFFFFFFFFFFFFFFF6B
:10D5D000FFFFFFFFFFFFFFFFFFFFFFFFFFFFFFFF5B
:10D5E000FFFFFFFFFFFFFFFFFFFFFFFFFFFFFFFF4B
:10D5F000FFFFFFFFFFFFFFFFFFFFFFFFFFFFFFFF3B
:10D60000FFFFFFFFFFFFFFFFFFFFFFFFFFFFFFFF2A
:10D61000FFFFFFFFFFFFFFFFFFFFFFFFFFFFFFFF1A
:10D62000FFFFFFFFFFFFFFFFFFFFFFFFFFFFFFFF0A
:10D63000FFFFFFFFFFFFFFFFFFFFFFFFFFFFFFFFFA
:10D64000FFFFFFFFFFFFFFFFFFFFFFFFFFFFFFFFEA
:10D65000FFFFFFFFFFFFFFFFFFFFFFFFFFFFFFFFDA
:10D66000FFFFFFFFFFFFFFFFFFFFFFFFFFFFFFFFCA
:10D67000FFFFFFFFFFFFFFFFFFFFFFFFFFFFFFFFBA
:10D68000FFFFFFFFFFFFFFFFFFFFFFFFFFFFFFFFAA
:10D69000FFFFFFFFFFFFFFFFFFFFFFFFFFFFFFFF9A
:10D6A000FFFFFFFFFFFFFFFFFFFFFFFFFFFFFFFF8A
:10D6B000FFFFFFFFFFFFFFFFFFFFFFFFFFFFFFFF7A
:10D6C000FFFFFFFFFFFFFFFFFFFFFFFFFFFFFFFF6A
:10D6D000FFFFFFFFFFFFFFFFFFFFFFFFFFFFFFFF5A
:10D6E000FFFFFFFFFFFFFFFFFFFFFFFFFFFFFFFF4A
:10D6F000FFFFFFFFFFFFFFFFFFFFFFFFFFFFFFFF3A
:10D70000FFFFFFFFFFFFFFFFFFFFFFFFFFFFFFFF29
:10D71000FFFFFFFFFFFFFFFFFFFFFFFFFFFFFFFF19
:10D72000FFFFFFFFFFFFFFFFFFFFFFFFFFFFFFFF09
:10D73000FFFFFFFFFFFFFFFFFFFFFFFFFFFFFFFFF9
:10D74000FFFFFFFFFFFFFFFFFFFFFFFFFFFFFFFFE9
:10D75000FFFFFFFFFFFFFFFFFFFFFFFFFFFFFFFFD9
:10D76000FFFFFFFFFFFFFFFFFFFFFFFFFFFFFFFFC9
:10D77000FFFFFFFFFFFFFFFFFFFFFFFFFFFFFFFFB9
:10D78000FFFFFFFFFFFFFFFFFFFFFFFFFFFFFFFFA9
:10D79000FFFFFFFFFFFFFFFFFFFFFFFFFFFFFFFF99
:10D7A000FFFFFFFFFFFFFFFFFFFFFFFFFFFFFFFF89
:10D7B000FFFFFFFFFFFFFFFFFFFFFFFFFFFFFFFF79
:10D7C000FFFFFFFFFFFFFFFFFFFFFFFFFFFFFFFF69
:10D7D000FFFFFFFFFFFFFFFFFFFFFFFFFFFFFFFF59
:10D7E000FFFFFFFFFFFFFFFFFFFFFFFFFFFFFFFF49
:10D7F000FFFFFFFFFFFFFFFFFFFFFFFFFFFFFFFF39
:10D80000FFFFFFFFFFFFFFFFFFFFFFFFFFFFFFFF28
:10D81000FFFFFFFFFFFFFFFFFFFFFFFFFFFFFFFF18
:10D82000FFFFFFFFFFFFFFFFFFFFFFFFFFFFFFFF08
:10D83000FFFFFFFFFFFFFFFFFFFFFFFFFFFFFFFFF8
:10D84000FFFFFFFFFFFFFFFFFFFFFFFFFFFFFFFFE8
:10D85000FFFFFFFFFFFFFFFFFFFFFFFFFFFFFFFFD8
:10D86000FFFFFFFFFFFFFFFFFFFFFFFFFFFFFFFFC8
:10D87000FFFFFFFFFFFFFFFFFFFFFFFFFFFFFFFFB8
:10D88000FFFFFFFFFFFFFFFFFFFFFFFFFFFFFFFFA8
:10D89000FFFFFFFFFFFFFFFFFFFFFFFFFFFFFFFF98
:10D8A000FFFFFFFFFFFFFFFFFFFFFFFFFFFFFFFF88
:10D8B000FFFFFFFFFFFFFFFFFFFFFFFFFFFFFFFF78
:10D8C000FFFFFFFFFFFFFFFFFFFFFFFFFFFFFFFF68
:10D8D000FFFFFFFFFFFFFFFFFFFFFFFFFFFFFFFF58
:10D8E000FFFFFFFFFFFFFFFFFFFFFFFFFFFFFFFF48
:10D8F000FFFFFFFFFFFFFFFFFFFFFFFFFFFFFFFF38
:10D90000FFFFFFFFFFFFFFFFFFFFFFFFFFFFFFFF27
:10D91000FFFFFFFFFFFFFFFFFFFFFFFFFFFFFFFF17
:10D92000FFFFFFFFFFFFFFFFFFFFFFFFFFFFFFFF07
:10D93000FFFFFFFFFFFFFFFFFFFFFFFFFFFFFFFFF7
:10D94000FFFFFFFFFFFFFFFFFFFFFFFFFFFFFFFFE7
:10D95000FFFFFFFFFFFFFFFFFFFFFFFFFFFFFFFFD7
:10D96000FFFFFFFFFFFFFFFFFFFFFFFFFFFFFFFFC7
:10D97000FFFFFFFFFFFFFFFFFFFFFFFFFFFFFFFFB7
:10D98000FFFFFFFFFFFFFFFFFFFFFFFFFFFFFFFFA7
:10D99000FFFFFFFFFFFFFFFFFFFFFFFFFFFFFFFF97
:10D9A000FFFFFFFFFFFFFFFFFFFFFFFFFFFFFFFF87
:10D9B000FFFFFFFFFFFFFFFFFFFFFFFFFFFFFFFF77
:10D9C000FFFFFFFFFFFFFFFFFFFFFFFFFFFFFFFF67
:10D9D000FFFFFFFFFFFFFFFFFFFFFFFFFFFFFFFF57
:10D9E000FFFFFFFFFFFFFFFFFFFFFFFFFFFFFFFF47
:10D9F000FFFFFFFFFFFFFFFFFFFFFFFFFFFFFFFF37
:10DA0000FFFFFFFFFFFFFFFFFFFFFFFFFFFFFFFF26
:10DA1000FFFFFFFFFFFFFFFFFFFFFFFFFFFFFFFF16
:10DA2000FFFFFFFFFFFFFFFFFFFFFFFFFFFFFFFF06
:10DA3000FFFFFFFFFFFFFFFFFFFFFFFFFFFFFFFFF6
:10DA4000FFFFFFFFFFFFFFFFFFFFFFFFFFFFFFFFE6
:10DA5000FFFFFFFFFFFFFFFFFFFFFFFFFFFFFFFFD6
:10DA6000FFFFFFFFFFFFFFFFFFFFFFFFFFFFFFFFC6
:10DA7000FFFFFFFFFFFFFFFFFFFFFFFFFFFFFFFFB6
:10DA8000FFFFFFFFFFFFFFFFFFFFFFFFFFFFFFFFA6
:10DA9000FFFFFFFFFFFFFFFFFFFFFFFFFFFFFFFF96
:10DAA000FFFFFFFFFFFFFFFFFFFFFFFFFFFFFFFF86
:10DAB000FFFFFFFFFFFFFFFFFFFFFFFFFFFFFFFF76
:10DAC000FFFFFFFFFFFFFFFFFFFFFFFFFFFFFFFF66
:10DAD000FFFFFFFFFFFFFFFFFFFFFFFFFFFFFFFF56
:10DAE000FFFFFFFFFFFFFFFFFFFFFFFFFFFFFFFF46
:10DAF000FFFFFFFFFFFFFFFFFFFFFFFFFFFFFFFF36
:10DB0000FFFFFFFFFFFFFFFFFFFFFFFFFFFFFFFF25
:10DB1000FFFFFFFFFFFFFFFFFFFFFFFFFFFFFFFF15
:10DB2000FFFFFFFFFFFFFFFFFFFFFFFFFFFFFFFF05
:10DB3000FFFFFFFFFFFFFFFFFFFFFFFFFFFFFFFFF5
:10DB4000FFFFFFFFFFFFFFFFFFFFFFFFFFFFFFFFE5
:10DB5000FFFFFFFFFFFFFFFFFFFFFFFFFFFFFFFFD5
:10DB6000FFFFFFFFFFFFFFFFFFFFFFFFFFFFFFFFC5
:10DB7000FFFFFFFFFFFFFFFFFFFFFFFFFFFFFFFFB5
:10DB8000FFFFFFFFFFFFFFFFFFFFFFFFFFFFFFFFA5
:10DB9000FFFFFFFFFFFFFFFFFFFFFFFFFFFFFFFF95
:10DBA000FFFFFFFFFFFFFFFFFFFFFFFFFFFFFFFF85
:10DBB000FFFFFFFFFFFFFFFFFFFFFFFFFFFFFFFF75
:10DBC000FFFFFFFFFFFFFFFFFFFFFFFFFFFFFFFF65
:10DBD000FFFFFFFFFFFFFFFFFFFFFFFFFFFFFFFF55
:10DBE000FFFFFFFFFFFFFFFFFFFFFFFFFFFFFFFF45
:10DBF000FFFFFFFFFFFFFFFFFFFFFFFFFFFFFFFF35
:10DC0000FFFFFFFFFFFFFFFFFFFFFFFFFFFFFFFF24
:10DC1000FFFFFFFFFFFFFFFFFFFFFFFFFFFFFFFF14
:10DC2000FFFFFFFFFFFFFFFFFFFFFFFFFFFFFFFF04
:10DC3000FFFFFFFFFFFFFFFFFFFFFFFFFFFFFFFFF4
:10DC4000FFFFFFFFFFFFFFFFFFFFFFFFFFFFFFFFE4
:10DC5000FFFFFFFFFFFFFFFFFFFFFFFFFFFFFFFFD4
:10DC6000FFFFFFFFFFFFFFFFFFFFFFFFFFFFFFFFC4
:10DC7000FFFFFFFFFFFFFFFFFFFFFFFFFFFFFFFFB4
:10DC8000FFFFFFFFFFFFFFFFFFFFFFFFFFFFFFFFA4
:10DC9000FFFFFFFFFFFFFFFFFFFFFFFFFFFFFFFF94
:10DCA000FFFFFFFFFFFFFFFFFFFFFFFFFFFFFFFF84
:10DCB000FFFFFFFFFFFFFFFFFFFFFFFFFFFFFFFF74
:10DCC000FFFFFFFFFFFFFFFFFFFFFFFFFFFFFFFF64
:10DCD000FFFFFFFFFFFFFFFFFFFFFFFFFFFFFFFF54
:10DCE000FFFFFFFFFFFFFFFFFFFFFFFFFFFFFFFF44
:10DCF000FFFFFFFFFFFFFFFFFFFFFFFFFFFFFFFF34
:10DD0000FFFFFFFFFFFFFFFFFFFFFFFFFFFFFFFF23
:10DD1000FFFFFFFFFFFFFFFFFFFFFFFFFFFFFFFF13
:10DD2000FFFFFFFFFFFFFFFFFFFFFFFFFFFFFFFF03
:10DD3000FFFFFFFFFFFFFFFFFFFFFFFFFFFFFFFFF3
:10DD4000FFFFFFFFFFFFFFFFFFFFFFFFFFFFFFFFE3
:10DD5000FFFFFFFFFFFFFFFFFFFFFFFFFFFFFFFFD3
:10DD6000FFFFFFFFFFFFFFFFFFFFFFFFFFFFFFFFC3
:10DD7000FFFFFFFFFFFFFFFFFFFFFFFFFFFFFFFFB3
:10DD8000FFFFFFFFFFFFFFFFFFFFFFFFFFFFFFFFA3
:10DD9000FFFFFFFFFFFFFFFFFFFFFFFFFFFFFFFF93
:10DDA000FFFFFFFFFFFFFFFFFFFFFFFFFFFFFFFF83
:10DDB000FFFFFFFFFFFFFFFFFFFFFFFFFFFFFFFF73
:10DDC000FFFFFFFFFFFFFFFFFFFFFFFFFFFFFFFF63
:10DDD000FFFFFFFFFFFFFFFFFFFFFFFFFFFFFFFF53
:10DDE000FFFFFFFFFFFFFFFFFFFFFFFFFFFFFFFF43
:10DDF000FFFFFFFFFFFFFFFFFFFFFFFFFFFFFFFF33
:10DE0000FFFFFFFFFFFFFFFFFFFFFFFFFFFFFFFF22
:10DE1000FFFFFFFFFFFFFFFFFFFFFFFFFFFFFFFF12
:10DE2000FFFFFFFFFFFFFFFFFFFFFFFFFFFFFFFF02
:10DE3000FFFFFFFFFFFFFFFFFFFFFFFFFFFFFFFFF2
:10DE4000FFFFFFFFFFFFFFFFFFFFFFFFFFFFFFFFE2
:10DE5000FFFFFFFFFFFFFFFFFFFFFFFFFFFFFFFFD2
:10DE6000FFFFFFFFFFFFFFFFFFFFFFFFFFFFFFFFC2
:10DE7000FFFFFFFFFFFFFFFFFFFFFFFFFFFFFFFFB2
:10DE8000FFFFFFFFFFFFFFFFFFFFFFFFFFFFFFFFA2
:10DE9000FFFFFFFFFFFFFFFFFFFFFFFFFFFFFFFF92
:10DEA000FFFFFFFFFFFFFFFFFFFFFFFFFFFFFFFF82
:10DEB000FFFFFFFFFFFFFFFFFFFFFFFFFFFFFFFF72
:10DEC000FFFFFFFFFFFFFFFFFFFFFFFFFFFFFFFF62
:10DED000FFFFFFFFFFFFFFFFFFFFFFFFFFFFFFFF52
:10DEE000FFFFFFFFFFFFFFFFFFFFFFFFFFFFFFFF42
:10DEF000FFFFFFFFFFFFFFFFFFFFFFFFFFFFFFFF32
:10DF0000FFFFFFFFFFFFFFFFFFFFFFFFFFFFFFFF21
:10DF1000FFFFFFFFFFFFFFFFFFFFFFFFFFFFFFFF11
:10DF2000FFFFFFFFFFFFFFFFFFFFFFFFFFFFFFFF01
:10DF3000FFFFFFFFFFFFFFFFFFFFFFFFFFFFFFFFF1
:10DF4000FFFFFFFFFFFFFFFFFFFFFFFFFFFFFFFFE1
:10DF5000FFFFFFFFFFFFFFFFFFFFFFFFFFFFFFFFD1
:10DF6000FFFFFFFFFFFFFFFFFFFFFFFFFFFFFFFFC1
:10DF7000FFFFFFFFFFFFFFFFFFFFFFFFFFFFFFFFB1
:10DF8000FFFFFFFFFFFFFFFFFFFFFFFFFFFFFFFFA1
:10DF9000FFFFFFFFFFFFFFFFFFFFFFFFFFFFFFFF91
:10DFA000FFFFFFFFFFFFFFFFFFFFFFFFFFFFFFFF81
:10DFB000FFFFFFFFFFFFFFFFFFFFFFFFFFFFFFFF71
:10DFC000FFFFFFFFFFFFFFFFFFFFFFFFFFFFFFFF61
:10DFD000FFFFFFFFFFFFFFFFFFFFFFFFFFFFFFFF51
:10DFE000FFFFFFFFFFFFFFFFFFFFFFFFFFFFFFFF41
:10DFF000FFFFFFFFFFFFFFFFFFFFFFFFFFFFFFFF31
:10E00000FFFFFFFFFFFFFFFFFFFFFFFFFFFFFFFF20
:10E01000FFFFFFFFFFFFFFFFFFFFFFFFFFFFFFFF10
:10E02000FFFFFFFFFFFFFFFFFFFFFFFFFFFFFFFF00
:10E03000FFFFFFFFFFFFFFFFFFFFFFFFFFFFFFFFF0
:10E04000FFFFFFFFFFFFFFFFFFFFFFFFFFFFFFFFE0
:10E05000FFFFFFFFFFFFFFFFFFFFFFFFFFFFFFFFD0
:10E06000FFFFFFFFFFFFFFFFFFFFFFFFFFFFFFFFC0
:10E07000FFFFFFFFFFFFFFFFFFFFFFFFFFFFFFFFB0
:10E08000FFFFFFFFFFFFFFFFFFFFFFFFFFFFFFFFA0
:10E09000FFFFFFFFFFFFFFFFFFFFFFFFFFFFFFFF90
:10E0A000FFFFFFFFFFFFFFFFFFFFFFFFFFFFFFFF80
:10E0B000FFFFFFFFFFFFFFFFFFFFFFFFFFFFFFFF70
:10E0C000FFFFFFFFFFFFFFFFFFFFFFFFFFFFFFFF60
:10E0D000FFFFFFFFFFFFFFFFFFFFFFFFFFFFFFFF50
:10E0E000FFFFFFFFFFFFFFFFFFFFFFFFFFFFFFFF40
:10E0F000FFFFFFFFFFFFFFFFFFFFFFFFFFFFFFFF30
:10E10000FFFFFFFFFFFFFFFFFFFFFFFFFFFFFFFF1F
:10E11000FFFFFFFFFFFFFFFFFFFFFFFFFFFFFFFF0F
:10E12000FFFFFFFFFFFFFFFFFFFFFFFFFFFFFFFFFF
:10E13000FFFFFFFFFFFFFFFFFFFFFFFFFFFFFFFFEF
:10E14000FFFFFFFFFFFFFFFFFFFFFFFFFFFFFFFFDF
:10E15000FFFFFFFFFFFFFFFFFFFFFFFFFFFFFFFFCF
:10E16000FFFFFFFFFFFFFFFFFFFFFFFFFFFFFFFFBF
:10E17000FFFFFFFFFFFFFFFFFFFFFFFFFFFFFFFFAF
:10E18000FFFFFFFFFFFFFFFFFFFFFFFFFFFFFFFF9F
:10E19000FFFFFFFFFFFFFFFFFFFFFFFFFFFFFFFF8F
:10E1A000FFFFFFFFFFFFFFFFFFFFFFFFFFFFFFFF7F
:10E1B000FFFFFFFFFFFFFFFFFFFFFFFFFFFFFFFF6F
:10E1C000FFFFFFFFFFFFFFFFFFFFFFFFFFFFFFFF5F
:10E1D000FFFFFFFFFFFFFFFFFFFFFFFFFFFFFFFF4F
:10E1E000FFFFFFFFFFFFFFFFFFFFFFFFFFFFFFFF3F
:10E1F000FFFFFFFFFFFFFFFFFFFFFFFFFFFFFFFF2F
:10E20000FFFFFFFFFFFFFFFFFFFFFFFFFFFFFFFF1E
:10E21000FFFFFFFFFFFFFFFFFFFFFFFFFFFFFFFF0E
:10E22000FFFFFFFFFFFFFFFFFFFFFFFFFFFFFFFFFE
:10E23000FFFFFFFFFFFFFFFFFFFFFFFFFFFFFFFFEE
:10E24000FFFFFFFFFFFFFFFFFFFFFFFFFFFFFFFFDE
:10E25000FFFFFFFFFFFFFFFFFFFFFFFFFFFFFFFFCE
:10E26000FFFFFFFFFFFFFFFFFFFFFFFFFFFFFFFFBE
:10E27000FFFFFFFFFFFFFFFFFFFFFFFFFFFFFFFFAE
:10E28000FFFFFFFFFFFFFFFFFFFFFFFFFFFFFFFF9E
:10E29000FFFFFFFFFFFFFFFFFFFFFFFFFFFFFFFF8E
:10E2A000FFFFFFFFFFFFFFFFFFFFFFFFFFFFFFFF7E
:10E2B000FFFFFFFFFFFFFFFFFFFFFFFFFFFFFFFF6E
:10E2C000FFFFFFFFFFFFFFFFFFFFFFFFFFFFFFFF5E
:10E2D000FFFFFFFFFFFFFFFFFFFFFFFFFFFFFFFF4E
:10E2E000FFFFFFFFFFFFFFFFFFFFFFFFFFFFFFFF3E
:10E2F000FFFFFFFFFFFFFFFFFFFFFFFFFFFFFFFF2E
:10E30000FFFFFFFFFFFFFFFFFFFFFFFFFFFFFFFF1D
:10E31000FFFFFFFFFFFFFFFFFFFFFFFFFFFFFFFF0D
:10E32000FFFFFFFFFFFFFFFFFFFFFFFFFFFFFFFFFD
:10E33000FFFFFFFFFFFFFFFFFFFFFFFFFFFFFFFFED
:10E34000FFFFFFFFFFFFFFFFFFFFFFFFFFFFFFFFDD
:10E35000FFFFFFFFFFFFFFFFFFFFFFFFFFFFFFFFCD
:10E36000FFFFFFFFFFFFFFFFFFFFFFFFFFFFFFFFBD
:10E37000FFFFFFFFFFFFFFFFFFFFFFFFFFFFFFFFAD
:10E38000FFFFFFFFFFFFFFFFFFFFFFFFFFFFFFFF9D
:10E39000FFFFFFFFFFFFFFFFFFFFFFFFFFFFFFFF8D
:10E3A000FFFFFFFFFFFFFFFFFFFFFFFFFFFFFFFF7D
:10E3B000FFFFFFFFFFFFFFFFFFFFFFFFFFFFFFFF6D
:10E3C000FFFFFFFFFFFFFFFFFFFFFFFFFFFFFFFF5D
:10E3D000FFFFFFFFFFFFFFFFFFFFFFFFFFFFFFFF4D
:10E3E000FFFFFFFFFFFFFFFFFFFFFFFFFFFFFFFF3D
:10E3F000FFFFFFFFFFFFFFFFFFFFFFFFFFFFFFFF2D
:10E40000FFFFFFFFFFFFFFFFFFFFFFFFFFFFFFFF1C
:10E41000FFFFFFFFFFFFFFFFFFFFFFFFFFFFFFFF0C
:10E42000FFFFFFFFFFFFFFFFFFFFFFFFFFFFFFFFFC
:10E43000FFFFFFFFFFFFFFFFFFFFFFFFFFFFFFFFEC
:10E44000FFFFFFFFFFFFFFFFFFFFFFFFFFFFFFFFDC
:10E45000FFFFFFFFFFFFFFFFFFFFFFFFFFFFFFFFCC
:10E46000FFFFFFFFFFFFFFFFFFFFFFFFFFFFFFFFBC
:10E47000FFFFFFFFFFFFFFFFFFFFFFFFFFFFFFFFAC
:10E48000FFFFFFFFFFFFFFFFFFFFFFFFFFFFFFFF9C
:10E49000FFFFFFFFFFFFFFFFFFFFFFFFFFFFFFFF8C
:10E4A000FFFFFFFFFFFFFFFFFFFFFFFFFFFFFFFF7C
:10E4B000FFFFFFFFFFFFFFFFFFFFFFFFFFFFFFFF6C
:10E4C000FFFFFFFFFFFFFFFFFFFFFFFFFFFFFFFF5C
:10E4D000FFFFFFFFFFFFFFFFFFFFFFFFFFFFFFFF4C
:10E4E000FFFFFFFFFFFFFFFFFFFFFFFFFFFFFFFF3C
:10E4F000FFFFFFFFFFFFFFFFFFFFFFFFFFFFFFFF2C
:10E50000FFFFFFFFFFFFFFFFFFFFFFFFFFFFFFFF1B
:10E51000FFFFFFFFFFFFFFFFFFFFFFFFFFFFFFFF0B
:10E52000FFFFFFFFFFFFFFFFFFFFFFFFFFFFFFFFFB
:10E53000FFFFFFFFFFFFFFFFFFFFFFFFFFFFFFFFEB
:10E54000FFFFFFFFFFFFFFFFFFFFFFFFFFFFFFFFDB
:10E55000FFFFFFFFFFFFFFFFFFFFFFFFFFFFFFFFCB
:10E56000FFFFFFFFFFFFFFFFFFFFFFFFFFFFFFFFBB
:10E57000FFFFFFFFFFFFFFFFFFFFFFFFFFFFFFFFAB
:10E58000FFFFFFFFFFFFFFFFFFFFFFFFFFFFFFFF9B
:10E59000FFFFFFFFFFFFFFFFFFFFFFFFFFFFFFFF8B
:10E5A000FFFFFFFFFFFFFFFFFFFFFFFFFFFFFFFF7B
:10E5B000FFFFFFFFFFFFFFFFFFFFFFFFFFFFFFFF6B
:10E5C000FFFFFFFFFFFFFFFFFFFFFFFFFFFFFFFF5B
:10E5D000FFFFFFFFFFFFFFFFFFFFFFFFFFFFFFFF4B
:10E5E000FFFFFFFFFFFFFFFFFFFFFFFFFFFFFFFF3B
:10E5F000FFFFFFFFFFFFFFFFFFFFFFFFFFFFFFFF2B
:10E60000FFFFFFFFFFFFFFFFFFFFFFFFFFFFFFFF1A
:10E61000FFFFFFFFFFFFFFFFFFFFFFFFFFFFFFFF0A
:10E62000FFFFFFFFFFFFFFFFFFFFFFFFFFFFFFFFFA
:10E63000FFFFFFFFFFFFFFFFFFFFFFFFFFFFFFFFEA
:10E64000FFFFFFFFFFFFFFFFFFFFFFFFFFFFFFFFDA
:10E65000FFFFFFFFFFFFFFFFFFFFFFFFFFFFFFFFCA
:10E66000FFFFFFFFFFFFFFFFFFFFFFFFFFFFFFFFBA
:10E67000FFFFFFFFFFFFFFFFFFFFFFFFFFFFFFFFAA
:10E68000FFFFFFFFFFFFFFFFFFFFFFFFFFFFFFFF9A
:10E69000FFFFFFFFFFFFFFFFFFFFFFFFFFFFFFFF8A
:10E6A000FFFFFFFFFFFFFFFFFFFFFFFFFFFFFFFF7A
:10E6B000FFFFFFFFFFFFFFFFFFFFFFFFFFFFFFFF6A
:10E6C000FFFFFFFFFFFFFFFFFFFFFFFFFFFFFFFF5A
:10E6D000FFFFFFFFFFFFFFFFFFFFFFFFFFFFFFFF4A
:10E6E000FFFFFFFFFFFFFFFFFFFFFFFFFFFFFFFF3A
:10E6F000FFFFFFFFFFFFFFFFFFFFFFFFFFFFFFFF2A
:10E70000FFFFFFFFFFFFFFFFFFFFFFFFFFFFFFFF19
:10E71000FFFFFFFFFFFFFFFFFFFFFFFFFFFFFFFF09
:10E72000FFFFFFFFFFFFFFFFFFFFFFFFFFFFFFFFF9
:10E73000FFFFFFFFFFFFFFFFFFFFFFFFFFFFFFFFE9
:10E74000FFFFFFFFFFFFFFFFFFFFFFFFFFFFFFFFD9
:10E75000FFFFFFFFFFFFFFFFFFFFFFFFFFFFFFFFC9
:10E76000FFFFFFFFFFFFFFFFFFFFFFFFFFFFFFFFB9
:10E77000FFFFFFFFFFFFFFFFFFFFFFFFFFFFFFFFA9
:10E78000FFFFFFFFFFFFFFFFFFFFFFFFFFFFFFFF99
:10E79000FFFFFFFFFFFFFFFFFFFFFFFFFFFFFFFF89
:10E7A000FFFFFFFFFFFFFFFFFFFFFFFFFFFFFFFF79
:10E7B000FFFFFFFFFFFFFFFFFFFFFFFFFFFFFFFF69
:10E7C000FFFFFFFFFFFFFFFFFFFFFFFFFFFFFFFF59
:10E7D000FFFFFFFFFFFFFFFFFFFFFFFFFFFFFFFF49
:10E7E000FFFFFFFFFFFFFFFFFFFFFFFFFFFFFFFF39
:10E7F000FFFFFFFFFFFFFFFFFFFFFFFFFFFFFFFF29
:10E80000FFFFFFFFFFFFFFFFFFFFFFFFFFFFFFFF18
:10E81000FFFFFFFFFFFFFFFFFFFFFFFFFFFFFFFF08
:10E82000FFFFFFFFFFFFFFFFFFFFFFFFFFFFFFFFF8
:10E83000FFFFFFFFFFFFFFFFFFFFFFFFFFFFFFFFE8
:10E84000FFFFFFFFFFFFFFFFFFFFFFFFFFFFFFFFD8
:10E85000FFFFFFFFFFFFFFFFFFFFFFFFFFFFFFFFC8
:10E86000FFFFFFFFFFFFFFFFFFFFFFFFFFFFFFFFB8
:10E87000FFFFFFFFFFFFFFFFFFFFFFFFFFFFFFFFA8
:10E88000FFFFFFFFFFFFFFFFFFFFFFFFFFFFFFFF98
:10E89000FFFFFFFFFFFFFFFFFFFFFFFFFFFFFFFF88
:10E8A000FFFFFFFFFFFFFFFFFFFFFFFFFFFFFFFF78
:10E8B000FFFFFFFFFFFFFFFFFFFFFFFFFFFFFFFF68
:10E8C000FFFFFFFFFFFFFFFFFFFFFFFFFFFFFFFF58
:10E8D000FFFFFFFFFFFFFFFFFFFFFFFFFFFFFFFF48
:10E8E000FFFFFFFFFFFFFFFFFFFFFFFFFFFFFFFF38
:10E8F000FFFFFFFFFFFFFFFFFFFFFFFFFFFFFFFF28
:10E90000FFFFFFFFFFFFFFFFFFFFFFFFFFFFFFFF17
:10E91000FFFFFFFFFFFFFFFFFFFFFFFFFFFFFFFF07
:10E92000FFFFFFFFFFFFFFFFFFFFFFFFFFFFFFFFF7
:10E93000FFFFFFFFFFFFFFFFFFFFFFFFFFFFFFFFE7
:10E94000FFFFFFFFFFFFFFFFFFFFFFFFFFFFFFFFD7
:10E95000FFFFFFFFFFFFFFFFFFFFFFFFFFFFFFFFC7
:10E96000FFFFFFFFFFFFFFFFFFFFFFFFFFFFFFFFB7
:10E97000FFFFFFFFFFFFFFFFFFFFFFFFFFFFFFFFA7
:10E98000FFFFFFFFFFFFFFFFFFFFFFFFFFFFFFFF97
:10E99000FFFFFFFFFFFFFFFFFFFFFFFFFFFFFFFF87
:10E9A000FFFFFFFFFFFFFFFFFFFFFFFFFFFFFFFF77
:10E9B000FFFFFFFFFFFFFFFFFFFFFFFFFFFFFFFF67
:10E9C000FFFFFFFFFFFFFFFFFFFFFFFFFFFFFFFF57
:10E9D000FFFFFFFFFFFFFFFFFFFFFFFFFFFFFFFF47
:10E9E000FFFFFFFFFFFFFFFFFFFFFFFFFFFFFFFF37
:10E9F000FFFFFFFFFFFFFFFFFFFFFFFFFFFFFFFF27
:10EA0000FFFFFFFFFFFFFFFFFFFFFFFFFFFFFFFF16
:10EA1000FFFFFFFFFFFFFFFFFFFFFFFFFFFFFFFF06
:10EA2000FFFFFFFFFFFFFFFFFFFFFFFFFFFFFFFFF6
:10EA3000FFFFFFFFFFFFFFFFFFFFFFFFFFFFFFFFE6
:10EA4000FFFFFFFFFFFFFFFFFFFFFFFFFFFFFFFFD6
:10EA5000FFFFFFFFFFFFFFFFFFFFFFFFFFFFFFFFC6
:10EA6000FFFFFFFFFFFFFFFFFFFFFFFFFFFFFFFFB6
:10EA7000FFFFFFFFFFFFFFFFFFFFFFFFFFFFFFFFA6
:10EA8000FFFFFFFFFFFFFFFFFFFFFFFFFFFFFFFF96
:10EA9000FFFFFFFFFFFFFFFFFFFFFFFFFFFFFFFF86
:10EAA000FFFFFFFFFFFFFFFFFFFFFFFFFFFFFFFF76
:10EAB000FFFFFFFFFFFFFFFFFFFFFFFFFFFFFFFF66
:10EAC000FFFFFFFFFFFFFFFFFFFFFFFFFFFFFFFF56
:10EAD000FFFFFFFFFFFFFFFFFFFFFFFFFFFFFFFF46
:10EAE000FFFFFFFFFFFFFFFFFFFFFFFFFFFFFFFF36
:10EAF000FFFFFFFFFFFFFFFFFFFFFFFFFFFFFFFF26
:10EB0000FFFFFFFFFFFFFFFFFFFFFFFFFFFFFFFF15
:10EB1000FFFFFFFFFFFFFFFFFFFFFFFFFFFFFFFF05
:10EB2000FFFFFFFFFFFFFFFFFFFFFFFFFFFFFFFFF5
:10EB3000FFFFFFFFFFFFFFFFFFFFFFFFFFFFFFFFE5
:10EB4000FFFFFFFFFFFFFFFFFFFFFFFFFFFFFFFFD5
:10EB5000FFFFFFFFFFFFFFFFFFFFFFFFFFFFFFFFC5
:10EB6000FFFFFFFFFFFFFFFFFFFFFFFFFFFFFFFFB5
:10EB7000FFFFFFFFFFFFFFFFFFFFFFFFFFFFFFFFA5
:10EB8000FFFFFFFFFFFFFFFFFFFFFFFFFFFFFFFF95
:10EB9000FFFFFFFFFFFFFFFFFFFFFFFFFFFFFFFF85
:10EBA000FFFFFFFFFFFFFFFFFFFFFFFFFFFFFFFF75
:10EBB000FFFFFFFFFFFFFFFFFFFFFFFFFFFFFFFF65
:10EBC000FFFFFFFFFFFFFFFFFFFFFFFFFFFFFFFF55
:10EBD000FFFFFFFFFFFFFFFFFFFFFFFFFFFFFFFF45
:10EBE000FFFFFFFFFFFFFFFFFFFFFFFFFFFFFFFF35
:10EBF000FFFFFFFFFFFFFFFFFFFFFFFFFFFFFFFF25
:10EC0000FFFFFFFFFFFFFFFFFFFFFFFFFFFFFFFF14
:10EC1000FFFFFFFFFFFFFFFFFFFFFFFFFFFFFFFF04
:10EC2000FFFFFFFFFFFFFFFFFFFFFFFFFFFFFFFFF4
:10EC3000FFFFFFFFFFFFFFFFFFFFFFFFFFFFFFFFE4
:10EC4000FFFFFFFFFFFFFFFFFFFFFFFFFFFFFFFFD4
:10EC5000FFFFFFFFFFFFFFFFFFFFFFFFFFFFFFFFC4
:10EC6000FFFFFFFFFFFFFFFFFFFFFFFFFFFFFFFFB4
:10EC7000FFFFFFFFFFFFFFFFFFFFFFFFFFFFFFFFA4
:10EC8000FFFFFFFFFFFFFFFFFFFFFFFFFFFFFFFF94
:10EC9000FFFFFFFFFFFFFFFFFFFFFFFFFFFFFFFF84
:10ECA000FFFFFFFFFFFFFFFFFFFFFFFFFFFFFFFF74
:10ECB000FFFFFFFFFFFFFFFFFFFFFFFFFFFFFFFF64
:10ECC000FFFFFFFFFFFFFFFFFFFFFFFFFFFFFFFF54
:10ECD000FFFFFFFFFFFFFFFFFFFFFFFFFFFFFFFF44
:10ECE000FFFFFFFFFFFFFFFFFFFFFFFFFFFFFFFF34
:10ECF000FFFFFFFFFFFFFFFFFFFFFFFFFFFFFFFF24
:10ED0000FFFFFFFFFFFFFFFFFFFFFFFFFFFFFFFF13
:10ED1000FFFFFFFFFFFFFFFFFFFFFFFFFFFFFFFF03
:10ED2000FFFFFFFFFFFFFFFFFFFFFFFFFFFFFFFFF3
:10ED3000FFFFFFFFFFFFFFFFFFFFFFFFFFFFFFFFE3
:10ED4000FFFFFFFFFFFFFFFFFFFFFFFFFFFFFFFFD3
:10ED5000FFFFFFFFFFFFFFFFFFFFFFFFFFFFFFFFC3
:10ED6000FFFFFFFFFFFFFFFFFFFFFFFFFFFFFFFFB3
:10ED7000FFFFFFFFFFFFFFFFFFFFFFFFFFFFFFFFA3
:10ED8000FFFFFFFFFFFFFFFFFFFFFFFFFFFFFFFF93
:10ED9000FFFFFFFFFFFFFFFFFFFFFFFFFFFFFFFF83
:10EDA000FFFFFFFFFFFFFFFFFFFFFFFFFFFFFFFF73
:10EDB000FFFFFFFFFFFFFFFFFFFFFFFFFFFFFFFF63
:10EDC000FFFFFFFFFFFFFFFFFFFFFFFFFFFFFFFF53
:10EDD000FFFFFFFFFFFFFFFFFFFFFFFFFFFFFFFF43
:10EDE000FFFFFFFFFFFFFFFFFFFFFFFFFFFFFFFF33
:10EDF000FFFFFFFFFFFFFFFFFFFFFFFFFFFFFFFF23
:10EE0000FFFFFFFFFFFFFFFFFFFFFFFFFFFFFFFF12
:10EE1000FFFFFFFFFFFFFFFFFFFFFFFFFFFFFFFF02
:10EE2000FFFFFFFFFFFFFFFFFFFFFFFFFFFFFFFFF2
:10EE3000FFFFFFFFFFFFFFFFFFFFFFFFFFFFFFFFE2
:10EE4000FFFFFFFFFFFFFFFFFFFFFFFFFFFFFFFFD2
:10EE5000FFFFFFFFFFFFFFFFFFFFFFFFFFFFFFFFC2
:10EE6000FFFFFFFFFFFFFFFFFFFFFFFFFFFFFFFFB2
:10EE7000FFFFFFFFFFFFFFFFFFFFFFFFFFFFFFFFA2
:10EE8000FFFFFFFFFFFFFFFFFFFFFFFFFFFFFFFF92
:10EE9000FFFFFFFFFFFFFFFFFFFFFFFFFFFFFFFF82
:10EEA000FFFFFFFFFFFFFFFFFFFFFFFFFFFFFFFF72
:10EEB000FFFFFFFFFFFFFFFFFFFFFFFFFFFFFFFF62
:10EEC000FFFFFFFFFFFFFFFFFFFFFFFFFFFFFFFF52
:10EED000FFFFFFFFFFFFFFFFFFFFFFFFFFFFFFFF42
:10EEE000FFFFFFFFFFFFFFFFFFFFFFFFFFFFFFFF32
:10EEF000FFFFFFFFFFFFFFFFFFFFFFFFFFFFFFFF22
:10EF0000FFFFFFFFFFFFFFFFFFFFFFFFFFFFFFFF11
:10EF1000FFFFFFFFFFFFFFFFFFFFFFFFFFFFFFFF01
:10EF2000FFFFFFFFFFFFFFFFFFFFFFFFFFFFFFFFF1
:10EF3000FFFFFFFFFFFFFFFFFFFFFFFFFFFFFFFFE1
:10EF4000FFFFFFFFFFFFFFFFFFFFFFFFFFFFFFFFD1
:10EF5000FFFFFFFFFFFFFFFFFFFFFFFFFFFFFFFFC1
:10EF6000FFFFFFFFFFFFFFFFFFFFFFFFFFFFFFFFB1
:10EF7000FFFFFFFFFFFFFFFFFFFFFFFFFFFFFFFFA1
:10EF8000FFFFFFFFFFFFFFFFFFFFFFFFFFFFFFFF91
:10EF9000FFFFFFFFFFFFFFFFFFFFFFFFFFFFFFFF81
:10EFA000FFFFFFFFFFFFFFFFFFFFFFFFFFFFFFFF71
:10EFB000FFFFFFFFFFFFFFFFFFFFFFFFFFFFFFFF61
:10EFC000FFFFFFFFFFFFFFFFFFFFFFFFFFFFFFFF51
:10EFD000FFFFFFFFFFFFFFFFFFFFFFFFFFFFFFFF41
:10EFE000FFFFFFFFFFFFFFFFFFFFFFFFFFFFFFFF31
:10EFF000FFFFFFFFFFFFFFFFFFFFFFFFFFFFFFFF21
:10F00000FFFFFFFFFFFFFFFFFFFFFFFFFFFFFFFF10
:10F01000FFFFFFFFFFFFFFFFFFFFFFFFFFFFFFFF00
:10F02000FFFFFFFFFFFFFFFFFFFFFFFFFFFFFFFFF0
:10F03000FFFFFFFFFFFFFFFFFFFFFFFFFFFFFFFFE0
:10F04000FFFFFFFFFFFFFFFFFFFFFFFFFFFFFFFFD0
:10F05000FFFFFFFFFFFFFFFFFFFFFFFFFFFFFFFFC0
:10F06000FFFFFFFFFFFFFFFFFFFFFFFFFFFFFFFFB0
:10F07000FFFFFFFFFFFFFFFFFFFFFFFFFFFFFFFFA0
:10F08000FFFFFFFFFFFFFFFFFFFFFFFFFFFFFFFF90
:10F09000FFFFFFFFFFFFFFFFFFFFFFFFFFFFFFFF80
:10F0A000FFFFFFFFFFFFFFFFFFFFFFFFFFFFFFFF70
:10F0B000FFFFFFFFFFFFFFFFFFFFFFFFFFFFFFFF60
:10F0C000FFFFFFFFFFFFFFFFFFFFFFFFFFFFFFFF50
:10F0D000FFFFFFFFFFFFFFFFFFFFFFFFFFFFFFFF40
:10F0E000FFFFFFFFFFFFFFFFFFFFFFFFFFFFFFFF30
:10F0F000FFFFFFFFFFFFFFFFFFFFFFFFFFFFFFFF20
:10F10000FFFFFFFFFFFFFFFFFFFFFFFFFFFFFFFF0F
:10F11000FFFFFFFFFFFFFFFFFFFFFFFFFFFFFFFFFF
:10F12000FFFFFFFFFFFFFFFFFFFFFFFFFFFFFFFFEF
:10F13000FFFFFFFFFFFFFFFFFFFFFFFFFFFFFFFFDF
:10F14000FFFFFFFFFFFFFFFFFFFFFFFFFFFFFFFFCF
:10F15000FFFFFFFFFFFFFFFFFFFFFFFFFFFFFFFFBF
:10F16000FFFFFFFFFFFFFFFFFFFFFFFFFFFFFFFFAF
:10F17000FFFFFFFFFFFFFFFFFFFFFFFFFFFFFFFF9F
:10F18000FFFFFFFFFFFFFFFFFFFFFFFFFFFFFFFF8F
:10F19000FFFFFFFFFFFFFFFFFFFFFFFFFFFFFFFF7F
:10F1A000FFFFFFFFFFFFFFFFFFFFFFFFFFFFFFFF6F
:10F1B000FFFFFFFFFFFFFFFFFFFFFFFFFFFFFFFF5F
:10F1C000FFFFFFFFFFFFFFFFFFFFFFFFFFFFFFFF4F
:10F1D000FFFFFFFFFFFFFFFFFFFFFFFFFFFFFFFF3F
:10F1E000FFFFFFFFFFFFFFFFFFFFFFFFFFFFFFFF2F
:10F1F000FFFFFFFFFFFFFFFFFFFFFFFFFFFFFFFF1F
:10F20000FFFFFFFFFFFFFFFFFFFFFFFFFFFFFFFF0E
:10F21000FFFFFFFFFFFFFFFFFFFFFFFFFFFFFFFFFE
:10F22000FFFFFFFFFFFFFFFFFFFFFFFFFFFFFFFFEE
:10F23000FFFFFFFFFFFFFFFFFFFFFFFFFFFFFFFFDE
:10F24000FFFFFFFFFFFFFFFFFFFFFFFFFFFFFFFFCE
:10F25000FFFFFFFFFFFFFFFFFFFFFFFFFFFFFFFFBE
:10F26000FFFFFFFFFFFFFFFFFFFFFFFFFFFFFFFFAE
:10F27000FFFFFFFFFFFFFFFFFFFFFFFFFFFFFFFF9E
:10F28000FFFFFFFFFFFFFFFFFFFFFFFFFFFFFFFF8E
:10F29000FFFFFFFFFFFFFFFFFFFFFFFFFFFFFFFF7E
:10F2A000FFFFFFFFFFFFFFFFFFFFFFFFFFFFFFFF6E
:10F2B000FFFFFFFFFFFFFFFFFFFFFFFFFFFFFFFF5E
:10F2C000FFFFFFFFFFFFFFFFFFFFFFFFFFFFFFFF4E
:10F2D000FFFFFFFFFFFFFFFFFFFFFFFFFFFFFFFF3E
:10F2E000FFFFFFFFFFFFFFFFFFFFFFFFFFFFFFFF2E
:10F2F000FFFFFFFFFFFFFFFFFFFFFFFFFFFFFFFF1E
:10F30000FFFFFFFFFFFFFFFFFFFFFFFFFFFFFFFF0D
:10F31000FFFFFFFFFFFFFFFFFFFFFFFFFFFFFFFFFD
:10F32000FFFFFFFFFFFFFFFFFFFFFFFFFFFFFFFFED
:10F33000FFFFFFFFFFFFFFFFFFFFFFFFFFFFFFFFDD
:10F34000FFFFFFFFFFFFFFFFFFFFFFFFFFFFFFFFCD
:10F35000FFFFFFFFFFFFFFFFFFFFFFFFFFFFFFFFBD
:10F36000FFFFFFFFFFFFFFFFFFFFFFFFFFFFFFFFAD
:10F37000FFFFFFFFFFFFFFFFFFFFFFFFFFFFFFFF9D
:10F38000FFFFFFFFFFFFFFFFFFFFFFFFFFFFFFFF8D
:10F39000FFFFFFFFFFFFFFFFFFFFFFFFFFFFFFFF7D
:10F3A000FFFFFFFFFFFFFFFFFFFFFFFFFFFFFFFF6D
:10F3B000FFFFFFFFFFFFFFFFFFFFFFFFFFFFFFFF5D
:10F3C000FFFFFFFFFFFFFFFFFFFFFFFFFFFFFFFF4D
:10F3D000FFFFFFFFFFFFFFFFFFFFFFFFFFFFFFFF3D
:10F3E000FFFFFFFFFFFFFFFFFFFFFFFFFFFFFFFF2D
:10F3F000FFFFFFFFFFFFFFFFFFFFFFFFFFFFFFFF1D
:10F40000FFFFFFFFFFFFFFFFFFFFFFFFFFFFFFFF0C
:10F41000FFFFFFFFFFFFFFFFFFFFFFFFFFFFFFFFFC
:10F42000FFFFFFFFFFFFFFFFFFFFFFFFFFFFFFFFEC
:10F43000FFFFFFFFFFFFFFFFFFFFFFFFFFFFFFFFDC
:10F44000FFFFFFFFFFFFFFFFFFFFFFFFFFFFFFFFCC
:10F45000FFFFFFFFFFFFFFFFFFFFFFFFFFFFFFFFBC
:10F46000FFFFFFFFFFFFFFFFFFFFFFFFFFFFFFFFAC
:10F47000FFFFFFFFFFFFFFFFFFFFFFFFFFFFFFFF9C
:10F48000FFFFFFFFFFFFFFFFFFFFFFFFFFFFFFFF8C
:10F49000FFFFFFFFFFFFFFFFFFFFFFFFFFFFFFFF7C
:10F4A000FFFFFFFFFFFFFFFFFFFFFFFFFFFFFFFF6C
:10F4B000FFFFFFFFFFFFFFFFFFFFFFFFFFFFFFFF5C
:10F4C000FFFFFFFFFFFFFFFFFFFFFFFFFFFFFFFF4C
:10F4D000FFFFFFFFFFFFFFFFFFFFFFFFFFFFFFFF3C
:10F4E000FFFFFFFFFFFFFFFFFFFFFFFFFFFFFFFF2C
:10F4F000FFFFFFFFFFFFFFFFFFFFFFFFFFFFFFFF1C
:10F50000FFFFFFFFFFFFFFFFFFFFFFFFFFFFFFFF0B
:10F51000FFFFFFFFFFFFFFFFFFFFFFFFFFFFFFFFFB
:10F52000FFFFFFFFFFFFFFFFFFFFFFFFFFFFFFFFEB
:10F53000FFFFFFFFFFFFFFFFFFFFFFFFFFFFFFFFDB
:10F54000FFFFFFFFFFFFFFFFFFFFFFFFFFFFFFFFCB
:10F55000FFFFFFFFFFFFFFFFFFFFFFFFFFFFFFFFBB
:10F56000FFFFFFFFFFFFFFFFFFFFFFFFFFFFFFFFAB
:10F57000FFFFFFFFFFFFFFFFFFFFFFFFFFFFFFFF9B
:10F58000FFFFFFFFFFFFFFFFFFFFFFFFFFFFFFFF8B
:10F59000FFFFFFFFFFFFFFFFFFFFFFFFFFFFFFFF7B
:10F5A000FFFFFFFFFFFFFFFFFFFFFFFFFFFFFFFF6B
:10F5B000FFFFFFFFFFFFFFFFFFFFFFFFFFFFFFFF5B
:10F5C000FFFFFFFFFFFFFFFFFFFFFFFFFFFFFFFF4B
:10F5D000FFFFFFFFFFFFFFFFFFFFFFFFFFFFFFFF3B
:10F5E000FFFFFFFFFFFFFFFFFFFFFFFFFFFFFFFF2B
:10F5F000FFFFFFFFFFFFFFFFFFFFFFFFFFFFFFFF1B
:10F60000FFFFFFFFFFFFFFFFFFFFFFFFFFFFFFFF0A
:10F61000FFFFFFFFFFFFFFFFFFFFFFFFFFFFFFFFFA
:10F62000FFFFFFFFFFFFFFFFFFFFFFFFFFFFFFFFEA
:10F63000FFFFFFFFFFFFFFFFFFFFFFFFFFFFFFFFDA
:10F64000FFFFFFFFFFFFFFFFFFFFFFFFFFFFFFFFCA
:10F65000FFFFFFFFFFFFFFFFFFFFFFFFFFFFFFFFBA
:10F66000FFFFFFFFFFFFFFFFFFFFFFFFFFFFFFFFAA
:10F67000FFFFFFFFFFFFFFFFFFFFFFFFFFFFFFFF9A
:10F68000FFFFFFFFFFFFFFFFFFFFFFFFFFFFFFFF8A
:10F69000FFFFFFFFFFFFFFFFFFFFFFFFFFFFFFFF7A
:10F6A000FFFFFFFFFFFFFFFFFFFFFFFFFFFFFFFF6A
:10F6B000FFFFFFFFFFFFFFFFFFFFFFFFFFFFFFFF5A
:10F6C000FFFFFFFFFFFFFFFFFFFFFFFFFFFFFFFF4A
:10F6D000FFFFFFFFFFFFFFFFFFFFFFFFFFFFFFFF3A
:10F6E000FFFFFFFFFFFFFFFFFFFFFFFFFFFFFFFF2A
:10F6F000FFFFFFFFFFFFFFFFFFFFFFFFFFFFFFFF1A
:10F70000FFFFFFFFFFFFFFFFFFFFFFFFFFFFFFFF09
:10F71000FFFFFFFFFFFFFFFFFFFFFFFFFFFFFFFFF9
:10F72000FFFFFFFFFFFFFFFFFFFFFFFFFFFFFFFFE9
:10F73000FFFFFFFFFFFFFFFFFFFFFFFFFFFFFFFFD9
:10F74000FFFFFFFFFFFFFFFFFFFFFFFFFFFFFFFFC9
:10F75000FFFFFFFFFFFFFFFFFFFFFFFFFFFFFFFFB9
:10F76000FFFFFFFFFFFFFFFFFFFFFFFFFFFFFFFFA9
:10F77000FFFFFFFFFFFFFFFFFFFFFFFFFFFFFFFF99
:10F78000FFFFFFFFFFFFFFFFFFFFFFFFFFFFFFFF89
:10F79000FFFFFFFFFFFFFFFFFFFFFFFFFFFFFFFF79
:10F7A000FFFFFFFFFFFFFFFFFFFFFFFFFFFFFFFF69
:10F7B000FFFFFFFFFFFFFFFFFFFFFFFFFFFFFFFF59
:10F7C000FFFFFFFFFFFFFFFFFFFFFFFFFFFFFFFF49
:10F7D000FFFFFFFFFFFFFFFFFFFFFFFFFFFFFFFF39
:10F7E000FFFFFFFFFFFFFFFFFFFFFFFFFFFFFFFF29
:10F7F000FFFFFFFFFFFFFFFFFFFFFFFFFFFFFFFF19
:10F80000FFFFFFFFFFFFFFFFFFFFFFFFFFFFFFFF08
:10F81000FFFFFFFFFFFFFFFFFFFFFFFFFFFFFFFFF8
:10F82000FFFFFFFFFFFFFFFFFFFFFFFFFFFFFFFFE8
:10F83000FFFFFFFFFFFFFFFFFFFFFFFFFFFFFFFFD8
:10F84000FFFFFFFFFFFFFFFFFFFFFFFFFFFFFFFFC8
:10F85000FFFFFFFFFFFFFFFFFFFFFFFFFFFFFFFFB8
:10F86000FFFFFFFFFFFFFFFFFFFFFFFFFFFFFFFFA8
:10F87000FFFFFFFFFFFFFFFFFFFFFFFFFFFFFFFF98
:10F88000FFFFFFFFFFFFFFFFFFFFFFFFFFFFFFFF88
:10F89000FFFFFFFFFFFFFFFFFFFFFFFFFFFFFFFF78
:10F8A000FFFFFFFFFFFFFFFFFFFFFFFFFFFFFFFF68
:10F8B000FFFFFFFFFFFFFFFFFFFFFFFFFFFFFFFF58
:10F8C000FFFFFFFFFFFFFFFFFFFFFFFFFFFFFFFF48
:10F8D000FFFFFFFFFFFFFFFFFFFFFFFFFFFFFFFF38
:10F8E000FFFFFFFFFFFFFFFFFFFFFFFFFFFFFFFF28
:10F8F000FFFFFFFFFFFFFFFFFFFFFFFFFFFFFFFF18
:10F90000FFFFFFFFFFFFFFFFFFFFFFFFFFFFFFFF07
:10F91000FFFFFFFFFFFFFFFFFFFFFFFFFFFFFFFFF7
:10F92000FFFFFFFFFFFFFFFFFFFFFFFFFFFFFFFFE7
:10F93000FFFFFFFFFFFFFFFFFFFFFFFFFFFFFFFFD7
:10F94000FFFFFFFFFFFFFFFFFFFFFFFFFFFFFFFFC7
:10F95000FFFFFFFFFFFFFFFFFFFFFFFFFFFFFFFFB7
:10F96000FFFFFFFFFFFFFFFFFFFFFFFFFFFFFFFFA7
:10F97000FFFFFFFFFFFFFFFFFFFFFFFFFFFFFFFF97
:10F98000FFFFFFFFFFFFFFFFFFFFFFFFFFFFFFFF87
:10F99000FFFFFFFFFFFFFFFFFFFFFFFFFFFFFFFF77
:10F9A000FFFFFFFFFFFFFFFFFFFFFFFFFFFFFFFF67
:10F9B000FFFFFFFFFFFFFFFFFFFFFFFFFFFFFFFF57
:10F9C000FFFFFFFFFFFFFFFFFFFFFFFFFFFFFFFF47
:10F9D000FFFFFFFFFFFFFFFFFFFFFFFFFFFFFFFF37
:10F9E000FFFFFFFFFFFFFFFFFFFFFFFFFFFFFFFF27
:10F9F000FFFFFFFFFFFFFFFFFFFFFFFFFFFFFFFF17
:10FA0000FFFFFFFFFFFFFFFFFFFFFFFFFFFFFFFF06
:10FA1000FFFFFFFFFFFFFFFFFFFFFFFFFFFFFFFFF6
:10FA2000FFFFFFFFFFFFFFFFFFFFFFFFFFFFFFFFE6
:10FA3000FFFFFFFFFFFFFFFFFFFFFFFFFFFFFFFFD6
:10FA4000FFFFFFFFFFFFFFFFFFFFFFFFFFFFFFFFC6
:10FA5000FFFFFFFFFFFFFFFFFFFFFFFFFFFFFFFFB6
:10FA6000FFFFFFFFFFFFFFFFFFFFFFFFFFFFFFFFA6
:10FA7000FFFFFFFFFFFFFFFFFFFFFFFFFFFFFFFF96
:10FA8000FFFFFFFFFFFFFFFFFFFFFFFFFFFFFFFF86
:10FA9000FFFFFFFFFFFFFFFFFFFFFFFFFFFFFFFF76
:10FAA000FFFFFFFFFFFFFFFFFFFFFFFFFFFFFFFF66
:10FAB000FFFFFFFFFFFFFFFFFFFFFFFFFFFFFFFF56
:10FAC000FFFFFFFFFFFFFFFFFFFFFFFFFFFFFFFF46
:10FAD000FFFFFFFFFFFFFFFFFFFFFFFFFFFFFFFF36
:10FAE000FFFFFFFFFFFFFFFFFFFFFFFFFFFFFFFF26
:10FAF000FFFFFFFFFFFFFFFFFFFFFFFFFFFFFFFF16
:10FB0000FFFFFFFFFFFFFFFFFFFFFFFFFFFFFFFF05
:10FB1000FFFFFFFFFFFFFFFFFFFFFFFFFFFFFFFFF5
:10FB2000FFFFFFFFFFFFFFFFFFFFFFFFFFFFFFFFE5
:10FB3000FFFFFFFFFFFFFFFFFFFFFFFFFFFFFFFFD5
:10FB4000FFFFFFFFFFFFFFFFFFFFFFFFFFFFFFFFC5
:10FB5000FFFFFFFFFFFFFFFFFFFFFFFFFFFFFFFFB5
:10FB6000FFFFFFFFFFFFFFFFFFFFFFFFFFFFFFFFA5
:10FB7000FFFFFFFFFFFFFFFFFFFFFFFFFFFFFFFF95
:10FB8000FFFFFFFFFFFFFFFFFFFFFFFFFFFFFFFF85
:10FB9000FFFFFFFFFFFFFFFFFFFFFFFFFFFFFFFF75
:10FBA000FFFFFFFFFFFFFFFFFFFFFFFFFFFFFFFF65
:10FBB000FFFFFFFFFFFFFFFFFFFFFFFFFFFFFFFF55
:10FBC000FFFFFFFFFFFFFFFFFFFFFFFFFFFFFFFF45
:10FBD000FFFFFFFFFFFFFFFFFFFFFFFFFFFFFFFF35
:10FBE000FFFFFFFFFFFFFFFFFFFFFFFFFFFFFFFF25
:10FBF000FFFFFFFFFFFFFFFFFFFFFFFFFFFFFFFF15
:10FC0000FFFFFFFFFFFFFFFFFFFFFFFFFFFFFFFF04
:10FC1000FFFFFFFFFFFFFFFFFFFFFFFFFFFFFFFFF4
:10FC2000FFFFFFFFFFFFFFFFFFFFFFFFFFFFFFFFE4
:10FC3000FFFFFFFFFFFFFFFFFFFFFFFFFFFFFFFFD4
:10FC4000FFFFFFFFFFFFFFFFFFFFFFFFFFFFFFFFC4
:10FC5000FFFFFFFFFFFFFFFFFFFFFFFFFFFFFFFFB4
:10FC6000FFFFFFFFFFFFFFFFFFFFFFFFFFFFFFFFA4
:10FC7000FFFFFFFFFFFFFFFFFFFFFFFFFFFFFFFF94
:10FC8000FFFFFFFFFFFFFFFFFFFFFFFFFFFFFFFF84
:10FC9000FFFFFFFFFFFFFFFFFFFFFFFFFFFFFFFF74
:10FCA000FFFFFFFFFFFFFFFFFFFFFFFFFFFFFFFF64
:10FCB000FFFFFFFFFFFFFFFFFFFFFFFFFFFFFFFF54
:10FCC000FFFFFFFFFFFFFFFFFFFFFFFFFFFFFFFF44
:10FCD000FFFFFFFFFFFFFFFFFFFFFFFFFFFFFFFF34
:10FCE000FFFFFFFFFFFFFFFFFFFFFFFFFFFFFFFF24
:10FCF000FFFFFFFFFFFFFFFFFFFFFFFFFFFFFFFF14
:10FD0000FFFFFFFFFFFFFFFFFFFFFFFFFFFFFFFF03
:10FD1000FFFFFFFFFFFFFFFFFFFFFFFFFFFFFFFFF3
:10FD2000FFFFFFFFFFFFFFFFFFFFFFFFFFFFFFFFE3
:10FD3000FFFFFFFFFFFFFFFFFFFFFFFFFFFFFFFFD3
:10FD4000FFFFFFFFFFFFFFFFFFFFFFFFFFFFFFFFC3
:10FD5000FFFFFFFFFFFFFFFFFFFFFFFFFFFFFFFFB3
:10FD6000FFFFFFFFFFFFFFFFFFFFFFFFFFFFFFFFA3
:10FD7000FFFFFFFFFFFFFFFFFFFFFFFFFFFFFFFF93
:10FD8000FFFFFFFFFFFFFFFFFFFFFFFFFFFFFFFF83
:10FD9000FFFFFFFFFFFFFFFFFFFFFFFFFFFFFFFF73
:10FDA000FFFFFFFFFFFFFFFFFFFFFFFFFFFFFFFF63
:10FDB000FFFFFFFFFFFFFFFFFFFFFFFFFFFFFFFF53
:10FDC000FFFFFFFFFFFFFFFFFFFFFFFFFFFFFFFF43
:10FDD000FFFFFFFFFFFFFFFFFFFFFFFFFFFFFFFF33
:10FDE000FFFFFFFFFFFFFFFFFFFFFFFFFFFFFFFF23
:10FDF000FFFFFFFFFFFFFFFFFFFFFFFFFFFFFFFF13
:10FE0000FFFFFFFFFFFFFFFFFFFFFFFFFFFFFFFF02
:10FE1000FFFFFFFFFFFFFFFFFFFFFFFFFFFFFFFFF2
:10FE2000FFFFFFFFFFFFFFFFFFFFFFFFFFFFFFFFE2
:10FE3000FFFFFFFFFFFFFFFFFFFFFFFFFFFFFFFFD2
:10FE4000FFFFFFFFFFFFFFFFFFFFFFFFFFFFFFFFC2
:10FE5000FFFFFFFFFFFFFFFFFFFFFFFFFFFFFFFFB2
:10FE6000FFFFFFFFFFFFFFFFFFFFFFFFFFFFFFFFA2
:10FE7000FFFFFFFFFFFFFFFFFFFFFFFFFFFFFFFF92
:10FE8000FFFFFFFFFFFFFFFFFFFFFFFFFFFFFFFF82
:10FE9000FFFFFFFFFFFFFFFFFFFFFFFFFFFFFFFF72
:10FEA000FFFFFFFFFFFFFFFFFFFFFFFFFFFFFFFF62
:10FEB000FFFFFFFFFFFFFFFFFFFFFFFFFFFFFFFF52
:10FEC000FFFFFFFFFFFFFFFFFFFFFFFFFFFFFFFF42
:10FED000FFFFFFFFFFFFFFFFFFFFFFFFFFFFFFFF32
:10FEE000FFFFFFFFFFFFFFFFFFFFFFFFFFFFFFFF22
:10FEF000FFFFFFFFFFFFFFFFFFFFFFFFFFFFFFFF12
:10FF00000004FFFFFFFFFFFF00F4FFFFFFFFFFFF05
:10FF100000E4FFFFFFFFFFFF00D4FFFFFFFFFFFF35
:10FF200000C4FFFFFFFFFFFF00B4FFFFFFFFFFFF65
:10FF300000A4FFFFFFFFFFFF0094FFFFFFFFFFFF95
:10FF40000084FFFFFFFFFFFF0074FFFFFFFFFFFFC5
:10FF500000B8FFFFFFFFFFFF00D4FFFFFFFFFFFF21
:10FF60000004FFFFFFFFFFFF00B0FFFFFFFFFFFFE9
:10FF70000080FFFFFFFFFFFF0138FFFFFFFFFFFFD4
:10FF8000FFFFFFFFFFFFFFFFFFFFFFFFFFFFFFFF81
:10FF9000FFFFFFFFFFFFFFFFFFFFFFFFFFFFFFFF71
:10FFA000FFFFFFFFFFFFFFFFFFFFFFFFFFFFFFFF61
:10FFB00000A4FFFFFFFFFFFFFFFFFFFFFFFFFFFFAB
:10FFC0000084FFFFFFFFFFFF0074FFFFFFFFFFFF45
:10FFD0000064FFFFFFFFFFFF0054FFFFFFFFFFFF75
:10FFE0000044FFFFFFFFFFFF0038FFFFFFFFFFFFA1
:10FFF000FFFFFFFFFFFFFFFFE0101F00FFFFFFFFFE
:00000001FF
